{
  "schema_version": "1.0",
  "last_updated": "2025-09-15",
  "budget_overview": {
    "total_budget": "[미확정]",
    "currency": "JPY",
    "status": "실제 지출 추적 중심, 예산은 여행 중 결정"
  },
  "confirmed_expenses": {
    "transportation": {
      "rental_car": "25,000 JPY (예약 확정: MV000561070)",
      "details": {
        "base_rate": "17,500 JPY",
        "noc_insurance": "7,500 JPY",
        "payment_method": "현지 결제"
      }
    },
    "accommodation": {
      "hilton": "667,862 KRW (정유민 결제, 조식/석식 포함)",
      "ronsard": "757,312 KRW (김은태 결제, Agoda 1645388963)",
      "apartment": "205,484 KRW (정유민 결제, Trip.com 1400820177391778)"
    },
    "flights": "855,600 KRW (정유민 결제, 진에어 왕복 2명)"
  },
  "expense_categories": {
    "dining": {
      "strategy": "외식 + 호텔주방 혼합",
      "day1": "힐튼 조식/석식 포함",
      "other_days": "[여행 중 결정]"
    },
    "activities": {
      "yabiji_tour": {
        "amount": "28,000 JPY",
        "breakdown": "14,000 JPY × 2명",
        "date": "2025-09-30",
        "payment_method": "현금 결제 (투어 후)",
        "details": "야비지 보트 투어 9:00-13:00",
        "status": "예약 확정"
      },
      "other_activities": "[여행 중 실제 지출 추적]"
    },
    "shopping": {
      "targets": [
        "유키시오 소금", "미야코 망고 제품", "흑설탕", "아와모리", "기타 기념품"
      ],
      "strategy": "면세점 + 현지 특산품"
    }
  },
  "payment_split_summary": {
    "kim_euntai": {
      "items": ["론살도 숙소", "엔화 환전", "렌터카 (현지결제)"],
      "total_paid": "2,026,414 KRW",
      "cash_available": "134,244 JPY",
      "card": "하나 트래블로그 카드"
    },
    "jeong_yumin": {
      "items": ["항공료", "힐튼 숙소", "아파트먼트 숙소"],
      "total_paid": "1,728,946 KRW"
    },
    "grand_total": {
      "total_krw_paid": "3,755,360 KRW",
      "pending_jpy_payments": "렌터카 25,000엔 + 야비지투어 28,000엔 = 53,000엔",
      "cash_coverage": "134,244엔 보유로 충분"
    }
  },
  "price_references": {
    "dining": {
      "miyako_soba": "580 JPY",
      "soki_soba": "730 JPY", 
      "soba_set": "800 JPY",
      "omakase_sashimi": "2,800 JPY",
      "loco_moco": "1,400 JPY",
      "miyako_beef": "1,800 JPY+"
    },
    "activities": {
      "snorkel_rental": "1,500 JPY/일",
      "guided_snorkel": "3,000-5,000 JPY",
      "onsen": "1,500 JPY",
      "beach_parking": "500-1,000 JPY"
    },
    "shopping": {
      "yukishio_salt": "500-1,200 JPY",
      "mango_products": "500-800 JPY",
      "brown_sugar": "600-1,000 JPY",
      "awamori": "2,000 JPY+"
    }
  }
}