{
  "schema_version": "1.0", 
  "last_updated": "2025-09-15",
  "trip_overview": {
    "duration": "4박 5일",
    "dates": "2025-09-27 ~ 2025-10-01",
    "travelers": 2,
    "theme": "로맨틱 힐링 + 액티비티 균형",
    "transport_primary": "렌터카"
  },
  "daily_schedule": {
    "day1": {
      "date": "2025-09-27",
      "day_of_week": "금요일",
      "theme": "도착 & 호텔 적응",
      "accommodation": "힐튼 미야코지마",
      "schedule": {
        "08:10": {
          "activity": "인천공항 출발",
          "location": "ICN",
          "type": "transportation",
          "flight": "LJ0357"
        },
        "10:45": {
          "activity": "시모지시마 공항 도착",
          "location": "SHI",
          "type": "transportation"
        },
        "11:30": {
          "activity": "렌터카 픽업",
          "location": "MIYACTIV렌터카 하지공항점",
          "type": "transportation",
          "status": "예약 확정",
          "reservation_number": "MV000561070"
        },
        "12:00-14:30": {
          "activity": "공항→힐튼 이동간 활동",
          "options": [
            "파이나가마 비치 해변 적응 + 점심",
            "이라부 대교 드라이브 + 평량시장"
          ],
          "type": "flexible"
        },
        "15:00": {
          "activity": "힐튼 체크인",
          "location": "힐튼 미야코지마",
          "type": "accommodation"
        },
        "16:00-18:00": {
          "activity": "호텔 시설 탐방 & 휴식",
          "location": "힐튼",
          "type": "relaxation"
        },
        "18:00": {
          "activity": "석양 전망 디너",
          "location": "힐튼 레스토랑",
          "type": "dining",
          "romantic": true
        }
      }
    },
    "day2": {
      "date": "2025-09-28",
      "day_of_week": "토요일", 
      "theme": "이라부섬 & 프라이빗 리조트",
      "accommodation": "론살드 리조트 이라부",
      "schedule": {
        "09:00": {
          "activity": "힐튼 조식",
          "location": "힐튼",
          "type": "dining"
        },
        "10:00-11:00": {
          "activity": "호텔 시설 마지막 이용",
          "location": "힐튼", 
          "type": "relaxation"
        },
        "11:00": {
          "activity": "힐튼 체크아웃",
          "location": "힐튼",
          "type": "accommodation"
        },
        "11:30-14:30": {
          "activity": "힐튼→론살도 이동간 활동",
          "options": [
            "맥스밸류 대쇼핑 + 점심",
            "동평안자키 등대 + 우에노 독일 문화촌"
          ],
          "type": "flexible"
        },
        "15:00": {
          "activity": "론살드 리조트 체크인",
          "location": "론살드 리조트",
          "type": "accommodation"
        },
        "16:00-18:00": {
          "activity": "프라이빗 수영장 & 빌라 탐방",
          "location": "론살드 리조트",
          "type": "romantic",
          "private": true
        },
        "18:00-19:30": {
          "activity": "선셋 감상",
          "location": "리조트 또는 이라부섬 해변",
          "type": "romantic"
        },
        "19:30": {
          "activity": "로맨틱 디너",
          "location": "리조트 또는 인근 레스토랑",
          "type": "dining",
          "romantic": true
        }
      }
    },
    "day3": {
      "date": "2025-09-29",
      "day_of_week": "일요일",
      "theme": "미야코지마 본섬 탐방",
      "accommodation": "아파트호텔 11",
      "schedule": {
        "09:00": {
          "activity": "리조트에서 여유로운 아침",
          "location": "론살드 리조트",
          "type": "relaxation"
        },
        "11:00": {
          "activity": "론살드 리조트 체크아웃",
          "location": "론살드 리조트",
          "type": "accommodation"
        },
        "11:30-15:30": {
          "activity": "론살도→아파트 이동간 활동 (4시간)",
          "options": [
            "요나하 마에하마 비치 + 쿠리마 대교",
            "시기라 베이 + 황금 온천"
          ],
          "type": "sightseeing",
          "highlight": "미야코지마 완전정복"
        },
        "16:00": {
          "activity": "아파트호텔 11 체크인",
          "location": "아파트호텔 11",
          "type": "accommodation"
        },
        "17:00-18:30": {
          "activity": "주변 탐방 & 장보기",
          "location": "맥스밸류 + 파이나가마 비치",
          "type": "practical"
        },
        "19:00": {
          "activity": "현지 맛집 디너",
          "location": "미야코 소바 전문점",
          "type": "dining",
          "local": true
        }
      }
    },
    "day4": {
      "date": "2025-09-30",
      "day_of_week": "월요일",
      "theme": "야비지 투어 + 여유로운 오후",
      "accommodation": "아파트호텔 11",
      "schedule": {
        "07:30": {
          "activity": "조식 + 투어 준비",
          "location": "아파트호텔",
          "type": "preparation",
          "notes": "수영복 착용, 준비물 체크"
        },
        "08:00": {
          "activity": "이나카야 사라하마 항구로 이동",
          "location": "렌터카 이용",
          "type": "transportation",
          "travel_time": "차로 약 20분"
        },
        "08:30": {
          "activity": "야비지 투어 집합",
          "location": "이나카야 사라하마 항구",
          "type": "tour_meeting"
        },
        "09:00-13:00": {
          "activity": "야비지 투어 (확정)",
          "location": "야비지 산호초 지역",
          "type": "tour_activity",
          "cost": "28,000엔",
          "includes": "보트투어 + 스노클링"
        },
        "13:30": {
          "activity": "투어 후 점심",
          "location": "이라부섬 현지 식당",
          "type": "dining",
          "notes": "체력 회복을 위한 영양식"
        },
        "15:00-17:00": {
          "activity": "여유로운 해변 휴식",
          "location": "17END 또는 사라하마 해변",
          "type": "relaxation",
          "notes": "투어 후 휴식, 의료 상황 고려"
        },
        "17:30": {
          "activity": "숙소 복귀 + 휴식",
          "location": "아파트호텔",
          "type": "rest"
        },
        "19:00": {
          "activity": "가벼운 저녁 식사",
          "location": "근처 현지 식당",
          "type": "dining",
          "notes": "체력 소모 고려한 가벼운 식사"
        }
      }
    },
    "day5": {
      "date": "2025-10-01",
      "day_of_week": "화요일",
      "theme": "마무리 & 출국",
      "schedule": {
        "08:00": {
          "activity": "조식 + 체크아웃 준비",
          "location": "아파트호텔",
          "type": "practical"
        },
        "09:30": {
          "activity": "기념품 쇼핑",
          "location": "시마노에키 미야코 또는 맥스밸류",
          "type": "shopping",
          "note": "렌터카 반납 전 마지막 쇼핑"
        },
        "10:00": {
          "activity": "아파트호텔 체크아웃",
          "location": "아파트호텔 11",
          "type": "accommodation"
        },
        "10:00": {
          "activity": "렌터카 반납",
          "location": "MIYACTIV렌터카 하지공항점",
          "type": "transportation",
          "status": "예약 확정",
          "reservation_number": "MV000561070",
          "note": "반납 후 공항 송영버스 이용"
        },
        "10:30": {
          "activity": "공항 도착 및 체크인",
          "location": "시모지시마공항",
          "type": "transportation",
          "note": "출발 75분 전 도착"
        },
        "11:45": {
          "activity": "시모지시마 공항 출발",
          "location": "SHI",
          "type": "transportation",
          "flight": "LJ0358"
        },
        "14:25": {
          "activity": "인천공항 도착",
          "location": "ICN",
          "type": "transportation"
        }
      }
    }
  },
  "confirmed_activities": {
    "yabiji_tour": {
      "status": "예약 확정",
      "confirmation_date": "2025-09-13",
      "tour_date": "2025-09-30",
      "day": "day4",
      "tour_name": "야비지 투어 (Yabiji Coral Reef Tour)",
      "meeting_details": {
        "time": "08:30",
        "location": "이나카야 사라하마 항구",
        "location_english": "Inakaya Sarahama Port",
        "address": "미야코지마시 이라부 사라하마",
        "notes": "30분 전 도착 권장"
      },
      "tour_schedule": {
        "departure": "09:00",
        "return": "13:00",
        "duration": "4시간",
        "tour_type": "보트 투어 + 스노클링"
      },
      "cost_details": {
        "price_per_person": "14,000엔",
        "total_cost": "28,000엔 (2명)",
        "payment_method": "현지 결제",
        "includes": [
          "보트 투어",
          "스노클링 장비 렌탈",
          "가이드 서비스",
          "안전 장비"
        ]
      }
    }
  }
}