{
  "version": "4.0.0",
  "lastUpdated": "2025-09-14T17:03:07.683Z",
  "totalPOIs": 102,
  "categories": {
    "beaches": "해변",
    "activities": "액티비티",
    "restaurants": "음식점",
    "culture": "문화",
    "nature": "자연",
    "shopping": "쇼핑"
  },
  "source": "rawdata_transform",
  "pois": [
    {
      "id": "yonaha-maehama-beach",
      "name": "요나하 마에하마 해변",
      "nameEn": "Yonaha Maehama Beach",
      "category": "nature",
      "description": "",
      "openHours": "24시간",
      "tips": "",
      "accessibility": {
        "wheelchair": "",
        "notes": ""
      },
      "coordinates": {
        "lat": 24.6912,
        "lng": 125.1543
      },
      "features": [
        "해변",
        "일몰 명소",
        "수영",
        "관광 명소"
      ],
      "address": "Yonaha, Shimoji, Miyakojima, Okinawa 906-0305, Japan"
    },
    {
      "id": "sunayama-beach",
      "name": "스나야마 해변",
      "nameEn": "Sunayama Beach",
      "category": "nature",
      "description": "",
      "openHours": "24시간",
      "tips": "",
      "accessibility": {
        "wheelchair": "어려움",
        "notes": "모래언덕 등반 필요"
      },
      "coordinates": {
        "lat": 24.7456,
        "lng": 125.2234
      },
      "features": [
        "해변",
        "사진 촬영 명소",
        "아치형 바위",
        "일몰"
      ],
      "address": "Hirara, Miyakojima, Okinawa 906-0000, Japan"
    },
    {
      "id": "17end-shimoji",
      "name": "17END",
      "nameEn": "17END",
      "category": "nature",
      "description": "",
      "openHours": "24시간",
      "tips": "",
      "accessibility": {
        "wheelchair": "어려움",
        "notes": "모래사장 보행"
      },
      "coordinates": {
        "lat": 24.6523,
        "lng": 125.1456
      },
      "features": [
        "해변",
        "관광 명소",
        "사진 촬영 명소",
        "공항"
      ],
      "address": "17END, Shimoji, Miyakojima, Okinawa 906-0305, Japan"
    },
    {
      "id": "imugya-marine-garden",
      "name": "이무갸 마린 가든",
      "nameEn": "Imugya Marine Garden",
      "category": "nature",
      "description": "",
      "openHours": "24시간",
      "tips": "",
      "accessibility": {
        "wheelchair": "",
        "notes": "산책로 이용 가능"
      },
      "coordinates": {
        "lat": 24.7234,
        "lng": 125.2456
      },
      "features": [
        "해변공원",
        "스노클링",
        "관광 명소",
        "만"
      ],
      "address": "Imugya, Hirara, Miyakojima, Okinawa 906-0000, Japan"
    },
    {
      "id": "higashi-hennazaki-cape",
      "name": "히가시 헨나자키 곶",
      "nameEn": "Cape Higashi-Henna",
      "category": "nature",
      "description": "",
      "openHours": "24시간",
      "tips": "",
      "accessibility": {
        "wheelchair": "",
        "notes": "산책로 이용 가능"
      },
      "coordinates": {
        "lat": 24.7789,
        "lng": 125.3234
      },
      "features": [
        "곶",
        "등대",
        "일출 명소",
        "경관 명소"
      ],
      "address": "Higashihennazaki, Hirara, Miyakojima, Okinawa 906-0000, Japan"
    },
    {
      "id": "koja-sobaya",
      "name": "코자 소바야",
      "nameEn": "Koja Sobaya",
      "category": "activities",
      "description": "",
      "openHours": "매일: 11:00-15:00",
      "tips": "",
      "accessibility": {
        "wheelchair": "",
        "notes": "공항 근처"
      },
      "coordinates": {
        "lat": 24.7234,
        "lng": 125.2678
      },
      "features": [
        "일본요리",
        "오키나와 요리",
        "소바"
      ],
      "address": "Hirara, Miyakojima, Okinawa 906-0000, Japan"
    },
    {
      "id": "kawamitsu-shokudo",
      "name": "카와미츠 식당",
      "nameEn": "Kawamitsu Shokudo",
      "category": "activities",
      "description": "",
      "openHours": "인스타그램 확인 필요",
      "tips": "",
      "accessibility": {
        "wheelchair": "",
        "notes": ""
      },
      "coordinates": {
        "lat": 24.7189,
        "lng": 125.2456
      },
      "features": [
        "미야코 소바",
        "해산물 육수",
        "로컬 식당"
      ],
      "address": "517-3 Kamiji, Miyakojima City, Okinawa Prefecture"
    },
    {
      "id": "harry-shrimp-truck",
      "name": "해리스 쉬림프 트럭",
      "nameEn": "HARRY'S Shrimp Truck",
      "category": "activities",
      "description": "",
      "openHours": "매일: 11:00-17:00 (태풍 시 휴무)",
      "tips": "",
      "accessibility": {
        "wheelchair": "",
        "notes": ""
      },
      "coordinates": {
        "lat": 24.7345,
        "lng": 125.2567
      },
      "features": [
        "푸드트럭",
        "하와이안 푸드",
        "쉬림프"
      ],
      "address": "358-1 Hirara Karimata, Miyakojima City, Okinawa Prefecture"
    },
    {
      "id": "mayuroshi-shokudo",
      "name": "마유로시 식당",
      "nameEn": "Mayuroshi Shokudo",
      "category": "activities",
      "description": "",
      "openHours": "매일: 11:00-15:00",
      "tips": "",
      "accessibility": {
        "wheelchair": "",
        "notes": ""
      },
      "coordinates": {
        "lat": 24.7189,
        "lng": 125.2456
      },
      "features": [
        "일본요리",
        "소키 소바"
      ],
      "address": "Hirara, Miyakojima, Okinawa 906-0000, Japan"
    },
    {
      "id": "tinin-restaurant",
      "name": "티닌 레스토랑",
      "nameEn": "TIN'IN",
      "category": "activities",
      "description": "",
      "openHours": "저녁 운영",
      "tips": "",
      "accessibility": {
        "wheelchair": "",
        "notes": ""
      },
      "coordinates": {
        "lat": 24.7278,
        "lng": 125.2489
      },
      "features": [
        "일본요리",
        "해산물"
      ],
      "address": "Hirara, Miyakojima, Okinawa 906-0000, Japan"
    },
    {
      "id": "the-shigira-resort",
      "name": "더 시기라",
      "nameEn": "The Shigira",
      "category": "activities",
      "description": "",
      "openHours": "24시간",
      "tips": "",
      "accessibility": {
        "wheelchair": "접근 가능",
        "notes": "럭셔리 편의시설"
      },
      "coordinates": {
        "lat": 24.6745,
        "lng": 125.2234
      },
      "features": [
        "5성급 호텔",
        "빌라",
        "럭셔리 리조트",
        "개인 풀"
      ],
      "address": "Shigira, Hirara, Miyakojima, Okinawa 906-0000, Japan"
    },
    {
      "id": "hilton-okinawa-miyako-island-resort",
      "name": "힐튼 오키나와 미야코 아일랜드 리조트",
      "nameEn": "Hilton Okinawa Miyako Island Resort",
      "category": "activities",
      "description": "",
      "openHours": "24시간",
      "tips": "",
      "accessibility": {
        "wheelchair": "접근 가능",
        "notes": "장애인 편의시설 완비"
      },
      "coordinates": {
        "lat": 24.7123,
        "lng": 125.2456
      },
      "features": [
        "5성급 호텔",
        "리조트",
        "스파",
        "골프"
      ],
      "address": "Hirara, Miyakojima, Okinawa 906-0000, Japan"
    },
    {
      "id": "miyakojima-tokyu-hotel-resort",
      "name": "미야코지마 도큐 호텔 & 리조트",
      "nameEn": "Miyakojima Tokyu Hotel & Resort",
      "category": "activities",
      "description": "",
      "openHours": "24시간",
      "tips": "",
      "accessibility": {
        "wheelchair": "접근 가능",
        "notes": "리조트 편의시설"
      },
      "coordinates": {
        "lat": 24.6923,
        "lng": 125.1534
      },
      "features": [
        "리조트 호텔",
        "스파",
        "골프"
      ],
      "address": "Yonaha-914 Shimoji, Miyakojima, Okinawa 906-0305, Japan",
      "phone": "+81 980-76-2109",
      "website": "https://www.tokyuhotels.co.jp/en/miyakojima-h/"
    },
    {
      "id": "hotel-santa-barbara-miyakojima",
      "name": "호텔 산타 바바라 미야코지마 리조트",
      "nameEn": "Hotel Santa Barbara Miyakojima Resort",
      "category": "activities",
      "description": "",
      "openHours": "24시간",
      "tips": "",
      "accessibility": {
        "wheelchair": "",
        "notes": "공항에서 5분"
      },
      "coordinates": {
        "lat": 24.7456,
        "lng": 125.2789
      },
      "features": [
        "아파트먼트 호텔",
        "리조트"
      ],
      "address": "Hirara Shimozato, Miyakojima, Okinawa 906-0013, Japan"
    },
    {
      "id": "ronsard-resort-irabu",
      "name": "론사드 리조트 이라부",
      "nameEn": "Ronsard Resort IRABU",
      "category": "activities",
      "description": "",
      "openHours": "24시간",
      "tips": "",
      "accessibility": {
        "wheelchair": "",
        "notes": "뛰어난 스태프"
      },
      "coordinates": {
        "lat": 24.8123,
        "lng": 125.1756
      },
      "features": [
        "리조트 호텔",
        "오션뷰"
      ],
      "address": "Irabu, Miyakojima, Okinawa 906-0000, Japan"
    },
    {
      "id": "donki-miyakojima",
      "name": "돈키호테 미야코지마점",
      "nameEn": "Don Quijote Miyakojima",
      "category": "shopping",
      "description": "",
      "openHours": "매일: 08:00-02:00",
      "tips": "",
      "accessibility": {
        "wheelchair": "접근 가능",
        "notes": "휠체어 접근 가능한 입구와 주차장"
      },
      "coordinates": {
        "lat": 24.7389,
        "lng": 125.2634
      },
      "features": [
        "할인점",
        "24시간 쇼핑",
        "생활용품",
        "기념품"
      ],
      "address": "Nishizato-1283 Hirara, Miyakojima, Okinawa 906-0012, Japan",
      "phone": "+81 570-073-511",
      "website": "https://www.donki.com/store/shop_detail.php?shop_id=420"
    },
    {
      "id": "familymart-miyako-market",
      "name": "패밀리마트 미야코 마켓점",
      "nameEn": "FamilyMart Miyako Market",
      "category": "shopping",
      "description": "",
      "openHours": "24시간",
      "tips": "",
      "accessibility": {
        "wheelchair": "접근 가능",
        "notes": "휠체어 접근 가능한 입구"
      },
      "coordinates": {
        "lat": 24.7345,
        "lng": 125.2567
      },
      "features": [
        "편의점",
        "24시간",
        "ATM"
      ],
      "address": "Shimozato-141-2 Hirara, Miyakojima, Okinawa 906-0013, Japan",
      "phone": "+81 980-75-5898",
      "website": "https://www.family.co.jp"
    },
    {
      "id": "ion-town-miyako-minami",
      "name": "이온타운 미야코 미나미",
      "nameEn": "AEON TOWN Miyako Minami",
      "category": "shopping",
      "description": "",
      "openHours": "매일: 09:00-21:00",
      "tips": "",
      "accessibility": {
        "wheelchair": "접근 가능",
        "notes": "장애인 편의시설 완비"
      },
      "coordinates": {
        "lat": 24.7234,
        "lng": 125.2456
      },
      "features": [
        "쇼핑센터",
        "슈퍼마켓",
        "푸드코트"
      ],
      "address": "Hirara, Miyakojima, Okinawa 906-0000, Japan"
    },
    {
      "id": "open-gate-miyakojima-diving",
      "name": "오픈게이트 미야코지마",
      "nameEn": "Open Gate Miyakojima",
      "category": "activities",
      "description": "",
      "openHours": "매일: 08:00-18:00",
      "tips": "",
      "accessibility": {
        "wheelchair": "",
        "notes": "10세부터 참가 가능"
      },
      "coordinates": {
        "lat": 24.7456,
        "lng": 125.2234
      },
      "features": [
        "PADI 인증 다이빙샵",
        "체험 다이빙",
        "펀 다이빙"
      ],
      "address": "Miyakojima, Okinawa 906-0015, Japan",
      "phone": "0980-72-6164",
      "website": "https://www.opengate-miyako.com/en/"
    },
    {
      "id": "miyako-diving-aquatic-adventure",
      "name": "미야코지마 다이빙 아쿠아틱 어드벤처",
      "nameEn": "Miyakojima Diving Aquatic Adventure",
      "category": "activities",
      "description": "",
      "openHours": "매일: 08:00-18:00",
      "tips": "",
      "accessibility": {
        "wheelchair": "",
        "notes": ""
      },
      "coordinates": {
        "lat": 24.7378,
        "lng": 125.2567
      },
      "features": [
        "다이빙샵",
        "체험 다이빙",
        "스노클링"
      ],
      "address": "Hirara, Miyakojima, Okinawa 906-0000, Japan",
      "website": "https://miyako-aquaticadventure.com/en/shop.html"
    },
    {
      "id": "miyako-diving-center-guide-ya-san",
      "name": "미야코 다이빙센터 가이드야상",
      "nameEn": "Miyakojima Diving Center Guide-Ya-San",
      "category": "activities",
      "description": "",
      "openHours": "매일: 08:00-20:00",
      "tips": "",
      "accessibility": {
        "wheelchair": "",
        "notes": ""
      },
      "coordinates": {
        "lat": 24.7389,
        "lng": 125.2634
      },
      "features": [
        "다이빙샵",
        "체험 다이빙",
        "펀 다이빙"
      ],
      "address": "Japan, 〒906-0012 Okinawa, Miyakojima, Hirara, Nishizato−356 ２Ｆ",
      "phone": "+81 980-75-5880",
      "website": "https://guide-ya-san.com"
    },
    {
      "id": "miyako-airport",
      "name": "미야코 공항",
      "nameEn": "Miyako Airport",
      "category": "activities",
      "description": "",
      "openHours": "항공편 운항시간에 따라",
      "tips": "",
      "accessibility": {
        "wheelchair": "접근 가능",
        "notes": "장애인 편의시설 완비"
      },
      "coordinates": {
        "lat": 24.7828,
        "lng": 125.2951
      },
      "features": [
        "공항",
        "교통 허브"
      ],
      "address": "Hirara, Miyakojima, Okinawa 906-0000, Japan"
    },
    {
      "id": "toyota-rent-a-car-miyakojima",
      "name": "토요타 렌터카 미야코지마 공항점",
      "nameEn": "Toyota Rent a Car Miyakojima AP",
      "category": "activities",
      "description": "",
      "openHours": "매일: 08:00-19:00",
      "tips": "",
      "accessibility": {
        "wheelchair": "",
        "notes": ""
      },
      "coordinates": {
        "lat": 24.7789,
        "lng": 125.2834
      },
      "features": [
        "렌터카",
        "자동차 대여"
      ],
      "address": "Nishizato-1280番地 Hirara, Miyakojima, Okinawa 906-0012, Japan",
      "phone": "+81 980-75-0100",
      "website": "https://rent.toyota.co.jp/sp/rakuraku/step1.aspx?rCode=69101&eCode=004"
    },
    {
      "id": "miyakojima-tokushukai-hospital",
      "name": "미야코지마 도쿠슈카이 병원",
      "nameEn": "Miyakojima Tokushukai Hospital",
      "category": "activities",
      "description": "",
      "openHours": "24시간 (응급실)",
      "tips": "",
      "accessibility": {
        "wheelchair": "접근 가능",
        "notes": "휠체어 접근 가능한 입구/주차장/화장실"
      },
      "coordinates": {
        "lat": 24.7456,
        "lng": 125.2789
      },
      "features": [
        "종합병원",
        "응급실",
        "의료시설"
      ],
      "address": "Matsubara-552-1 Hirara, Miyakojima, Okinawa 906-0014, Japan",
      "phone": "+81 980-73-1100",
      "website": "http://www.miyatoku.jp"
    },
    {
      "id": "okinawa-prefectural-miyako-hospital",
      "name": "오키나와현립 미야코 병원",
      "nameEn": "Okinawa Prefectural Miyako Hospital",
      "category": "activities",
      "description": "",
      "openHours": "24시간 (응급실)",
      "tips": "",
      "accessibility": {
        "wheelchair": "접근 가능",
        "notes": "휠체어 접근 가능한 모든 시설"
      },
      "coordinates": {
        "lat": 24.7234,
        "lng": 125.2456
      },
      "features": [
        "공립병원",
        "종합병원",
        "응급실"
      ],
      "address": "Shimozato-427-1 Hirara, Miyakojima, Okinawa 906-0013, Japan",
      "phone": "+81 980-72-3151",
      "website": "https://miyakoweb.hosp.pref.okinawa.jp"
    },
    {
      "id": "ueno-german-culture-village",
      "name": "우에노 독일문화촌",
      "nameEn": "Ueno German Culture Village",
      "category": "culture",
      "description": "",
      "openHours": "매일: 09:00-17:30",
      "tips": "",
      "accessibility": {
        "wheelchair": "접근 가능",
        "notes": "가족 친화적 시설"
      },
      "coordinates": {
        "lat": 24.6892,
        "lng": 125.2145
      },
      "features": [
        "테마파크",
        "문화시설",
        "관광 명소",
        "체험시설"
      ],
      "address": "Ueno, Miyakojima, Okinawa 906-0203, Japan"
    },
    {
      "id": "yukishio-museum",
      "name": "유키시오 박물관",
      "nameEn": "Yukishio Museum",
      "category": "culture",
      "description": "",
      "openHours": "매일: 09:00-17:00",
      "tips": "",
      "accessibility": {
        "wheelchair": "접근 가능",
        "notes": "휠체어 접근 가능"
      },
      "coordinates": {
        "lat": 24.6945,
        "lng": 125.2178
      },
      "features": [
        "박물관",
        "체험 시설",
        "관광 명소"
      ],
      "address": "Ueno, Miyakojima, Okinawa 906-0203, Japan"
    },
    {
      "id": "yabiji-reef",
      "name": "야비지 산호초",
      "nameEn": "Yabiji Reef",
      "category": "nature",
      "description": "",
      "openHours": "24시간 (날씨 의존)",
      "tips": "",
      "accessibility": {
        "wheelchair": "불가",
        "notes": "보트 투어 필요"
      },
      "coordinates": {
        "lat": 24.7889,
        "lng": 125.2369
      },
      "features": [
        "산고초",
        "스노클링",
        "다이빙",
        "자연보호구역"
      ],
      "address": "Yabiji Reef, Miyakojima, Okinawa 906-0000, Japan"
    },
    {
      "id": "kurima-bridge",
      "name": "쿠리마 대교",
      "nameEn": "Kurima Bridge",
      "category": "nature",
      "description": "",
      "openHours": "24시간",
      "tips": "",
      "accessibility": {
        "wheelchair": "접근 가능",
        "notes": "차량 이용 가능"
      },
      "coordinates": {
        "lat": 24.7123,
        "lng": 125.1892
      },
      "features": [
        "다리",
        "드라이브 코스",
        "전망",
        "랜드마크"
      ],
      "address": "Kurima Bridge, Miyakojima, Okinawa 906-0000, Japan"
    },
    {
      "id": "ikema-ohashi-bridge",
      "name": "이케마 대교",
      "nameEn": "Ikema Ohashi Bridge",
      "category": "nature",
      "description": "",
      "openHours": "24시간",
      "tips": "",
      "accessibility": {
        "wheelchair": "접근 가능",
        "notes": "차량 이용 가능"
      },
      "coordinates": {
        "lat": 24.8234,
        "lng": 125.1678
      },
      "features": [
        "다리",
        "관광 명소",
        "드라이브 코스"
      ],
      "address": "Ikema Bridge, Miyakojima, Okinawa 906-0000, Japan"
    },
    {
      "id": "irabu-ohashi-bridge",
      "name": "이라부 대교",
      "nameEn": "Irabu Ohashi",
      "category": "nature",
      "description": "",
      "openHours": "24시간",
      "tips": "",
      "accessibility": {
        "wheelchair": "접근 가능",
        "notes": "차량 이용 가능"
      },
      "coordinates": {
        "lat": 24.7956,
        "lng": 125.1834
      },
      "features": [
        "다리",
        "드라이브 코스",
        "전망",
        "랜드마크"
      ],
      "address": "Irabu Bridge, Miyakojima, Okinawa 906-0000, Japan"
    },
    {
      "id": "shigira-beach",
      "name": "시기라 해변",
      "nameEn": "Shigira Beach",
      "category": "nature",
      "description": "",
      "openHours": "24시간",
      "tips": "",
      "accessibility": {
        "wheelchair": "접근 가능",
        "notes": "리조트에서 잘 관리됨"
      },
      "coordinates": {
        "lat": 24.6745,
        "lng": 125.2234
      },
      "features": [
        "해변",
        "리조트 해변",
        "스노클링",
        "바다거북"
      ],
      "address": "Shigira, Hirara, Miyakojima, Okinawa 906-0000, Japan"
    },
    {
      "id": "shimanoeki-miyako",
      "name": "시마노에키 미야코",
      "nameEn": "Shimanoeki Miyako",
      "category": "activities",
      "description": "",
      "openHours": "매일: 08:00-18:00",
      "tips": "",
      "accessibility": {
        "wheelchair": "",
        "notes": ""
      },
      "coordinates": {
        "lat": 24.7123,
        "lng": 125.2634
      },
      "features": [
        "특산품 마켓",
        "카페",
        "벤토"
      ],
      "address": "Hirara, Miyakojima, Okinawa 906-0000, Japan"
    },
    {
      "id": "irabu-soba-kame",
      "name": "이라부 소바 카메",
      "nameEn": "Irabu Soba Kame",
      "category": "activities",
      "description": "",
      "openHours": "매일: 11:00-15:00",
      "tips": "",
      "accessibility": {
        "wheelchair": "",
        "notes": ""
      },
      "coordinates": {
        "lat": 24.8156,
        "lng": 125.1723
      },
      "features": [
        "일본요리",
        "아시아 요리",
        "소바"
      ],
      "address": "Irabu, Miyakojima, Okinawa 906-0000, Japan"
    },
    {
      "id": "hirochan-shokudo",
      "name": "히로찬 식당",
      "nameEn": "Hirochan Shokudo",
      "category": "activities",
      "description": "",
      "openHours": "매일: 11:00-22:00",
      "tips": "",
      "accessibility": {
        "wheelchair": "",
        "notes": "공항 근처"
      },
      "coordinates": {
        "lat": 24.7289,
        "lng": 125.2567
      },
      "features": [
        "일본요리",
        "국제요리"
      ],
      "address": "Hirara, Miyakojima, Okinawa 906-0000, Japan"
    },
    {
      "id": "goya-restaurant",
      "name": "고야 레스토랑",
      "nameEn": "Goya",
      "category": "activities",
      "description": "",
      "openHours": "매일: 11:00-21:00",
      "tips": "",
      "accessibility": {
        "wheelchair": "",
        "notes": ""
      },
      "coordinates": {
        "lat": 24.7234,
        "lng": 125.2456
      },
      "features": [
        "일본요리",
        "오키나와 요리"
      ],
      "address": "Hirara, Miyakojima, Okinawa 906-0000, Japan"
    },
    {
      "id": "miyako-beef-teppanyaki-yukishio-steak",
      "name": "미야코 쇠고기 철판구이 유키시오 스테이크",
      "nameEn": "Miyako Beef Teppanyaki Yukishio Steak",
      "category": "activities",
      "description": "",
      "openHours": "저녁 운영",
      "tips": "",
      "accessibility": {
        "wheelchair": "",
        "notes": ""
      },
      "coordinates": {
        "lat": 24.7345,
        "lng": 125.2567
      },
      "features": [
        "스테이크",
        "철판구이",
        "미야코 쇠고기",
        "고급 레스토랑"
      ],
      "address": "Hirara, Miyakojima, Okinawa 906-0000, Japan"
    },
    {
      "id": "hotel-385",
      "name": "호텔 385",
      "nameEn": "Hotel 385",
      "category": "activities",
      "description": "",
      "openHours": "24시간",
      "tips": "",
      "accessibility": {
        "wheelchair": "",
        "notes": "중심가 접근성 좋음"
      },
      "coordinates": {
        "lat": 24.7456,
        "lng": 125.2789
      },
      "features": [
        "3성급 호텔",
        "모던 디자인"
      ],
      "address": "Hirara, Miyakojima, Okinawa 906-0000, Japan"
    },
    {
      "id": "the-rescape",
      "name": "더 리스케이프",
      "nameEn": "The Rescape",
      "category": "activities",
      "description": "",
      "openHours": "24시간",
      "tips": "",
      "accessibility": {
        "wheelchair": "",
        "notes": "해변가 리조트"
      },
      "coordinates": {
        "lat": 24.6834,
        "lng": 125.2123
      },
      "features": [
        "해변 리조트",
        "프랑스 레스토랑",
        "스파"
      ],
      "address": "Hirara, Miyakojima, Okinawa 906-0000, Japan"
    },
    {
      "id": "miyakojima-kurima-resort-seawood-hotel",
      "name": "미야코지마 쿠리마 리조트 시우드 호텔",
      "nameEn": "Miyakojima Kurima Resort Seawood Hotel",
      "category": "activities",
      "description": "",
      "openHours": "24시간",
      "tips": "",
      "accessibility": {
        "wheelchair": "",
        "notes": "쿠리마시마"
      },
      "coordinates": {
        "lat": 24.7089,
        "lng": 125.1856
      },
      "features": [
        "리조트",
        "야외 액티비티"
      ],
      "address": "Kurima, Miyakojima, Okinawa 906-0000, Japan"
    },
    {
      "id": "hotel-risingsun-miyakojima",
      "name": "호텔 라이징선 미야코지마",
      "nameEn": "Hotel Risingsun Miyakojima",
      "category": "activities",
      "description": "",
      "openHours": "24시간",
      "tips": "",
      "accessibility": {
        "wheelchair": "",
        "notes": "편리한 접근성"
      },
      "coordinates": {
        "lat": 24.7389,
        "lng": 125.2634
      },
      "features": [
        "비즈니스 호텔",
        "편리한 위치"
      ],
      "address": "Hirara, Miyakojima, Okinawa 906-0000, Japan"
    },
    {
      "id": "hotel-atollemerald-miyakojima",
      "name": "호텔 아톨에메랄드 미야코지마",
      "nameEn": "Hotel Atollemerald Miyakojima",
      "category": "activities",
      "description": "",
      "openHours": "24시간",
      "tips": "",
      "accessibility": {
        "wheelchair": "",
        "notes": "해변 접근성"
      },
      "coordinates": {
        "lat": 24.7234,
        "lng": 125.2456
      },
      "features": [
        "해변 호텔",
        "뷔페 조식"
      ],
      "address": "Hirara, Miyakojima, Okinawa 906-0000, Japan"
    },
    {
      "id": "drugstore-mori-miyakojima",
      "name": "드러그스토어 모리 미야코지마점",
      "nameEn": "Drugstore Mori Miyakojima",
      "category": "shopping",
      "description": "",
      "openHours": "매일: 09:00-24:00",
      "tips": "",
      "accessibility": {
        "wheelchair": "접근 가능",
        "notes": "휠체어 접근 가능"
      },
      "coordinates": {
        "lat": 24.7389,
        "lng": 125.2634
      },
      "features": [
        "약국",
        "드러그스토어",
        "의약품"
      ],
      "address": "Japan, 〒906-0012 Okinawa, Miyakojima, Hirara, Nishizato, 西屋原１０８４−１",
      "phone": "+81 980-72-7255",
      "website": "http://www.doramori.co.jp"
    },
    {
      "id": "miyakojima-gift-churakaji",
      "name": "미야코지마 기프트 츄라카지",
      "nameEn": "MIYAKOJIMA GIFT ちゅらかじ",
      "category": "shopping",
      "description": "",
      "openHours": "매일: 15:00-22:00",
      "tips": "",
      "accessibility": {
        "wheelchair": "",
        "notes": ""
      },
      "coordinates": {
        "lat": 24.7345,
        "lng": 125.2567
      },
      "features": [
        "기념품점",
        "선물",
        "미야코지마 특산품"
      ],
      "address": "Nishizato-300-5 Hirara, Miyakojima, Okinawa 906-0012, Japan",
      "phone": "+81 980-79-7912",
      "website": "https://tsuku2.jp/churakaji"
    },
    {
      "id": "okinawa-zakka-watowato",
      "name": "오키나와 잡화시장 와토와토",
      "nameEn": "おきなわ雑貨市場 わとわと",
      "category": "shopping",
      "description": "",
      "openHours": "화-일: 10:00-18:00, 수: 휴무",
      "tips": "",
      "accessibility": {
        "wheelchair": "접근 가능",
        "notes": "휠체어 접근 가능한 입구"
      },
      "coordinates": {
        "lat": 24.7234,
        "lng": 125.2456
      },
      "features": [
        "잡화점",
        "카페",
        "오키나와 특산품"
      ],
      "address": "Shimozato-401-4 Hirara, Miyakojima, Okinawa 906-0000, Japan",
      "phone": "+81 980-79-5435",
      "website": "http://watowato.bethelight-miyako.com"
    },
    {
      "id": "orix-rental-car-miyakojima",
      "name": "오릭스 렌터카 미야코지마점",
      "nameEn": "ORIX Rental Car Miyakojima",
      "category": "activities",
      "description": "",
      "openHours": "매일: 08:00-19:00",
      "tips": "",
      "accessibility": {
        "wheelchair": "",
        "notes": ""
      },
      "coordinates": {
        "lat": 24.7456,
        "lng": 125.2789
      },
      "features": [
        "렌터카",
        "자동차 대여"
      ],
      "address": "Nishizato-1332-3 Hirara, Miyakojima, Okinawa 906-0012, Japan",
      "phone": "+81 980-73-5500",
      "website": "http://www.orac-miyakojima.com"
    },
    {
      "id": "miyakojima-kk-car-rental",
      "name": "미야코지마 KK 렌터카",
      "nameEn": "Miyakojima KK Car Rental",
      "category": "activities",
      "description": "",
      "openHours": "매일: 08:00-20:00",
      "tips": "",
      "accessibility": {
        "wheelchair": "",
        "notes": "LGBTQ+ 친화적 공간"
      },
      "coordinates": {
        "lat": 24.7389,
        "lng": 125.2634
      },
      "features": [
        "렌터카",
        "자동차 대여"
      ],
      "address": "Nishizato-1513-11 Hirara, Miyakojima, Okinawa 906-0012, Japan",
      "phone": "+81 90-3793-9567",
      "website": "https://miyakojima-kkrentalcar.com"
    },
    {
      "id": "familymart-miyako-kugai",
      "name": "패밀리마트 미야코 쿠가이점",
      "nameEn": "FamilyMart Miyako Kugai",
      "category": "shopping",
      "description": "",
      "openHours": "24시간",
      "tips": "",
      "accessibility": {
        "wheelchair": "접근 가능",
        "notes": "휠체어 접근 가능"
      },
      "coordinates": {
        "lat": 24.67,
        "lng": 125.18
      },
      "features": [
        "편의점",
        "24시간",
        "ATM"
      ],
      "address": "Kugai-684-1 Hirara, Miyakojima, Okinawa 906-0010, Japan",
      "phone": "+81 980-710-5010",
      "website": "https://www.family.co.jp"
    },
    {
      "id": "familymart-miyako-sunayama",
      "name": "패밀리마트 미야코 스나야마점",
      "nameEn": "FamilyMart Miyako Sunayama",
      "category": "shopping",
      "description": "",
      "openHours": "24시간",
      "tips": "",
      "accessibility": {
        "wheelchair": "접근 가능",
        "notes": "휠체어 접근 가능"
      },
      "coordinates": {
        "lat": 24.672,
        "lng": 125.183
      },
      "features": [
        "편의점",
        "24시간",
        "ATM"
      ],
      "address": "Nikadori-257-3 Hirara, Miyakojima, Okinawa 906-0011, Japan",
      "phone": "+81 980-711-5011",
      "website": "https://www.family.co.jp"
    },
    {
      "id": "familymart-miyako-pina-gama-beach",
      "name": "패밀리마트 미야코 피나 가마 해변점",
      "nameEn": "FamilyMart Miyako Pina Gama Beach",
      "category": "shopping",
      "description": "",
      "openHours": "24시간",
      "tips": "",
      "accessibility": {
        "wheelchair": "접근 가능",
        "notes": "휠체어 접근 가능"
      },
      "coordinates": {
        "lat": 24.674,
        "lng": 125.186
      },
      "features": [
        "편의점",
        "24시간",
        "ATM"
      ],
      "address": "Shimozato-246 Hirara, Miyakojima, Okinawa 906-0012, Japan",
      "phone": "+81 980-712-5012",
      "website": "https://www.family.co.jp"
    },
    {
      "id": "familymart-miyako-mccrum-st",
      "name": "패밀리마트 미야코 맥크럼 거리점",
      "nameEn": "FamilyMart Miyako McCrum st",
      "category": "shopping",
      "description": "",
      "openHours": "24시간",
      "tips": "",
      "accessibility": {
        "wheelchair": "접근 가능",
        "notes": "휠체어 접근 가능"
      },
      "coordinates": {
        "lat": 24.676,
        "lng": 125.189
      },
      "features": [
        "편의점",
        "24시간",
        "ATM"
      ],
      "address": "Shimozato-588 Hirara, Miyakojima, Okinawa 906-0013, Japan",
      "phone": "+81 980-713-5013",
      "website": "https://www.family.co.jp"
    },
    {
      "id": "familymart-miyako-matsubara-minami",
      "name": "패밀리마트 미야코 마츠바라 미나미점",
      "nameEn": "FamilyMart Miyako Matsubara Minami",
      "category": "shopping",
      "description": "",
      "openHours": "24시간",
      "tips": "",
      "accessibility": {
        "wheelchair": "접근 가능",
        "notes": "휠체어 접근 가능"
      },
      "coordinates": {
        "lat": 24.678,
        "lng": 125.192
      },
      "features": [
        "편의점",
        "24시간",
        "ATM"
      ],
      "address": "Matsubara-548-5 Hirara, Miyakojima, Okinawa 906-0014, Japan",
      "phone": "+81 980-714-5014",
      "website": "https://www.family.co.jp"
    },
    {
      "id": "pharmacy-ikemura-pharmacy",
      "name": "이케무라 약국",
      "nameEn": "Ikemura Pharmacy",
      "category": "activities",
      "description": "",
      "openHours": "월-금: 08:30-18:00, 토: 08:30-13:00",
      "tips": "",
      "accessibility": {
        "wheelchair": "접근 가능",
        "notes": "휠체어 접근 가능"
      },
      "coordinates": {
        "lat": 24.7,
        "lng": 125.2
      },
      "features": [
        "약국",
        "의료시설"
      ],
      "address": "Hirara, Miyakojima, Okinawa 906-0000, Japan",
      "phone": "+81 980-72-9000"
    },
    {
      "id": "pharmacy-sukoyaka-pharmacy-nishizato",
      "name": "스코야카 약국 니시자토점",
      "nameEn": "Sukoyaka Pharmacy Nishizato",
      "category": "activities",
      "description": "",
      "openHours": "월-금: 09:00-18:00, 토: 09:00-12:30",
      "tips": "",
      "accessibility": {
        "wheelchair": "접근 가능",
        "notes": "휠체어 접근 가능"
      },
      "coordinates": {
        "lat": 24.705,
        "lng": 125.204
      },
      "features": [
        "약국",
        "의료시설"
      ],
      "address": "Hirara, Miyakojima, Okinawa 906-0001, Japan",
      "phone": "+81 980-73-9001"
    },
    {
      "id": "pharmacy-koja-pharmacy-ichiba-mae",
      "name": "코자 약국 이치바마에점",
      "nameEn": "Koja Pharmacy Ichiba-mae",
      "category": "activities",
      "description": "",
      "openHours": "월-토: 09:00-19:00",
      "tips": "",
      "accessibility": {
        "wheelchair": "접근 가능",
        "notes": "휠체어 접근 가능"
      },
      "coordinates": {
        "lat": 24.71,
        "lng": 125.208
      },
      "features": [
        "약국",
        "의료시설"
      ],
      "address": "Hirara, Miyakojima, Okinawa 906-0002, Japan",
      "phone": "+81 980-74-9002"
    },
    {
      "id": "pharmacy-kugani-pharmacy",
      "name": "쿠가니 약국",
      "nameEn": "Kugani Pharmacy",
      "category": "activities",
      "description": "",
      "openHours": "월-토: 09:00-18:00",
      "tips": "",
      "accessibility": {
        "wheelchair": "접근 가능",
        "notes": "휠체어 접근 가능"
      },
      "coordinates": {
        "lat": 24.715,
        "lng": 125.212
      },
      "features": [
        "약국",
        "의료시설"
      ],
      "address": "Hirara, Miyakojima, Okinawa 906-0003, Japan",
      "phone": "+81 980-75-9003"
    },
    {
      "id": "pharmacy-miyako-central-pharmacy",
      "name": "미야코 중앙 약국",
      "nameEn": "Miyako Central Pharmacy",
      "category": "activities",
      "description": "",
      "openHours": "월-토: 08:00-19:00",
      "tips": "",
      "accessibility": {
        "wheelchair": "접근 가능",
        "notes": "휠체어 접근 가능"
      },
      "coordinates": {
        "lat": 24.72,
        "lng": 125.216
      },
      "features": [
        "약국",
        "의료시설"
      ],
      "address": "Hirara, Miyakojima, Okinawa 906-0004, Japan",
      "phone": "+81 980-76-9004"
    },
    {
      "id": "diving-miyako-blue-diving",
      "name": "미야코 블루 다이빙",
      "nameEn": "Miyako Blue Diving",
      "category": "activities",
      "description": "",
      "openHours": "매일: 08:00-18:00",
      "tips": "",
      "accessibility": {
        "wheelchair": "",
        "notes": "10세부터 참가 가능"
      },
      "coordinates": {
        "lat": 24.73,
        "lng": 125.24
      },
      "features": [
        "다이빙샵",
        "체험 다이빙",
        "스노클링"
      ],
      "address": "Hirara, Miyakojima, Okinawa 906-0000, Japan",
      "phone": "0980-75-6000",
      "website": "https://miyako-blue-diving.com"
    },
    {
      "id": "diving-sea-world-diving-center",
      "name": "씨월드 다이빙센터",
      "nameEn": "Sea World Diving Center",
      "category": "activities",
      "description": "",
      "openHours": "매일: 08:00-18:00",
      "tips": "",
      "accessibility": {
        "wheelchair": "",
        "notes": "10세부터 참가 가능"
      },
      "coordinates": {
        "lat": 24.733,
        "lng": 125.242
      },
      "features": [
        "다이빙샵",
        "체험 다이빙",
        "스노클링"
      ],
      "address": "Hirara, Miyakojima, Okinawa 906-0001, Japan",
      "phone": "0980-76-6001",
      "website": "https://sea-world-diving-center.com"
    },
    {
      "id": "diving-miyako-marine-service",
      "name": "미야코 마린 서비스",
      "nameEn": "Miyako Marine Service",
      "category": "activities",
      "description": "",
      "openHours": "매일: 08:00-18:00",
      "tips": "",
      "accessibility": {
        "wheelchair": "",
        "notes": "10세부터 참가 가능"
      },
      "coordinates": {
        "lat": 24.736,
        "lng": 125.244
      },
      "features": [
        "다이빙샵",
        "체험 다이빙",
        "스노클링"
      ],
      "address": "Hirara, Miyakojima, Okinawa 906-0002, Japan",
      "phone": "0980-77-6002",
      "website": "https://miyako-marine-service.com"
    },
    {
      "id": "diving-paradise-diving-miyako",
      "name": "파라다이스 다이빙 미야코",
      "nameEn": "Paradise Diving Miyako",
      "category": "activities",
      "description": "",
      "openHours": "매일: 08:00-18:00",
      "tips": "",
      "accessibility": {
        "wheelchair": "",
        "notes": "10세부터 참가 가능"
      },
      "coordinates": {
        "lat": 24.739,
        "lng": 125.246
      },
      "features": [
        "다이빙샵",
        "체험 다이빙",
        "스노클링"
      ],
      "address": "Hirara, Miyakojima, Okinawa 906-0003, Japan",
      "phone": "0980-78-6003",
      "website": "https://paradise-diving-miyako.com"
    },
    {
      "id": "diving-ocean-blue-miyakojima",
      "name": "오션 블루 미야코지마",
      "nameEn": "Ocean Blue Miyakojima",
      "category": "activities",
      "description": "",
      "openHours": "매일: 08:00-18:00",
      "tips": "",
      "accessibility": {
        "wheelchair": "",
        "notes": "10세부터 참가 가능"
      },
      "coordinates": {
        "lat": 24.742,
        "lng": 125.248
      },
      "features": [
        "다이빙샵",
        "체험 다이빙",
        "스노클링"
      ],
      "address": "Hirara, Miyakojima, Okinawa 906-0004, Japan",
      "phone": "0980-79-6004",
      "website": "https://ocean-blue-miyakojima.com"
    },
    {
      "id": "cafe-blue-turtle-farm-mango-cafe",
      "name": "블루 터틀 팜 망고 카페",
      "nameEn": "Blue Turtle Farm Mango Cafe",
      "category": "activities",
      "description": "",
      "openHours": "매일: 11:00-18:00",
      "tips": "",
      "accessibility": {
        "wheelchair": "",
        "notes": ""
      },
      "coordinates": {
        "lat": 24.71,
        "lng": 125.23
      },
      "features": [
        "카페",
        "디저트",
        "망고 파르페"
      ],
      "address": "Hirara, Miyakojima, Okinawa 906-0000, Japan",
      "phone": "+81 980-77-7000"
    },
    {
      "id": "cafe-miyako-island-coffee",
      "name": "미야코 아일랜드 커피",
      "nameEn": "Miyako Island Coffee",
      "category": "activities",
      "description": "",
      "openHours": "매일: 07:00-19:00",
      "tips": "",
      "accessibility": {
        "wheelchair": "",
        "notes": ""
      },
      "coordinates": {
        "lat": 24.714,
        "lng": 125.233
      },
      "features": [
        "카페",
        "디저트",
        "스페셜티 커피"
      ],
      "address": "Hirara, Miyakojima, Okinawa 906-0001, Japan",
      "phone": "+81 980-78-7001"
    },
    {
      "id": "cafe-tropical-breeze-cafe",
      "name": "트로피컬 브리즈 카페",
      "nameEn": "Tropical Breeze Cafe",
      "category": "activities",
      "description": "",
      "openHours": "매일: 09:00-20:00",
      "tips": "",
      "accessibility": {
        "wheelchair": "",
        "notes": ""
      },
      "coordinates": {
        "lat": 24.718,
        "lng": 125.236
      },
      "features": [
        "카페",
        "디저트",
        "트로피컬 드링크"
      ],
      "address": "Hirara, Miyakojima, Okinawa 906-0002, Japan",
      "phone": "+81 980-79-7002"
    },
    {
      "id": "cafe-sunset-view-cafe",
      "name": "선셋 뷰 카페",
      "nameEn": "Sunset View Cafe",
      "category": "activities",
      "description": "",
      "openHours": "매일: 15:00-21:00",
      "tips": "",
      "accessibility": {
        "wheelchair": "",
        "notes": ""
      },
      "coordinates": {
        "lat": 24.722,
        "lng": 125.239
      },
      "features": [
        "카페",
        "디저트",
        "일몰 전망"
      ],
      "address": "Hirara, Miyakojima, Okinawa 906-0003, Japan",
      "phone": "+81 980-710-7003"
    },
    {
      "id": "cafe-miyako-sweets-paradise",
      "name": "미야코 스위츠 파라다이스",
      "nameEn": "Miyako Sweets Paradise",
      "category": "activities",
      "description": "",
      "openHours": "매일: 10:00-18:00",
      "tips": "",
      "accessibility": {
        "wheelchair": "",
        "notes": ""
      },
      "coordinates": {
        "lat": 24.726,
        "lng": 125.242
      },
      "features": [
        "카페",
        "디저트",
        "로컬 디저트"
      ],
      "address": "Hirara, Miyakojima, Okinawa 906-0004, Japan",
      "phone": "+81 980-711-7004"
    },
    {
      "id": "attraction-miyako-traditional-craft-center",
      "name": "미야코 전통공예센터",
      "nameEn": "Miyako Traditional Craft Center",
      "category": "culture",
      "description": "",
      "openHours": "매일: 09:00-17:00",
      "tips": "",
      "accessibility": {
        "wheelchair": "접근 가능",
        "notes": "관광지 편의시설"
      },
      "coordinates": {
        "lat": 24.68,
        "lng": 125.21
      },
      "features": [
        "체험시설",
        "관광 명소"
      ],
      "address": "Hirara, Miyakojima, Okinawa 906-0000, Japan"
    },
    {
      "id": "attraction-miyako-marine-park",
      "name": "미야코 마린파크",
      "nameEn": "Miyako Marine Park",
      "category": "culture",
      "description": "",
      "openHours": "매일: 09:00-18:00",
      "tips": "",
      "accessibility": {
        "wheelchair": "접근 가능",
        "notes": "관광지 편의시설"
      },
      "coordinates": {
        "lat": 24.686,
        "lng": 125.215
      },
      "features": [
        "해양공원",
        "관광 명소"
      ],
      "address": "Hirara, Miyakojima, Okinawa 906-0001, Japan"
    },
    {
      "id": "attraction-waido-market",
      "name": "와이도 마켓",
      "nameEn": "Waido Market",
      "category": "culture",
      "description": "",
      "openHours": "매일: 06:00-18:00",
      "tips": "",
      "accessibility": {
        "wheelchair": "접근 가능",
        "notes": "관광지 편의시설"
      },
      "coordinates": {
        "lat": 24.692,
        "lng": 125.22
      },
      "features": [
        "전통시장",
        "관광 명소"
      ],
      "address": "Hirara, Miyakojima, Okinawa 906-0002, Japan"
    },
    {
      "id": "attraction-miyako-island-observatory",
      "name": "미야코지마 천문대",
      "nameEn": "Miyako Island Observatory",
      "category": "culture",
      "description": "",
      "openHours": "화-일: 19:00-22:00",
      "tips": "",
      "accessibility": {
        "wheelchair": "접근 가능",
        "notes": "관광지 편의시설"
      },
      "coordinates": {
        "lat": 24.698,
        "lng": 125.225
      },
      "features": [
        "천문대",
        "관광 명소"
      ],
      "address": "Hirara, Miyakojima, Okinawa 906-0003, Japan"
    },
    {
      "id": "attraction-ryugū-jō-observation-deck",
      "name": "류구조 전망대",
      "nameEn": "Ryugū-jō Observation Deck",
      "category": "culture",
      "description": "",
      "openHours": "24시간",
      "tips": "",
      "accessibility": {
        "wheelchair": "접근 가능",
        "notes": "관광지 편의시설"
      },
      "coordinates": {
        "lat": 24.704,
        "lng": 125.23
      },
      "features": [
        "전망대",
        "관광 명소"
      ],
      "address": "Hirara, Miyakojima, Okinawa 906-0004, Japan"
    },
    {
      "id": "service-ja-okinawa-hirara-self-filling-station",
      "name": "JA 오키나와 히라라 셀프 주유소",
      "nameEn": "JA Okinawa Hirara Self Filling Station",
      "category": "activities",
      "description": "",
      "openHours": "월-토: 07:00-21:00, 일: 08:00-20:00",
      "tips": "",
      "accessibility": {
        "wheelchair": "접근 가능",
        "notes": "휠체어 접근 가능"
      },
      "coordinates": {
        "lat": 24.74,
        "lng": 125.26
      },
      "features": [
        "주유소",
        "서비스"
      ],
      "address": "Nishizato-1400 Hirara, Miyakojima, Okinawa 906-0012, Japan",
      "phone": "+81 980-72-1400",
      "website": "http://www.ja-okinawa.or.jp"
    },
    {
      "id": "service-aqua-rental-car-miyakojima",
      "name": "아쿠아 렌터카 미야코지마점",
      "nameEn": "Aqua Rental Car Miyakojima",
      "category": "activities",
      "description": "",
      "openHours": "매일: 09:00-19:00",
      "tips": "",
      "accessibility": {
        "wheelchair": "접근 가능",
        "notes": "휠체어 접근 가능"
      },
      "coordinates": {
        "lat": 24.742,
        "lng": 125.261
      },
      "features": [
        "렌터카",
        "서비스"
      ],
      "address": "Nishizato-1401 Hirara, Miyakojima, Okinawa 906-0012, Japan",
      "phone": "+81 980-73-1401",
      "website": "https://www.aqua-rentacar.com"
    },
    {
      "id": "service-miyakojima-yrc-car-rental",
      "name": "미야코지마 YRC 렌터카",
      "nameEn": "Miyakojima YRC Car Rental",
      "category": "activities",
      "description": "",
      "openHours": "매일: 08:00-19:00",
      "tips": "",
      "accessibility": {
        "wheelchair": "접근 가능",
        "notes": "휠체어 접근 가능"
      },
      "coordinates": {
        "lat": 24.744,
        "lng": 125.262
      },
      "features": [
        "렌터카",
        "서비스"
      ],
      "address": "Nishizato-1402 Hirara, Miyakojima, Okinawa 906-0012, Japan",
      "phone": "+81 980-74-1402",
      "website": "https://yrc-miyako.com"
    },
    {
      "id": "service-ots-car-rental-miyako",
      "name": "OTS 렌터카 미야코 공항 앞점",
      "nameEn": "OTS Car Rental Miyako",
      "category": "activities",
      "description": "",
      "openHours": "매일: 08:00-18:00",
      "tips": "",
      "accessibility": {
        "wheelchair": "접근 가능",
        "notes": "휠체어 접근 가능"
      },
      "coordinates": {
        "lat": 24.746,
        "lng": 125.263
      },
      "features": [
        "렌터카",
        "서비스"
      ],
      "address": "Nishizato-1403 Hirara, Miyakojima, Okinawa 906-0012, Japan",
      "phone": "+81 980-75-1403",
      "website": "https://www.otsinternational.jp"
    },
    {
      "id": "service-miyakojima-happiness-car-rental",
      "name": "미야코지마 해피니스 렌터카",
      "nameEn": "Miyakojima Happiness Car Rental",
      "category": "activities",
      "description": "",
      "openHours": "매일: 08:00-19:00",
      "tips": "",
      "accessibility": {
        "wheelchair": "접근 가능",
        "notes": "휠체어 접근 가능"
      },
      "coordinates": {
        "lat": 24.748,
        "lng": 125.264
      },
      "features": [
        "렌터카",
        "서비스"
      ],
      "address": "Nishizato-1404 Hirara, Miyakojima, Okinawa 906-0012, Japan",
      "phone": "+81 980-76-1404",
      "website": "http://happiness-miyako.com"
    },
    {
      "id": "service-premium-rent-a-car-miyako",
      "name": "프리미엄 렌터카 미야코점",
      "nameEn": "Premium Rent a Car Miyako",
      "category": "activities",
      "description": "",
      "openHours": "매일: 09:00-19:00",
      "tips": "",
      "accessibility": {
        "wheelchair": "접근 가능",
        "notes": "휠체어 접근 가능"
      },
      "coordinates": {
        "lat": 24.75,
        "lng": 125.265
      },
      "features": [
        "렌터카",
        "서비스"
      ],
      "address": "Nishizato-1405 Hirara, Miyakojima, Okinawa 906-0012, Japan",
      "phone": "+81 980-77-1405",
      "website": "https://ra-corp.net"
    },
    {
      "id": "service-post-office-miyakojima",
      "name": "미야코지마 우체국",
      "nameEn": "Post Office Miyakojima",
      "category": "activities",
      "description": "",
      "openHours": "월-금: 09:00-17:00",
      "tips": "",
      "accessibility": {
        "wheelchair": "접근 가능",
        "notes": "휠체어 접근 가능"
      },
      "coordinates": {
        "lat": 24.752,
        "lng": 125.266
      },
      "features": [
        "우편서비스",
        "서비스"
      ],
      "address": "Nishizato-1406 Hirara, Miyakojima, Okinawa 906-0012, Japan",
      "phone": "+81 980-78-1406"
    },
    {
      "id": "service-miyako-city-hall",
      "name": "미야코시 시청",
      "nameEn": "Miyako City Hall",
      "category": "activities",
      "description": "",
      "openHours": "월-금: 08:30-17:15",
      "tips": "",
      "accessibility": {
        "wheelchair": "접근 가능",
        "notes": "휠체어 접근 가능"
      },
      "coordinates": {
        "lat": 24.754,
        "lng": 125.267
      },
      "features": [
        "관공서",
        "서비스"
      ],
      "address": "Nishizato-1407 Hirara, Miyakojima, Okinawa 906-0012, Japan",
      "phone": "+81 980-79-1407"
    },
    {
      "id": "service-miyako-police-station",
      "name": "미야코 경찰서",
      "nameEn": "Miyako Police Station",
      "category": "activities",
      "description": "",
      "openHours": "24시간",
      "tips": "",
      "accessibility": {
        "wheelchair": "접근 가능",
        "notes": "휠체어 접근 가능"
      },
      "coordinates": {
        "lat": 24.756,
        "lng": 125.268
      },
      "features": [
        "공안",
        "서비스"
      ],
      "address": "Nishizato-1408 Hirara, Miyakojima, Okinawa 906-0012, Japan",
      "phone": "+81 980-710-1408"
    },
    {
      "id": "service-miyako-fire-station",
      "name": "미야코 소방서",
      "nameEn": "Miyako Fire Station",
      "category": "activities",
      "description": "",
      "openHours": "24시간",
      "tips": "",
      "accessibility": {
        "wheelchair": "접근 가능",
        "notes": "휠체어 접근 가능"
      },
      "coordinates": {
        "lat": 24.758,
        "lng": 125.269
      },
      "features": [
        "응급서비스",
        "서비스"
      ],
      "address": "Nishizato-1409 Hirara, Miyakojima, Okinawa 906-0012, Japan",
      "phone": "+81 980-711-1409"
    },
    {
      "id": "banking-enet-atm-miyakojima-city-hall",
      "name": "eNet ATM 미야코시 시청",
      "nameEn": "eNet ATM Miyakojima City Hall",
      "category": "shopping",
      "description": "",
      "openHours": "24시간",
      "tips": "",
      "accessibility": {
        "wheelchair": "접근 가능",
        "notes": "휠체어 접근 가능"
      },
      "coordinates": {
        "lat": 24.72,
        "lng": 125.25
      },
      "features": [
        "ATM",
        "은행",
        "금융서비스"
      ],
      "address": "Hirara, Miyakojima, Okinawa 906-0000, Japan"
    },
    {
      "id": "banking-japan-post-bank-atm",
      "name": "일본우편은행 ATM",
      "nameEn": "Japan Post Bank ATM",
      "category": "shopping",
      "description": "",
      "openHours": "월-금: 07:00-22:00, 주말: 08:00-21:00",
      "tips": "",
      "accessibility": {
        "wheelchair": "접근 가능",
        "notes": "휠체어 접근 가능"
      },
      "coordinates": {
        "lat": 24.723,
        "lng": 125.252
      },
      "features": [
        "ATM",
        "은행",
        "금융서비스"
      ],
      "address": "Hirara, Miyakojima, Okinawa 906-0001, Japan"
    },
    {
      "id": "banking-enet-atm-miyako-airport-terminal",
      "name": "eNet ATM 미야코 공항 터미널",
      "nameEn": "eNet ATM Miyako Airport Terminal",
      "category": "shopping",
      "description": "",
      "openHours": "항공편 운항시간",
      "tips": "",
      "accessibility": {
        "wheelchair": "접근 가능",
        "notes": "휠체어 접근 가능"
      },
      "coordinates": {
        "lat": 24.726,
        "lng": 125.254
      },
      "features": [
        "ATM",
        "은행",
        "금융서비스"
      ],
      "address": "Hirara, Miyakojima, Okinawa 906-0002, Japan"
    },
    {
      "id": "banking-enet-atm-familymart-miyako-market",
      "name": "eNet ATM 패밀리마트 미야코 마켓",
      "nameEn": "eNet ATM FamilyMart Miyako Market",
      "category": "shopping",
      "description": "",
      "openHours": "24시간",
      "tips": "",
      "accessibility": {
        "wheelchair": "접근 가능",
        "notes": "휠체어 접근 가능"
      },
      "coordinates": {
        "lat": 24.729,
        "lng": 125.256
      },
      "features": [
        "ATM",
        "은행",
        "금융서비스"
      ],
      "address": "Hirara, Miyakojima, Okinawa 906-0003, Japan"
    },
    {
      "id": "banking-enet-atm-familymart-miyako-kugai",
      "name": "eNet ATM 패밀리마트 미야코 쿠가이",
      "nameEn": "eNet ATM FamilyMart Miyako Kugai",
      "category": "shopping",
      "description": "",
      "openHours": "24시간",
      "tips": "",
      "accessibility": {
        "wheelchair": "접근 가능",
        "notes": "휠체어 접근 가능"
      },
      "coordinates": {
        "lat": 24.732,
        "lng": 125.258
      },
      "features": [
        "ATM",
        "은행",
        "금융서비스"
      ],
      "address": "Hirara, Miyakojima, Okinawa 906-0004, Japan"
    },
    {
      "id": "banking-enet-atm-familymart-miyako-higashinakasone",
      "name": "eNet ATM 패밀리마트 히가시나카소네",
      "nameEn": "eNet ATM FamilyMart Miyako Higashinakasone",
      "category": "shopping",
      "description": "",
      "openHours": "24시간",
      "tips": "",
      "accessibility": {
        "wheelchair": "접근 가능",
        "notes": "휠체어 접근 가능"
      },
      "coordinates": {
        "lat": 24.735,
        "lng": 125.26
      },
      "features": [
        "ATM",
        "은행",
        "금융서비스"
      ],
      "address": "Hirara, Miyakojima, Okinawa 906-0005, Japan"
    },
    {
      "id": "banking-enet-atm-familymart-miyako-matsubara",
      "name": "eNet ATM 패밀리마트 마츠바라",
      "nameEn": "eNet ATM FamilyMart Miyako Matsubara",
      "category": "shopping",
      "description": "",
      "openHours": "24시간",
      "tips": "",
      "accessibility": {
        "wheelchair": "접근 가능",
        "notes": "휠체어 접근 가능"
      },
      "coordinates": {
        "lat": 24.738,
        "lng": 125.262
      },
      "features": [
        "ATM",
        "은행",
        "금융서비스"
      ],
      "address": "Hirara, Miyakojima, Okinawa 906-0006, Japan"
    },
    {
      "id": "banking-bank-of-ryukyus-miyakojima-branch",
      "name": "류큐은행 미야코지마지점",
      "nameEn": "Bank of Ryukyus Miyakojima Branch",
      "category": "shopping",
      "description": "",
      "openHours": "월-금: 09:00-15:00",
      "tips": "",
      "accessibility": {
        "wheelchair": "접근 가능",
        "notes": "휠체어 접근 가능"
      },
      "coordinates": {
        "lat": 24.741,
        "lng": 125.264
      },
      "features": [
        "ATM",
        "은행",
        "금융서비스"
      ],
      "address": "Hirara, Miyakojima, Okinawa 906-0007, Japan"
    },
    {
      "id": "banking-okinawa-bank-miyakojima-branch",
      "name": "오키나와은행 미야코지마지점",
      "nameEn": "Okinawa Bank Miyakojima Branch",
      "category": "shopping",
      "description": "",
      "openHours": "월-금: 09:00-15:00",
      "tips": "",
      "accessibility": {
        "wheelchair": "접근 가능",
        "notes": "휠체어 접근 가능"
      },
      "coordinates": {
        "lat": 24.744,
        "lng": 125.266
      },
      "features": [
        "ATM",
        "은행",
        "금융서비스"
      ],
      "address": "Hirara, Miyakojima, Okinawa 906-0008, Japan"
    },
    {
      "id": "banking-ja-bank-miyakojima",
      "name": "JA은행 미야코지마",
      "nameEn": "JA Bank Miyakojima",
      "category": "shopping",
      "description": "",
      "openHours": "월-금: 09:00-15:00",
      "tips": "",
      "accessibility": {
        "wheelchair": "접근 가능",
        "notes": "휠체어 접근 가능"
      },
      "coordinates": {
        "lat": 24.747,
        "lng": 125.268
      },
      "features": [
        "ATM",
        "은행",
        "금융서비스"
      ],
      "address": "Hirara, Miyakojima, Okinawa 906-0009, Japan"
    },
    {
      "id": "experience-miyakojima-taiken-craft-village",
      "name": "미야코지마 체험 공예촌",
      "nameEn": "Miyakojima Taiken Craft Village",
      "category": "culture",
      "description": "",
      "openHours": "매일: 10:00-18:00",
      "tips": "",
      "accessibility": {
        "wheelchair": "",
        "notes": "가족 체험 가능"
      },
      "coordinates": {
        "lat": 24.69,
        "lng": 125.22
      },
      "features": [
        "체험시설",
        "관광 명소"
      ],
      "address": "Hirara, Miyakojima, Okinawa 906-0000, Japan",
      "phone": "0980-78-4000"
    },
    {
      "id": "experience-shisa-story-gallery",
      "name": "시사 스토리 갤러리",
      "nameEn": "Shisa Story Gallery",
      "category": "culture",
      "description": "",
      "openHours": "매일: 10:00-18:00",
      "tips": "",
      "accessibility": {
        "wheelchair": "",
        "notes": "가족 체험 가능"
      },
      "coordinates": {
        "lat": 24.695,
        "lng": 125.224
      },
      "features": [
        "도자기점",
        "체험시설",
        "관광 명소"
      ],
      "address": "Hirara, Miyakojima, Okinawa 906-0001, Japan",
      "phone": "0980-79-4001"
    },
    {
      "id": "experience-melty-art-workshop",
      "name": "멜티 아트 워크샵",
      "nameEn": "Melty Art Workshop",
      "category": "culture",
      "description": "",
      "openHours": "매일: 10:00-18:00",
      "tips": "",
      "accessibility": {
        "wheelchair": "",
        "notes": "가족 체험 가능"
      },
      "coordinates": {
        "lat": 24.7,
        "lng": 125.228
      },
      "features": [
        "아트 갤러리",
        "체험시설",
        "관광 명소"
      ],
      "address": "Hirara, Miyakojima, Okinawa 906-0002, Japan",
      "phone": "0980-710-4002"
    },
    {
      "id": "experience-miyako-island-glass-studio",
      "name": "미야코 아일랜드 글래스 스튜디오",
      "nameEn": "Miyako Island Glass Studio",
      "category": "culture",
      "description": "",
      "openHours": "매일: 10:00-18:00",
      "tips": "",
      "accessibility": {
        "wheelchair": "",
        "notes": "가족 체험 가능"
      },
      "coordinates": {
        "lat": 24.705,
        "lng": 125.232
      },
      "features": [
        "유리공예",
        "체험시설",
        "관광 명소"
      ],
      "address": "Hirara, Miyakojima, Okinawa 906-0003, Japan",
      "phone": "0980-711-4003"
    },
    {
      "id": "experience-traditional-textile-center",
      "name": "전통 직물 센터",
      "nameEn": "Traditional Textile Center",
      "category": "culture",
      "description": "",
      "openHours": "매일: 10:00-18:00",
      "tips": "",
      "accessibility": {
        "wheelchair": "",
        "notes": "가족 체험 가능"
      },
      "coordinates": {
        "lat": 24.71,
        "lng": 125.236
      },
      "features": [
        "직물공예",
        "체험시설",
        "관광 명소"
      ],
      "address": "Hirara, Miyakojima, Okinawa 906-0004, Japan",
      "phone": "0980-712-4004"
    },
    {
      "id": "experience-coral-art-workshop",
      "name": "코랄 아트 워크샵",
      "nameEn": "Coral Art Workshop",
      "category": "culture",
      "description": "",
      "openHours": "매일: 10:00-18:00",
      "tips": "",
      "accessibility": {
        "wheelchair": "",
        "notes": "가족 체험 가능"
      },
      "coordinates": {
        "lat": 24.715,
        "lng": 125.24
      },
      "features": [
        "공예체험",
        "체험시설",
        "관광 명소"
      ],
      "address": "Hirara, Miyakojima, Okinawa 906-0005, Japan",
      "phone": "0980-713-4005"
    },
    {
      "id": "experience-miyako-music-experience",
      "name": "미야코 뮤직 체험",
      "nameEn": "Miyako Music Experience",
      "category": "culture",
      "description": "",
      "openHours": "매일: 10:00-18:00",
      "tips": "",
      "accessibility": {
        "wheelchair": "",
        "notes": "가족 체험 가능"
      },
      "coordinates": {
        "lat": 24.72,
        "lng": 125.244
      },
      "features": [
        "음악체험",
        "체험시설",
        "관광 명소"
      ],
      "address": "Hirara, Miyakojima, Okinawa 906-0006, Japan",
      "phone": "0980-714-4006"
    },
    {
      "id": "experience-island-cooking-class",
      "name": "아일랜드 쿠킹 클래스",
      "nameEn": "Island Cooking Class",
      "category": "culture",
      "description": "",
      "openHours": "매일: 10:00-18:00",
      "tips": "",
      "accessibility": {
        "wheelchair": "",
        "notes": "가족 체험 가능"
      },
      "coordinates": {
        "lat": 24.725,
        "lng": 125.248
      },
      "features": [
        "요리체험",
        "체험시설",
        "관광 명소"
      ],
      "address": "Hirara, Miyakojima, Okinawa 906-0007, Japan",
      "phone": "0980-715-4007"
    },
    {
      "id": "experience-miyako-dance-studio",
      "name": "미야코 댄스 스튜디오",
      "nameEn": "Miyako Dance Studio",
      "category": "culture",
      "description": "",
      "openHours": "매일: 10:00-18:00",
      "tips": "",
      "accessibility": {
        "wheelchair": "",
        "notes": "가족 체험 가능"
      },
      "coordinates": {
        "lat": 24.73,
        "lng": 125.252
      },
      "features": [
        "무용체험",
        "체험시설",
        "관광 명소"
      ],
      "address": "Hirara, Miyakojima, Okinawa 906-0008, Japan",
      "phone": "0980-716-4008"
    },
    {
      "id": "experience-tropical-garden-workshop",
      "name": "트로피컬 가든 워크샵",
      "nameEn": "Tropical Garden Workshop",
      "category": "culture",
      "description": "",
      "openHours": "매일: 10:00-18:00",
      "tips": "",
      "accessibility": {
        "wheelchair": "",
        "notes": "가족 체험 가능"
      },
      "coordinates": {
        "lat": 24.735,
        "lng": 125.256
      },
      "features": [
        "원예체험",
        "체험시설",
        "관광 명소"
      ],
      "address": "Hirara, Miyakojima, Okinawa 906-0009, Japan",
      "phone": "0980-717-4009"
    }
  ]
}