{
  "schema_version": "1.1",
  "last_updated": "2025-09-22",
  "poi_data_source": "miyakojima_pois.json v127",
  "google_verified": true,
  "budget_overview": {
    "total_budget": "[미확정]",
    "currency": "JPY",
    "status": "실제 지출 추적 중심, 예산은 여행 중 결정"
  },
  "confirmed_expenses": {
    "pre_departure_hotel": "77,722 KRW (브라운도트 호텔)",
    "parking_service": "80,000 KRW (세븐주차대행)",
    "transportation": {
      "rental_car": "25,000 JPY (예약 확정: MV000561070)",
      "details": {
        "base_rate": "17,500 JPY",
        "noc_insurance": "7,500 JPY",
        "payment_method": "현지 결제"
      }
    },
    "accommodation": {
      "hilton": "667,862 KRW (정유민 결제, 조식/석식 포함)",
      "ronsard": "757,312 KRW (김은태 결제, Agoda 1645388963)",
      "apartment": "205,484 KRW (정유민 결제, Trip.com 1400820177391778)"
    },
    "flights": "855,600 KRW (정유민 결제, 진에어 왕복 2명)"
  },
  "expense_categories": {
    "dining": {
      "strategy": "외식 + 호텔주방 혼합",
      "day1": "힐튼 조식/석식 포함",
      "other_days": "[여행 중 결정]"
    },
    "activities": {
      "yabiji_tour": {
        "amount": "28,000 JPY",
        "breakdown": "14,000 JPY × 2명",
        "date": "2025-09-30",
        "payment_method": "현금 결제 (투어 후)",
        "details": "야비지 보트 투어 9:00-13:00",
        "status": "예약 확정"
      },
      "other_activities": "[여행 중 실제 지출 추적]"
    },
    "shopping": {
      "targets": [
        "유키시오 소금", "미야코 망고 제품", "흑설탕", "아와모리", "기타 기념품"
      ],
      "strategy": "면세점 + 현지 특산품"
    }
  },
  "expense_tracking": {
    "status": "실제 지출 추적 준비",
    "method": "여행 중 실시간 입력",
    "daily_actual": {},
    "notes": "추측성 예산 제거, 실제 지출만 기록"
  },
  "saving_strategies": {
    "accommodation": "아파트호텔 주방 활용, 무료 주차",
    "dining": "맥스밸류 활용, 현지 소바집",
    "activities": "무료 해변, 무료 드라이브 코스",
    "shopping": "면세 환급, 현지 시장 활용"
  },
  "price_references": {
    "dining": {
      "miyako_soba": "580 JPY",
      "soki_soba": "730 JPY",
      "soba_set": "800 JPY",
      "omakase_sashimi": "2,800 JPY",
      "loco_moco": "1,400 JPY",
      "miyako_beef": "1,800 JPY+",
      "family_restaurant_average": "1,200-2,000 JPY",
      "local_izakaya": "2,000-3,500 JPY",
      "hotel_restaurant": "3,000-8,000 JPY"
    },
    "activities": {
      "snorkel_rental": "1,500 JPY/일",
      "guided_snorkel": "3,000-5,000 JPY",
      "onsen": "1,500 JPY",
      "beach_parking": "500-1,000 JPY"
    },
    "shopping": {
      "yukishio_salt": "500-1,200 JPY",
      "mango_products": "500-800 JPY",
      "brown_sugar": "600-1,000 JPY",
      "awamori": "2,000 JPY+",
      "convenience_store_items": "100-500 JPY",
      "supermarket_groceries": "2,000-4,000 JPY/day",
      "souvenir_gifts": "1,000-3,000 JPY"
    }
  },
  "emergency_fund": {
    "status": "[여행 중 필요시 결정]",
    "purpose": "응급상황, 병원비, 긴급 숙박 등",
    "access": "신용카드 + 현금"
  },
  "extensions": {
    "confirmed_payments_yumin": {
      "source": "MYINFO_integration_2025-09-13",
      "payment_details": {
        "flights_roundtrip_2pax": {
          "amount": "855,600 KRW",
          "currency": "KRW",
          "status": "paid_confirmed",
          "payer": "정유민",
          "description": "왕복 항공 2명"
        },
        "hilton_accommodation": {
          "amount": "667,862 KRW",
          "currency": "KRW",
          "status": "paid_confirmed",
          "payer": "정유민",
          "dates": "9/27 숙소",
          "description": "힐튼 오키나와 미야코 아일랜드 리조트"
        },
        "apartment_accommodation": {
          "amount": "205,484 KRW",
          "currency": "KRW",
          "status": "paid_confirmed",
          "payer": "정유민",
          "dates": "9/29~10/1 숙소",
          "description": "Apartment Hotel 11 Miyakojima"
        }
      },
      "total_paid_by_yumin": {
        "total_krw": "1,728,946 KRW",
        "breakdown": "항공료 + 숙박료 2곳",
        "verification_date": "2025-09-13"
      }
    },
    "currency_exchange_euntai": {
      "source": "MYINFO_integration_2025-09-13",
      "exchange_details": {
        "amount_krw": "1,269,102 KRW",
        "amount_jpy": "134,244 JPY",
        "method": "하나은행 환전",
        "card": "하나 트래블로그 카드",
        "benefits": "해외 ATM 수수료 면제, 일본 세븐일레븐/로손 ATM 이용 가능",
        "payer": "김은태",
        "verification_date": "2025-09-13"
      }
    },
    "confirmed_payments_euntai": {
      "source": "MYINFO_integration_2025-09-13_updated",
      "payment_details": {
        "ronsard_accommodation": {
          "amount": "757,312 KRW",
          "currency": "KRW",
          "status": "paid_confirmed",
          "payer": "김은태",
          "dates": "9/28 숙소",
          "description": "론살도 리조트 이라부 (Agoda)"
        },
        "currency_exchange": {
          "amount": "1,269,102 KRW",
          "currency": "KRW",
          "yen_amount": "134,244 JPY",
          "status": "exchanged_completed",
          "payer": "김은태",
          "description": "하나은행 엔화 환전"
        }
      },
      "total_paid_by_euntai": {
        "total_krw": "2,026,414 KRW",
        "breakdown": "론살도 숙소 + 엔화 환전",
        "verification_date": "2025-09-13"
      }
    },
    "payment_split_summary": {
      "kim_euntai": {
        "items": ["론살도 숙소", "엔화 환전", "렌터카 (현지결제)"],
        "total_paid": "2,026,414 KRW",
        "cash_available": "134,244 JPY",
        "card": "하나 트래블로그 카드"
      },
      "jeong_yumin": {
        "items": ["항공료", "힐튼 숙소", "아파트먼트 숙소"],
        "total_paid": "1,728,946 KRW"
      },
      "grand_total": {
        "total_krw_paid": "3,755,360 KRW",
        "pending_jpy_payments": "렌터카 25,000엔 + 야비지투어 28,000엔 = 53,000엔",
        "cash_coverage": "134,244엔 보유로 충분"
      }
    }
  }
}