{
  "schema_version": "1.2",
  "last_updated": "2025-09-22",
  "poi_mapping_updated": "2025-09-22",
  "trip_overview": {
    "duration": "4박 5일",
    "dates": "2025-09-27 ~ 2025-10-01",
    "travelers": 2,
    "theme": "로맨틱 힐링 + 액티비티 균형",
    "transport_primary": "렌터카"
  },
  "daily_schedule": {
    "day0": {
      "date": "2025-09-26",
      "day_of_week": "목요일",
      "theme": "출국 전날 준비",
      "accommodation": "브라운도트 호텔",
      "schedule": {
        "18:00": {
          "activity": "브라운도트 호텔 체크인",
          "location": "인천공항 브라운도트 호텔 공항신도시점",
          "type": "accommodation",
          "notes": "공항 인근 숙박으로 여행 편의성 극대화"
        },
        "07:00": {
          "activity": "다음날 아침 준비",
          "location": "브라운도트 호텔",
          "type": "preparation",
          "notes": "주차대행 및 공항 이동"
        }
      }
    },
    "day1": {
      "date": "2025-09-27",
      "day_of_week": "금요일",
      "theme": "도착 & 호텔 적응",
      "accommodation": "힐튼 미야코지마",
      "schedule": {
        "08:10": {
          "activity": "인천공항 출발",
          "location": "ICN",
          "type": "transportation",
          "flight": "LJ0357"
        },
        "10:45": {
          "activity": "시모지시마 공항 도착",
          "location": "SHI",
          "type": "transportation"
        },
        "11:30": {
          "activity": "렌터카 픽업",
          "location": "MIYACTIV렌터카 하지공항점",
          "type": "transportation",
          "status": "예약 확정",
          "reservation_number": "MV000561070"
        },
        "12:00-14:30": {
          "activity": "공항→힐튼 이동간 활동",
          "options": [
            "파이나가마 비치 해변 적응 + 점심",
            "이라부 대교 드라이브 + 평량시장"
          ],
          "type": "flexible"
        },
        "15:00": {
          "activity": "힐튼 체크인",
          "location": "힐튼 미야코지마",
          "poi_id": "hilton-okinawa-miyako-island-resort",
          "place_id": "ChIJaXC_JHlS9DQRM7YD_7y7fWs",
          "type": "accommodation"
        },
        "16:00-18:00": {
          "activity": "호텔 시설 탐방 & 휴식",
          "location": "힐튼",
          "poi_id": "hilton-okinawa-miyako-island-resort",
          "place_id": "ChIJaXC_JHlS9DQRM7YD_7y7fWs",
          "type": "relaxation"
        },
        "18:00": {
          "activity": "석양 전망 디너",
          "location": "힐튼 레스토랑",
          "poi_id": "hilton-okinawa-miyako-island-resort",
          "place_id": "ChIJaXC_JHlS9DQRM7YD_7y7fWs",
          "type": "dining",
          "romantic": true
        }
      }
    },
    "day2": {
      "date": "2025-09-28",
      "day_of_week": "토요일", 
      "theme": "이라부섬 & 프라이빗 리조트",
      "accommodation": "론살드 리조트 이라부",
      "schedule": {
        "09:00": {
          "activity": "힐튼 조식",
          "location": "힐튼",
          "type": "dining"
        },
        "10:00-11:00": {
          "activity": "호텔 시설 마지막 이용",
          "location": "힐튼", 
          "type": "relaxation"
        },
        "11:00": {
          "activity": "힐튼 체크아웃",
          "location": "힐튼",
          "type": "accommodation"
        },
        "11:30-14:30": {
          "activity": "힐튼→론살도 이동간 활동",
          "options": [
            "맥스밸류 대쇼핑 + 점심",
            "동평안자키 등대 + 우에노 독일 문화촌"
          ],
          "type": "flexible"
        },
        "15:00": {
          "activity": "론살드 리조트 체크인",
          "location": "론살드 리조트",
          "poi_id": "ronsard-resort-irabu",
          "place_id": "ChIJiXGy-1ms9DQRL8kEfPJhqPY",
          "type": "accommodation"
        },
        "16:00-18:00": {
          "activity": "프라이빗 수영장 & 빌라 탐방",
          "location": "론살드 리조트",
          "poi_id": "ronsard-resort-irabu",
          "place_id": "ChIJiXGy-1ms9DQRL8kEfPJhqPY",
          "type": "romantic",
          "private": true
        },
        "18:00-19:30": {
          "activity": "선셋 감상",
          "location": "리조트 또는 이라부섬 해변",
          "type": "romantic"
        },
        "19:30": {
          "activity": "로맨틱 디너",
          "location": "리조트 또는 인근 레스토랑",
          "type": "dining",
          "romantic": true
        }
      }
    },
    "day3": {
      "date": "2025-09-29",
      "day_of_week": "일요일",
      "theme": "미야코지마 본섬 탐방",
      "accommodation": "아파트호텔 11",
      "schedule": {
        "09:00": {
          "activity": "리조트에서 여유로운 아침",
          "location": "론살드 리조트",
          "type": "relaxation"
        },
        "11:00": {
          "activity": "론살드 리조트 체크아웃",
          "location": "론살드 리조트",
          "type": "accommodation"
        },
        "11:30-15:30": {
          "activity": "론살도→아파트 이동간 활동 (4시간)",
          "options": [
            "요나하 마에하마 비치 + 쿠리마 대교",
            "시기라 베이 + 황금 온천"
          ],
          "type": "sightseeing",
          "highlight": "미야코지마 완전정복"
        },
        "16:00": {
          "activity": "아파트호텔 11 체크인",
          "location": "아파트호텔 11",
          "poi_id": "apartment-hotel-11-miyakojima",
          "place_id": "ChIJl7aGMTVT9DQRGH6p6K5bHmo",
          "type": "accommodation"
        },
        "17:00-18:30": {
          "activity": "주변 탐방 & 장보기",
          "location": "맥스밸류 + 파이나가마 비치",
          "type": "practical"
        },
        "19:00": {
          "activity": "현지 맛집 디너",
          "location": "미야코 소바 전문점",
          "type": "dining",
          "local": true
        }
      }
    },
    "day4": {
      "date": "2025-09-30",
      "day_of_week": "월요일",
      "theme": "자유 탐방 & 서프라이즈",
      "accommodation": "아파트호텔 11",
      "schedule": {
        "08:30": {
          "activity": "셀프 조식 (호텔 주방)",
          "location": "아파트호텔",
          "poi_id": "apartment-hotel-11-miyakojima",
          "place_id": "ChIJl7aGMTVT9DQRGH6p6K5bHmo",
          "type": "dining",
          "cost_saving": true
        },
        "09:30": {
          "activity": "서부 섬 루프 드라이브 시작",
          "location": "이라부 대교",
          "poi_id": "irabu-ohashi-bridge",
          "place_id": "ChIJSeAsE4hU9DQRS2i4me-63EE",
          "type": "sightseeing"
        },
        "12:00": {
          "activity": "17END 근처 점심",
          "location": "푸드트럭",
          "poi_reference": "17end-shimoji",
          "place_id_reference": "ChIJ_566wEut9TQRZ01ze1pYJV8",
          "type": "dining",
          "local": true
        },
        "14:00": {
          "activity": "스노클링",
          "location": "아라구스쿠 비치",
          "poi_id": "aragusuku-beach",
          "place_id": "ChIJH6rwVJJU9DQRXL4TjU-P_GA",
          "type": "activity",
          "equipment": "렌탈 필요"
        },
        "16:00": {
          "activity": "해변 휴식",
          "location": "요나하마에하마",
          "poi_id": "yonaha-maehama-beach",
          "place_id": "ChIJ2WSTD3ZS9DQRZxdv8Sp5vRc",
          "type": "relaxation"
        },
        "18:00": {
          "activity": "일몰 드라이브",
          "location": "쿠리마 대교",
          "poi_id": "kurima-bridge",
          "place_id": "ChIJD8Gst3tS9DQRNBvgOHSjE8U",
          "type": "romantic"
        },
        "19:30": {
          "activity": "가성비 최고 현지 디너",
          "location": "해인요리 카리유시",
          "type": "dining",
          "local": true
        }
      }
    },
    "day5": {
      "date": "2025-10-01",
      "day_of_week": "화요일",
      "theme": "마무리 & 출국",
      "schedule": {
        "08:00": {
          "activity": "조식 + 체크아웃 준비",
          "location": "아파트호텔",
          "type": "practical"
        },
        "09:30": {
          "activity": "기념품 쇼핑",
          "location": "시마노에키 미야코 또는 맥스밸류",
          "poi_options": ["shimanoeki-miyako", "mona_맥스밸류_미야코미나미점"],
          "place_id_options": ["ChIJLw0j6w9T9DQRM8Qc7V0G9-s", "ChIJ8Q8H8nhS9DQRn6ZSdVPWs6w"],
          "type": "shopping",
          "note": "렌터카 반납 전 마지막 쇼핑"
        },
        "10:00": {
          "activity": "아파트호텔 체크아웃",
          "location": "아파트호텔 11",
          "poi_id": "apartment-hotel-11-miyakojima",
          "place_id": "ChIJl7aGMTVT9DQRGH6p6K5bHmo",
          "type": "accommodation"
        },
        "10:00": {
          "activity": "렌터카 반납",
          "location": "MIYACTIV렌터카 하지공항점",
          "type": "transportation",
          "status": "예약 확정",
          "reservation_number": "MV000561070",
          "note": "반납 후 공항 송영버스 이용"
        },
        "10:30": {
          "activity": "공항 도착 및 체크인",
          "location": "시모지시마공항",
          "type": "transportation",
          "note": "출발 75분 전 도착"
        },
        "11:45": {
          "activity": "시모지시마 공항 출발",
          "location": "SHI",
          "type": "transportation",
          "flight": "LJ0358"
        },
        "14:25": {
          "activity": "인천공항 도착",
          "location": "ICN",
          "type": "transportation"
        }
      }
    }
  },
  "flexible_options": {
    "날씨_대비": {
      "실내_활동": [
        "시마노에키 미야코 쇼핑",
        "온천 (시기라 황금 온천)",
        "호텔/리조트 스파",
        "카페 투어"
      ]
    },
    "서프라이즈_계획": {
      "숨은_명소": [
        {
          "name": "17END (썰물 때)",
          "poi_id": "17end-shimoji",
          "place_id": "ChIJ_566wEut9TQRZ01ze1pYJV8"
        },
        {
          "name": "마키야마 전망대",
          "poi_id": null,
          "note": "POI 데이터에 없음 - 추가 필요"
        },
        {
          "name": "히가시헨나자키 등대",
          "poi_id": "higashi-hennazaki-cape",
          "place_id": "ChIJ6YCQf3ZT9DQRX7BcV2Vx5Ko"
        }
      ],
      "로맨틱_스팟": [
        {
          "name": "쿠리마 대교 선셋",
          "poi_id": "kurima-bridge",
          "place_id": "ChIJD8Gst3tS9DQRNBvgOHSjE8U"
        },
        {
          "name": "스나야마 비치 일몰",
          "poi_id": "sunayama-beach",
          "place_id": "ChIJI2XLBRdT9DQRp6pMZP5c1-o"
        },
        {
          "name": "프라이빗 수영장 (론살드)",
          "poi_id": "ronsard-resort-irabu",
          "place_id": "ChIJiXGy-1ms9DQRL8kEfPJhqPY"
        }
      ]
    }
  },
  "extensions": {
    "confirmed_activities": {
      "yabiji_tour": {
        "status": "예약 확정",
        "confirmation_date": "2025-09-13",
        "tour_date": "2025-09-30",
        "day": "day4",
        "tour_name": "야비지 투어 (Yabiji Coral Reef Tour)",
        "meeting_details": {
          "time": "08:30",
          "location": "이나카야 사라하마 항구",
          "location_english": "Inakaya Sarahama Port",
          "address": "미야코지마시 이라부 사라하마",
          "notes": "30분 전 도착 권장"
        },
        "tour_schedule": {
          "departure": "09:00",
          "return": "13:00",
          "duration": "4시간",
          "tour_type": "보트 투어 + 스노클링"
        },
        "cost_details": {
          "price_per_person": "14,000엔",
          "total_cost": "28,000엔 (2명)",
          "payment_method": "현장 카드 결제",
          "payment_status": "현장 카드 결제 확인됨",
          "payment_notes": "현지에서 카드로 28,000엔 결제 가능",
          "includes": [
            "보트 투어",
            "스노클링 장비 렌탈",
            "가이드 서비스",
            "안전 장비"
          ]
        },
        "preparation_required": [
          "수영복 착용 (옷 안에)",
          "방수가방 지참",
          "선크림 (SPF 50+)",
          "수건",
          "음료수",
          "멀미약 (필요시)"
        ],
        "medical_considerations": [
          "목/허리 디스크 고려한 보트 좌석 요청",
          "스노클링 시 무리하지 않기",
          "체력 소모 고려한 다음 일정 조정"
        ]
      }
    },
    "schedule_adjustments": {
      "day4_updated": {
        "date": "2025-09-30",
        "theme": "야비지 투어 + 여유로운 오후",
        "major_changes": [
          "오전 일정을 야비지 투어로 변경",
          "기존 서부 섬 루프 드라이브를 오후로 이동",
          "체력 소모 고려하여 오후 일정 단순화"
        ],
        "new_schedule": {
          "07:30": {
            "activity": "조식 + 투어 준비",
            "location": "아파트호텔",
            "type": "preparation",
            "notes": "수영복 착용, 준비물 체크"
          },
          "08:00": {
            "activity": "이나카야 사라하마 항구로 이동",
            "location": "렌터카 이용",
            "type": "transportation",
            "travel_time": "차로 약 20분"
          },
          "08:30": {
            "activity": "야비지 투어 집합",
            "location": "이나카야 사라하마 항구",
            "type": "tour_meeting"
          },
          "09:00-13:00": {
            "activity": "야비지 투어 (확정)",
            "location": "야비지 산호초 지역",
            "type": "tour_activity",
            "cost": "28,000엔",
            "includes": "보트투어 + 스노클링"
          },
          "13:30": {
            "activity": "투어 후 점심",
            "location": "이라부섬 현지 식당",
            "type": "dining",
            "notes": "체력 회복을 위한 영양식"
          },
          "15:00-17:00": {
            "activity": "여유로운 해변 휴식",
            "location": "17END 또는 사라하마 해변",
            "type": "relaxation",
            "notes": "투어 후 휴식, 의료 상황 고려"
          },
          "17:30": {
            "activity": "숙소 복귀 + 휴식",
            "location": "아파트호텔",
            "type": "rest"
          },
          "19:00": {
            "activity": "가벼운 저녁 식사",
            "location": "근처 현지 식당",
            "type": "dining",
            "notes": "체력 소모 고려한 가벼운 식사"
          }
        }
      }
    },
    "medical_schedule_optimization": {
      "rest_periods": [
        {
          "day": "day1",
          "time": "16:00-18:00",
          "purpose": "장거리 비행 후 적응 및 휴식"
        },
        {
          "day": "day4",
          "time": "15:00-17:00", 
          "purpose": "야비지 투어 후 체력 회복"
        }
      ],
      "medical_breaks": [
        "2시간마다 스트레칭 휴식",
        "장시간 앉기/서기 시 자세 변경",
        "무리한 액티비티 후 충분한 휴식"
      ],
      "emergency_contacts": [
        "숙소별 인근 의료시설 위치 확인",
        "렌터카 내 응급처치용품 비치",
        "여행자 보험 연락처 저장"
      ]
    },
    "romantic_surprises": {
      "yabiji_special": [
        "투어 중 수중 사진 촬영",
        "산호초에서 특별한 순간 연출",
        "투어 후 선셋 포인트에서 로맨틱 시간"
      ],
      "surprise_locations": [
        "17END (썰물 시 나타나는 모래톱)",
        "이나카야 사라하마 항구 선셋",
        "야비지 투어 기념품 준비"
      ]
    },
    "travel_preparation_reference": {
      "packing_checklist": "traveler_profile.json의 packing_checklist 섹션 참조",
      "note": "6개 카테고리 완전한 패킹 가이드 (의류, 전자기기, 개인용품, 의료용품, 여행서류, 액세서리)",
      "medical_items": "디스크 질환 관리용품 포함",
      "timing_guide": "1주일전/3일전/1일전 단계별 준비"
    },
    "integration_completed": {
      "yabiiji_tour": {
        "price_confirmed": "28,000엔 (현장 카드 결제)",
        "integration_status": "완료",
        "source": "20250921_추가정보_및_확인사항.md"
      },
      "mona_preferences": {
        "integration_status": "완료",
        "total_curated_places": 28,
        "priority_system": "구축됨"
      },
      "poi_mapping": {
        "integration_status": "완료",
        "total_mapped_pois": 18,
        "mapped_accommodations": 3,
        "mapped_attractions": 8,
        "mapped_dining": 2,
        "mapped_shopping": 2,
        "missing_pois": [
          "마키야마 전망대",
          "사라하마 항구",
          "해인요리 카리유시"
        ],
        "completion_date": "2025-09-22"
      }
    },
    "last_extension_update": "2025-09-22"
  }
}