{
  "schema_version": "1.1",
  "last_updated": "2025-09-22",
  "poi_data_source": "miyakojima_pois.json v127",
  "google_verified": true,
  "flights": {
    "outbound": {
      "date": "2025-09-27",
      "airline": "진에어",
      "flight_number": "LJ0357",
      "departure": {
        "time": "08:10",
        "airport": "ICN",
        "airport_name": "인천국제공항"
      },
      "arrival": {
        "time": "10:45",
        "airport": "SHI",
        "airport_name": "시모지시마 공항",
        "terminal": "터미널1"
      },
      "duration": "2시간 35분",
      "seat": "K36S3W",
      "class": "일반석/H",
      "online_checkin_tip": "48시간 전 온라인 체크인시 창가자리(A열) 사수 필수",
      "baggage": "위탁수하물 15KG"
    },
    "return": {
      "date": "2025-10-01",
      "airline": "진에어",
      "flight_number": "LJ0358",
      "departure": {
        "time": "11:45",
        "airport": "SHI",
        "airport_name": "시모지시마 공항"
      },
      "arrival": {
        "time": "14:25",
        "airport": "ICN",
        "airport_name": "인천국제공항",
        "terminal": "터미널2"
      },
      "duration": "2시간 40분",
      "seat": "K36S3W",
      "class": "일반석/Z",
      "online_checkin_tip": "48시간 전 온라인 체크인시 창가자리(F열) 사수 필수"
    }
  },
  "accommodations": {
    "strategy": {
      "day1": {
        "strategy_focus": "프리미엄 호텔 서비스 최대한 활용",
        "activity_focus": "호텔 내부 시설 집중, 외부 이동 최소화",
        "romantic_element": "석양 전망 객실에서 로맨틱 디너"
      },
      "day2": {
        "strategy_focus": "독채 + 프라이빗 수영장 집중 활용",
        "activity_focus": "완전한 프라이버시, 커플만의 시간",
        "romantic_element": "프라이빗 수영장에서 특별한 시간"
      },
      "day3_4": {
        "strategy_focus": "외부 활동 + 여자친구 서프라이즈 준비",
        "activity_focus": "미야코지마 완전 탐방, 가성비 체험",
        "romantic_element": "숨겨진 명소, 서프라이즈 계획"
      }
    },
    "hotels": {
      "day0": {
        "name": "인천공항 브라운도트 호텔 공항신도시점",
        "address": "인천 중구 운서동 2790-2",
        "booking_number": "25092200008922YE1",
        "guest_name": "김은태",
        "dates": {
          "checkin": "2025-09-26 18:00",
          "checkout": "2025-09-27 13:00",
          "nights": 1
        },
        "room_type": "디럭스 트윈(무료조식, 무료공항샌딩)",
        "payment_info": {
          "total_amount": "90,000원",
          "discount": "1,100원",
          "coupon": "6,500원",
          "points_used": "4,678P(M포인트)",
          "final_payment": "77,722원",
          "payment_date": "2025-09-22 00:05"
        },
        "transport_type": "차량 방문",
        "contact": "안심번호 0504-4042-9118",
        "cancellation_policy": "2025-09-25 23:59:59까지 무료 취소",
        "purpose": "출국 전날 공항 인근 숙박으로 여행 편의성 극대화"
      },
      "day1": {
        "name": "힐튼 오키나와 미야코 아일랜드 리조트",
        "name_english": "Hilton Okinawa Miyako Island Resort",
        "grade": "4성급",
        "dates": {
          "checkin": "2025-09-27 15:00",
          "checkout": "2025-09-28 11:00",
          "nights": 1
        },
        "room_info": {
          "type": "트윈 디럭스룸 - 석양 전망",
          "type_english": "Twin Deluxe Room Sunset View",
          "size": "[정보 수집 필요]",
          "beds": "트윈 베드",
          "view": "석양 전망"
        },
        "address": "550-7, Hirara Kugai, Miyakojima City, 미야코지마, 일본 906-0015",
        "amenities": {
          "pools": 5,
          "restaurants": 4,
          "spa": true,
          "fitness": true,
          "wifi": true,
          "parking": "무료"
        },
        "included_meals": ["조식", "석식"],
        "nearby_attractions": {
          "painagama_beach": "1.05km",
          "irabu_bridge": "2.46km"
        },
        "special_features": [
          "프리미엄 리조트 서비스",
          "5개 수영장 시설",
          "4개 레스토랑",
          "스파 서비스"
        ],
        "blog_insights": {
          "azure_restaurant": {
            "quality": "고품질 조식 제공",
            "note": "조식 레스토랑으로 추천받음"
          },
          "winter_pools": "동계시즌에도 온수풀 운영",
          "room_condition": "완벽한 룸 컨디션 (블로거 5/5 평점)",
          "traveler_rating": "매우 높은 만족도"
        }
      },
      "day2": {
        "name": "론살드 리조트 이라부",
        "name_english": "Ronsard Resort IRABU",
        "booking_platform": "Agoda",
        "booking_id": "1645388963",
        "dates": {
          "checkin": "2025-09-28 15:00",
          "checkout": "2025-09-29 11:00",
          "nights": 1
        },
        "room_info": {
          "type": "독채 빌라",
          "special_features": [
            "프라이빗 수영장",
            "오션뷰",
            "5실 한정 초럭셔리",
            "완전한 프라이버시"
          ]
        },
        "location": "이라부섬",
        "romantic_highlights": [
          "프라이빗 수영장에서 커플 시간",
          "독채 특성으로 완전한 프라이버시",
          "오션뷰에서 로맨틱 선셋"
        ]
      },
      "day3_4": {
        "name": "아파트호텔 11 미야코지마",
        "name_english": "Apartment Hotel 11 Miyakojima",
        "grade": "4성급",
        "booking_platform": "Trip.com",
        "booking_id": "1400820177391778",
        "dates": {
          "checkin": "2025-09-29 16:00",
          "checkout": "2025-10-01 10:00",
          "nights": 2
        },
        "room_info": {
          "type": "쿼드러플룸",
          "type_english": "Quadruple Room",
          "size": "25m²",
          "beds": "더블베드 2개 + 소파베드",
          "view": "오션뷰"
        },
        "address": "沖縄県宮古島市平良松原558-3, Okinawa, 미야코지마, 일본 906-0014",
        "phone": "+815017253618",
        "google_plus_code": "Q7QH+MC",
        "amenities": {
          "kitchen": "완비된 주방시설",
          "bathroom": "프라이빗 욕실",
          "aircon": true,
          "fridge": true,
          "free_water": true,
          "parking": "무료",
          "checkin_type": "셀프 체크인 (무인 운영)"
        },
        "nearby_facilities": {
          "maxvalu_minami": {
            "type": "24시간 슈퍼",
            "distance": "도보 8분",
            "hours": "24시간"
          },
          "family_mart": {
            "type": "편의점",
            "distance": "도보 6분",
            "hours": "24시간"
          },
          "drug_store": {
            "type": "드럭스토어",
            "distance": "차로 3분",
            "hours": "09:00-24:00"
          }
        },
        "nearby_attractions": {
          "painagama_beach": "1.6km",
          "yonaha_maehama_beach": "5.1km"
        },
        "cost_saving_strategy": {
          "cooking": "주방 완비로 식비 절약 가능",
          "shopping": "24시간 마트 인근으로 편리한 장보기",
          "parking": "무료 주차로 렌터카 비용 절약"
        }
      }
    }
  },
  "ground_transportation": {
    "parking_service": {
      "company": "세븐주차대행",
      "guest_name": "김은태",
      "vehicle_model": "카니발",
      "vehicle_number": "69도2295",
      "terminal": "제2터미널",
      "service_period": {
        "dropoff": "2025-09-27 06:00",
        "pickup": "2025-10-01 15:30"
      },
      "cost": "80,000원",
      "payment_info": {
        "bank": "국민은행",
        "account": "885701-00-101303",
        "account_holder": "곽보인",
        "payment_note": "입금자명에 '세븐 69도2295' 필수 입력"
      },
      "location_details": {
        "parking_floor": "지상3층주차장",
        "section": "서편154번 구역",
        "walking_distance": "출국장까지 20미터",
        "contact_before_arrival": "도착 30분전 연락 필수"
      },
      "contact_info": {
        "customer_service": "070-8873-2020",
        "mobile": "010-7737-3331"
      },
      "receipt_info": {
        "receipt_number": "1758461131",
        "online_receipt": "http://receipt.인천공항주차대행.com/?uid=93769"
      },
      "special_notes": [
        "18:00-05:00 입출고시 추가요금 15,000원",
        "카드결제시 10% 추가 수수료",
        "차량보관증 필수 보관"
      ]
    },
    "rental_car": {
      "status": "예약 완료",
      "company": "MIYACTIV렌터카",
      "reservation_number": "MV000561070",
      "vehicle_model": "프리우스 (하이브리드)",
      "vehicle_type": "미들·세단",
      "capacity": "5명",
      "rental_period": {
        "pickup": {
          "date": "2025-09-27",
          "time": "11:30",
          "location": "MIYACTIV렌터카 하지마공항점",
          "address": "이라부 이라부50",
          "pickup_note": "하지마공항 도착 → 짐수령 → 출구에서 교번/우체통 옆 대기"
        },
        "return": {
          "date": "2025-10-01",
          "time": "10:00",
          "location": "MIYACTIV렌터카 하지마공항점",
          "return_note": "15분 전 도착, 송영 30분 간격 (8:15∼19:00)"
        }
      },
      "cost_breakdown": {
        "base_rate": "17,500엔",
        "noc_insurance": "7,500엔",
        "total_cost": "25,000엔",
        "payment_method": "현지 결제"
      },
      "contact_info": {
        "phone": "0980-79-9505",
        "line_id": "@608tklzo",
        "operating_hours": "10:00-18:00"
      },
      "features": ["카네비", "블루투스", "백모니터", "WEB결제 가능"],
      "notes": [
        "국제운전면허증 필수",
        "좌측 통행 주의",
        "속도 제한 준수",
        "송영 무료 (대표자 1명만 가능)",
        "체크인 1시간 초과 시 취소 처리"
      ]
    },
    "local_transport": {
      "bus": {
        "availability": "제한적",
        "frequency": "1시간 간격",
        "cost_range": "200-600 JPY",
        "coverage": "섬 전체 순환"
      },
      "taxi": {
        "base_fare": "500 JPY (1.5km)",
        "airport_to_city": "약 1500 JPY",
        "island_tour": "15000-20000 JPY",
        "recommendation": "사전 예약 필수"
      }
    },
    "fuel_stations": {
      "recommended": [
        {
          "name": "ENEOS 셀프 니시자토 SS",
          "location": "아파트호텔에서 차로 4분",
          "hours": "07:00-21:00"
        }
      ]
    }
  },
  "travel_routes": {
    "공항_to_힐튼": {
      "distance": "7km",
      "car_time": "15분",
      "available_time": "4시간 15분 (10:45-15:00)",
      "usable_time": "3시간 (렌터카 픽업 고려)",
      "estimated_cost": "주유비 포함",
      "recommended_activities": [
        "파이나가마 비치 해변 적응",
        "이라부 대교 드라이브 & 포토타임",
        "평량시장 점심 + 기념품"
      ]
    },
    "힐튼_to_론살도": {
      "distance": "약 25km",
      "car_time": "40분",
      "available_time": "4시간 (11:00-15:00)",
      "usable_time": "3시간 20분",
      "date": "2025-09-28 (일요일)",
      "notes": "이라부섬 이동",
      "detailed_schedule": {
        "11:30-12:30": {
          "activity": "점심식사",
          "location": "히라라 시내",
          "options": [
            "미야코 소바 전문점 (580엔)",
            "해인요리 카리유시 (2,800엔 오마카세)",
            "카페 두 서던 (1,400엔 로코모코)"
          ],
          "recommendation": "미야코 소바로 현지 음식 체험"
        },
        "12:30-14:00": {
          "activity": "이라부 대교 드라이브",
          "location": "이라부 대교",
          "highlights": ["일본 최장 무료 통행 다리 3.5km", "바다 위 드라이브", "사진 촬영"],
          "notes": "론살도 리조트 가는 길목"
        },
        "14:00-14:30": {
          "activity": "마키야마 전망대",
          "location": "이라부 섬",
          "purpose": "이라부 대교 조망 최고 스팟",
          "cost": "무료"
        }
      },
      "optimal_route": {
        "path": "힐튼 → 히라라 시내 → 이라부 대교 → 마키야마 전망대 → 론살도 리조트",
        "total_distance": "25km",
        "total_time": "4시간 (활동 포함)",
        "fuel_cost": "약 500엔",
        "toll_cost": "무료",
        "traffic_notes": "일요일 오전 교통량 보통"
      }
    },
    "론살도_to_아파트호텔": {
      "distance": "약 35km",
      "car_time": "1시간",
      "available_time": "5시간 (11:00-16:00)",
      "usable_time": "4시간",
      "date": "2025-09-29 (월요일)",
      "notes": "본섬 복귀",
      "detailed_schedule": {
        "11:30-13:00": {
          "activity": "17END 관광",
          "location": "이라부 섬 남단",
          "highlights": ["썰물 때 환상적 경관", "하늘과 바다 경계선", "인생 사진 스팟"],
          "best_time": "썰물 시간 확인 필요",
          "notes": "론살도에서 가장 가까운 명소"
        },
        "13:00-14:00": {
          "activity": "점심식사",
          "location": "이라부 섬 현지 식당",
          "options": [
            "현지 해산물 정식",
            "이라부 섬 특산 요리"
          ]
        },
        "14:00-15:30": {
          "activity": "히라라 이동 및 쇼핑",
          "location": "돈키호테 미야코지마점",
          "purpose": "필요용품 구매, 기념품",
          "notes": "950평 단층 매장, 5,000엔 이상 면세"
        }
      },
      "optimal_route": {
        "path": "론살도 → 17END → 이라부 섬 식당 → 히라라 → 아파트먼트 호텔",
        "total_distance": "35km",
        "total_time": "5시간 (활동 포함)",
        "fuel_cost": "약 700엔",
        "toll_cost": "무료",
        "traffic_notes": "월요일 오후 시내 약간 혼잡"
      }
    }
  },
  "timing_optimization": {
    "meal_timing": {
      "힐튼_to_론살도_lunch": "12:00-13:00 (체크아웃 1시간 후)",
      "론살도_to_아파트_lunch": "13:00-14:00 (17END 관광 후)"
    },
    "photo_timing": {
      "이라부_대교": "12:30-14:30 (햇빛 좋을 때)",
      "17END": "11:30-12:30 (썰물 시간대)",
      "마키야마_전망대": "14:00-14:30 (오후 빛)"
    },
    "traffic_avoidance": {
      "히라라_시내": "13:00-15:00 피하기 (점심시간 이후 혼잡)",
      "주유소": "오전 시간 이용 권장"
    },
    "navigation_tools": {
      "google_maps_main": "https://maps.app.goo.gl/Y7PvZuY17n54HDUm9?g_st=i",
      "google_maps_additional": "https://maps.app.goo.gl/4XHiYxcKafxPYkfB9",
      "purpose": "미야코지마 여행 중 실시간 네비게이션 지원",
      "integration_note": "ChatGPT Projects Voice Mode에서 위치 기반 안내 시 활용"
    }
  },
  "extensions": {
    "booking_confirmations": {
      "hilton_confirmation": {
        "name": "힐튼 오키나와 미야코 아일랜드 리조트",
        "dates": "2025-09-27 ~ 2025-09-28",
        "status": "예약 확정",
        "confirmation_date": "2025-09-13",
        "room_type": "트윈 디럭스룸 - 석양 전망",
        "included_services": ["조식", "석식", "프리미엄 리조트 서비스"],
        "special_requests": "허리/목 디스크 고려한 침구 요청 가능",
        "notes": "첫날 도착 후 적응기간, 호텔 시설 집중 활용"
      },
      "ronsard_confirmation": {
        "name": "론살드 리조트 이라부",
        "booking_platform": "Agoda",
        "booking_id": "1645388963",
        "dates": "2025-09-28 ~ 2025-09-29",
        "status": "예약 확정",
        "confirmation_date": "2025-09-13",
        "room_type": "독채 빌라 - 프라이빗 수영장",
        "special_features": [
          "5실 한정 초럭셔리",
          "완전한 프라이버시",
          "오션뷰",
          "프라이빗 수영장"
        ],
        "romantic_focus": "커플 전용 시간, 프라이빗 공간",
        "accessibility": "의료 상황 고려한 편의시설 확인 완료"
      },
      "apartment_hotel_confirmation": {
        "name": "아파트호텔 11 미야코지마",
        "booking_platform": "Trip.com",
        "booking_id": "1400820177391778",
        "dates": "2025-09-29 ~ 2025-10-01",
        "status": "예약 확정",
        "confirmation_date": "2025-09-13",
        "room_type": "쿼드러플룸 (오션뷰, 25m²)",
        "amenities_verified": [
          "완비된 주방시설",
          "프라이빗 욕실",
          "무료 주차",
          "셀프 체크인"
        ],
        "nearby_medical_facilities": {
          "pharmacy": "차로 3분 거리 드럭스토어 (09:00-24:00)",
          "convenience_store": "도보 6분 패밀리마트 (24시간)",
          "supermarket": "도보 8분 맥스밸류 미나미 (24시간)"
        },
        "cost_optimization": "주방 활용으로 식비 절약 + 의료용품 구매 편의"
      },
      "rental_car_confirmation": {
        "status": "예약 완료 및 재확인됨",
        "confirmation_date": "2025-09-13",
        "booking_reference": "MV000561070",
        "company_verified": "MIYACTIV렌터카",
        "vehicle_confirmed": "프리우스 (하이브리드)",
        "total_cost_confirmed": "25,000엔",
        "payment_method": "현지 결제",
        "pickup_details": {
          "date": "2025-09-27",
          "time": "11:30",
          "location": "MIYACTIV렌터카 하지마공항점",
          "address": "이라부 이라부50",
          "instructions": "하지마공항 도착 → 짐수령 → 출구에서 교번/우체통 옆 대기",
          "contact_for_pickup": "0980-79-9505"
        },
        "return_details": {
          "date": "2025-10-01",
          "time": "10:00",
          "location": "MIYACTIV렌터카 하지마공항점",
          "instructions": "15분 전 도착 필수, 송영 30분 간격 (8:15∼19:00)",
          "airport_shuttle": "무료 제공"
        },
        "additional_notes": [
          "국제운전면허증 지참 필수",
          "체크인 1시간 초과 시 자동 취소",
          "NOC 보험 포함 (7,500엔)",
          "카네비, 블루투스, 백모니터 장착"
        ]
      }
    },
    "medical_accessibility": {
      "hilton_features": [
        "엘리베이터 완비 (목/허리 부담 최소화)",
        "룸서비스 가능 (이동 최소화)",
        "스파 서비스 (근육 이완 도움)"
      ],
      "ronsard_features": [
        "1층 빌라 구조 (계단 이용 최소화)",
        "프라이빗 공간 (스트레칭/휴식 자유)",
        "온수 수영장 (수치료 효과)"
      ],
      "apartment_features": [
        "주방 완비 (건강한 식단 관리)",
        "넓은 공간 (실내 운동/스트레칭)",
        "근처 약국 (응급 의료용품)"
      ]
    },
    "romantic_optimization": {
      "hilton_romance": [
        "석양 전망 객실에서 로맨틱 디너",
        "호텔 스파 커플 트리트먼트",
        "5개 수영장 중 조용한 곳에서 휴식"
      ],
      "ronsard_romance": [
        "프라이빗 수영장 독점 사용",
        "독채에서 완전한 프라이버시",
        "오션뷰에서 선셋 감상"
      ],
      "apartment_romance": [
        "주방에서 함께 요리하기",
        "오션뷰 발코니에서 아침커피",
        "근처 해변 산책 (파이나가마 비치 1.6km)"
      ]
    },
    "wifi_connectivity_verified": {
      "connectivity_research": {
        "hilton_wifi": {
          "status": "확인 완료",
          "quality": "고품질 리조트 WiFi",
          "coverage": "전 객실 및 공용구역",
          "speed_expectation": "스트리밍 가능 수준"
        },
        "ronsard_wifi": {
          "status": "확인 완료",
          "quality": "프라이빗 리조트 WiFi",
          "coverage": "독채 빌라 내 완비",
          "speed_expectation": "업무 가능 수준"
        },
        "apartment_hotel_wifi": {
          "status": "확인 완료",
          "quality": "아파트호텔 기본 WiFi",
          "coverage": "객실 내 제공",
          "speed_expectation": "기본 인터넷 사용 가능"
        }
      },
      "connectivity_backup": {
        "esim_ubigi": "주요 백업 인터넷",
        "mobile_hotspot": "eSIM을 통한 모바일 핫스팟 가능",
        "coverage_confidence": "미야코지마 전 지역 인터넷 접근 보장"
      },
      "research_completion": {
        "all_accommodations_verified": true,
        "wifi_concerns_resolved": true,
        "verification_date": "2025-09-13"
      },
      "source": "myinfo_integration_2025-09-13"
    },
    "fuel_strategy": {
      "estimated_consumption": "약 20-25리터 (4일간)",
      "fuel_cost_estimate": "3,000-4,000엔",
      "preferred_stations": [
        {
          "name": "ENEOS 셀프 니시자토 SS",
          "location": "아파트호텔에서 차로 4분",
          "hours": "07:00-21:00",
          "notes": "출국 전 주유 예정지"
        }
      ],
      "fuel_return_policy": "풀탱크 반납 필수"
    },
    "driving_considerations": {
      "medical_factors": [
        "운전자 허리 디스크 - 2시간마다 휴식 필요",
        "동승자 목 디스크 - 목 베개 지참",
        "장거리 운전 시 스트레칭 휴식 계획"
      ],
      "route_optimization": [
        "의료진의 권고에 따른 휴식 지점 포함",
        "편안한 좌석 조정 시간 고려",
        "스트레스 없는 여유로운 일정"
      ]
    },
    "practical_travel_tips": {
      "airport_entry_info": {
        "miyakojima_airport": {
          "visit_japan_web": "미야코지마 공항에서는 Visit Japan Web 사용 불가",
          "entry_process": "기존 종이 입국 신고서 작성 필요",
          "preparation": "입국 신고서 양식 미리 준비 권장",
          "language": "일본어/영어 양식"
        }
      },
      "cash_essential_places": [
        {
          "category": "주차장",
          "places": ["대부분의 관광지 주차장", "해변 주차장"],
          "reason": "카드 결제 불가능한 곳이 많음"
        },
        {
          "category": "소규모 식당",
          "places": ["현지 소바집", "이라부섬 현지 식당"],
          "reason": "카드 단말기 없는 곳 존재"
        },
        {
          "category": "자판기",
          "places": ["음료 자판기", "기념품 자판기"],
          "reason": "현금만 받는 구형 자판기"
        }
      ],
      "driving_tips": {
        "speed_limits": {
          "general_roads": "40km/h 제한 (엄격 단속)",
          "residential_areas": "30km/h",
          "main_roads": "최대 50km/h",
          "enforcement": "속도 단속 카메라 다수"
        },
        "local_driving_culture": [
          "매우 느린 속도로 운전 (현지인도 40km/h 준수)",
          "좁은 길에서 대향차 양보 문화",
          "주차는 대부분 무료이지만 지정된 곳에만",
          "렌터카 표시로 관광객 인식됨"
        ],
        "safety_considerations": [
          "좌측 통행 적응 시간 필요",
          "와이퍼와 방향지시등 위치 반대",
          "내비게이션은 일본어/영어 병행 사용"
        ]
      },
      "essential_apps": {
        "navigation": {
          "google_maps": {
            "offline_download": "미야코지마 지역 오프라인 다운로드 필수",
            "voice_navigation": "일본어 설정 권장"
          },
          "yahoo_car_navi": "현지 추천 내비 앱 (일본어)"
        },
        "translation": {
          "google_translate": {
            "camera_translation": "메뉴판, 간판 촬영 번역",
            "offline_japanese": "일본어 오프라인 패키지 다운로드",
            "conversation_mode": "음성 대화 번역"
          }
        },
        "local_info": {
          "weather": "일본 기상청 앱 또는 Weather News",
          "tide_info": "조수 정보 앱 (17END 방문시 필수)",
          "currency": "XE Currency (실시간 환율)"
        }
      },
      "communication_tips": {
        "basic_phrases": {
          "restaurant": {
            "order": "코레 쿠다사이 (これください) - 이것 주세요",
            "bill": "오카이케이 오네가이시마스 (お会計お願いします) - 계산해 주세요",
            "delicious": "오이시이 데스 (美味しいです) - 맛있어요"
          },
          "shopping": {
            "how_much": "이쿠라 데스카 (いくらですか) - 얼마예요?",
            "credit_card": "카도 데키마스카 (カードできますか) - 카드 되나요?",
            "cash_only": "겐킨 다케 (現金だけ) - 현금만"
          }
        },
        "emergency_phrases": {
          "medical": "타스케테 쿠다사이 (助けてください) - 도와주세요",
          "hospital": "뵤인 와 도코 데스카 (病院はどこですか) - 병원이 어디예요?",
          "police": "케사츠 (警察) - 경찰"
        }
      },
      "local_customs": {
        "dining_etiquette": [
          "젓가락 사용법 기본 숙지",
          "국물 소리내며 마시기 OK (소바/라멘)",
          "팁 문화 없음 (오히려 실례)",
          "식사 전 '이타다키마스', 후 '고치소사마'"
        ],
        "public_behavior": [
          "공공장소에서 조용히",
          "전화 통화는 외부에서",
          "신발 벗는 곳 확인 (일부 식당/숙소)",
          "쓰레기는 가져가기 (쓰레기통 거의 없음)"
        ]
      },
      "money_management": {
        "atm_access": [
          "편의점 ATM (세븐일레븐, 패밀리마트)",
          "우체국 ATM (가장 안정적)",
          "공항 ATM (출발 전 환전 가능)"
        ],
        "card_usage": [
          "대형 상점: 대부분 카드 가능",
          "소형 상점: 현금 준비 필요",
          "JCB 카드 선호도 높음",
          "비자/마스터카드도 대부분 가능"
        ]
      },
      "weather_preparedness": {
        "september_conditions": {
          "temperature": "최고 28-30도, 최저 24-26도",
          "humidity": "높은 습도 (70-80%)",
          "rainfall": "간헐적 소나기 가능성",
          "uv_index": "매우 높음 (SPF50+ 필수)"
        },
        "clothing_advice": [
          "통풍 잘되는 면 소재",
          "가벼운 방수 자켓 (소나기 대비)",
          "모자와 선글라스 필수",
          "편안한 워킹화"
        ]
      }
    },
    "last_extension_update": "2025-09-22"
  }
}