{
  "schema_version": "1.2",
  "last_updated": "2025-09-22",
  "traveler_info": {
    "primary": {
      "name": "김은태 (페노메노)",
      "name_english": "KIM EUN TAI",
      "passport": "M837S8460",
      "birth_date": "1985-10-28",
      "age": 40,
      "gender": "M",
      "passport_issued": "2025-09-02",
      "passport_expires": "2035-09-02",
      "blood_type": "[수집 필요]"
    },
    "companion": {
      "name": "정유민 (모나)",
      "name_english": "JEONG YUMIN",
      "birth_date": "1990-03-25",
      "age": 35,
      "gender": "F",
      "passport": "M107A0625",
      "passport_issued": "2024-03-12",
      "passport_expires": "2034-03-12",
      "blood_type": "[수집 필요]",
      "companion_preferences": {
        "curated_places": [
          "요나하 마에하마 해변",
          "덕스 버거 (Ducks Burger)",
          "블루 터틀 카페 (Blue Turtle Cafe)",
          "미야코지마 샌드 듄 (Sand Dune)",
          "스나야마 해변",
          "이라부 대교 전망대",
          "17END 해변"
        ],
        "preferred_categories": [
          "beach",
          "cafe",
          "local_restaurant",
          "scenic_spots",
          "photo_opportunities",
          "sunset_locations",
          "unique_experiences"
        ],
        "travel_style": "relaxed_exploration",
        "priority_factors": [
          "photo_opportunities",
          "local_experiences",
          "romantic_spots",
          "instagram_worthy_locations",
          "comfortable_environments",
          "unique_cafe_experiences"
        ],
        "google_maps_curation": {
          "primary_list": "maps.app.goo.gl/Y7PvZuY17n54HDUm9",
          "secondary_list": "maps.app.goo.gl/4XHiYxcKafxPYkfB9",
          "last_updated": "2025-09-22",
          "total_saved_places": 28,
          "integration_status": "completed",
          "sync_status": "active"
        },
        "mona_premium_system": {
          "enabled": true,
          "integration_date": "2025-09-22",
          "total_curated_places": 28,
          "priority_weighting": {
            "mona_curated_places": 0.5,
            "photo_opportunities": 0.25,
            "comfort_level": 0.15,
            "local_experiences": 0.1
          },
          "priority_categories": {
            "1.0": {
              "description": "모나 최고 추천",
              "count": 2,
              "places": ["Yonaha Beach", "레스토랑 퀴타운"]
            },
            "0.9": {
              "description": "모나 강력 추천",
              "count": 13,
              "characteristics": ["구체적 코멘트", "평점 4.5+", "현지감"]
            },
            "0.8": {
              "description": "모나 일반 추천",
              "count": 8,
              "characteristics": ["기본 추천", "평점 4.0+", "안정적 선택"]
            }
          },
          "real_time_filtering": {
            "enabled": true,
            "filters": [
              "mona_premium_first",
              "context_based_ranking",
              "personal_comment_boost",
              "google_rating_validation"
            ]
          }
        },
        "preferences_analysis": {
          "favorite_activities": [
            "해변 산책 및 사진 촬영",
            "카페에서 여유로운 시간",
            "현지 맛집 탐방",
            "선셋 감상",
            "자연 경관 감상"
          ],
          "avoidance_factors": [
            "과도한 체력 소모 활동",
            "시끄럽고 복잡한 장소",
            "급하게 이동하는 일정",
            "대기 시간이 긴 관광지"
          ],
          "ideal_day_structure": [
            "오전: 여유로운 시작",
            "오후: 주요 관광지 1-2곳",
            "저녁: 맛집에서 식사",
            "밤: 선셋 감상 또는 카페"
          ]
        }
      }
    }
  },
  "contact_info": {
    "primary_mobile": "010-8598-0189",
    "companion_mobile": "010-9525-2180",
    "japan_roaming": "eSIM Ubigi 예정 (여행 직전 설정)",
    "emergency_contact": "김아리 010-6212-0189"
  },
  "health_info": {
    "allergies": "[수집 필요]",
    "medications": "디스크 관련 처방약 (영문처방전 준비)",
    "dietary_restrictions": "[수집 필요]"
  },
  "travel_constraints": {
    "diet": [],
    "allergy": [],
    "avoid": ["long_queue", "crowded_places"],
    "prefer": ["premium_hotel_services", "private_experiences", "girlfriend_surprises", "photo_spots"],
    "language_level": "beginner_japanese",
    "travel_style": "luxury_relaxed",
    "couple_optimization": {
      "decision_priority": "companion_preferences_first",
      "companion_priority_weight": 0.7,
      "primary_priority_weight": 0.3,
      "conflict_resolution": [
        "모나의 선호 장소 우선 고려",
        "체력 소모 적은 활동 선택",
        "사진 촬영 기회 최대화",
        "여유로운 일정 유지"
      ],
      "shared_interests": [
        "맛집 탐방",
        "해변 산책",
        "카페 투어",
        "선셋 감상",
        "현지 문화 체험"
      ],
      "ai_system_guidelines": {
        "recommendation_order": [
          "1순위: 모나 큐레이션 장소 (priority_score 1.0)",
          "2순위: 모나 강력 추천 (priority_score 0.9)",
          "3순위: 모나 일반 추천 (priority_score 0.8+)",
          "4순위: 커플 공통 관심사",
          "5순위: 일반 관광지"
        ],
        "personalization_weights": {
          "mona_premium_places": 0.4,
          "google_rating_system": 0.25,
          "health_considerations": 0.15,
          "proximity_to_hotel": 0.1,
          "photo_opportunities": 0.05,
          "local_experiences": 0.05
        },
        "scoring_algorithm": {
          "base_score": 0.5,
          "calculation_method": "weighted_sum",
          "formula": "base_score + (mona_premium * 0.4) + (google_rating * 0.25) + (health_factor * 0.15) + (proximity * 0.1) + (photo_ops * 0.05) + (local_exp * 0.05)",
          "normalization": "0.0_to_1.0_scale",
          "minimum_threshold": 0.3,
          "recommendation_tiers": {
            "tier_1_must_visit": {
              "score_range": "0.85-1.0",
              "description": "모나 프리미엄 + 고평점 + 건강 고려"
            },
            "tier_2_highly_recommended": {
              "score_range": "0.7-0.84",
              "description": "높은 개인화 점수 + Google 검증"
            },
            "tier_3_recommended": {
              "score_range": "0.55-0.69",
              "description": "일반 추천 + 위치 고려"
            },
            "tier_4_optional": {
              "score_range": "0.3-0.54",
              "description": "기본 관광지 + 낮은 우선순위"
            }
          }
        },
        "real_time_updates": {
          "google_maps_sync": true,
          "preference_learning": true,
          "feedback_integration": true,
          "priority_score_based_ranking": true
        },
        "poi_integration_system": {
          "total_pois": 127,
          "google_verified_pois": 30,
          "mona_curated_pois": 28,
          "integration_completed": true,
          "last_integration": "2025-09-22",
          "google_update": "2025-09-22",
          "schema_version": "1.2",
          "google_rating_system": {
            "enabled": true,
            "weight_factor": 0.3,
            "rating_boost": {
              "4.5_plus": 0.2,
              "4.0_to_4.4": 0.1,
              "3.5_to_3.9": 0.0,
              "below_3.5": -0.1
            },
            "review_count_boost": {
              "100_plus": 0.15,
              "50_to_99": 0.1,
              "10_to_49": 0.05,
              "below_10": 0.0
            }
          },
          "health_consideration_system": {
            "enabled": true,
            "rest_spots_priority": {
              "cafes": 0.2,
              "hotels": 0.15,
              "covered_areas": 0.1,
              "air_conditioned": 0.2
            },
            "low_activity_boost": 0.15,
            "accessibility_factors": [
              "parking_available",
              "minimal_walking",
              "comfortable_seating",
              "shade_available"
            ]
          },
          "apartment_hotel_11_radius_system": {
            "base_location": {
              "name": "아파트호텔 11",
              "lat": 24.7388,
              "lng": 125.2814,
              "address": "Shimoji, Miyakojima"
            },
            "radius_classification": {
              "within_5km": {
                "priority_boost": 0.3,
                "categories": ["convenience_store", "restaurant", "beach", "supermarket"]
              },
              "within_10km": {
                "priority_boost": 0.2,
                "categories": ["major_attractions", "shopping", "activities"]
              },
              "within_15km": {
                "priority_boost": 0.1,
                "categories": ["scenic_spots", "cultural_sites"]
              },
              "beyond_15km": {
                "priority_boost": 0.0,
                "special_consideration": "require_strong_motivation"
              }
            }
          }
        },
        "girlfriend_surprises": {
          "task": "여자친구 취향 맞춤 장소 발굴",
          "status": "완료",
          "completion_date": "2025-09-22",
          "result": "127개 POI 중 28개 모나 프리미엄 장소 통합됨 + Google 검증 30개 완료",
          "achievement": {
            "mona_premium_system": "구축 완료",
            "curated_places_count": 28,
            "priority_scoring_enabled": true,
            "real_time_filtering_active": true
          },
          "impact": "모든 여행 추천이 모나의 취향을 우선적으로 반영하도록 시스템 최적화됨"
        }
      }
    }
  },
  "insurance_info": {
    "travel_insurance": "NOC (Non-Owned Car) 보험 포함",
    "insurance_company": "렌터카 보험 확인 완료",
    "policy_number": "[수집 필요]",
    "emergency_contact": "김아리 010-6212-0189"
  },
  "financial_info": {
    "primary_card": "하나 트래블로그 카드",
    "backup_card": "[수집 필요]",
    "cash_jpy": 134244,
    "daily_budget": 20000,
    "meal_budget": "3000-5000",
    "currency": "JPY"
  },
  "extensions": {
    "poi_integration_completed": {
      "integration_date": "2025-09-22",
      "version": "1.2",
      "total_pois_before": 105,
      "total_pois_after": 127,
      "google_verified": 30,
      "mona_places_integrated": 28,
      "exact_matches": 4,
      "new_additions": 22,
      "priority_system_applied": true,
      "google_rating_system_enabled": true,
      "health_consideration_system_enabled": true,
      "proximity_scoring_enabled": true,
      "schema_upgrade": "1.1 -> 1.2",
      "algorithm_improvements": [
        "Google 평점 기반 선호도 점수 조정",
        "디스크 질환 고려한 휴식 장소 POI 매핑",
        "아파트호텔 11 중심 반경별 POI 분류",
        "개인화 가중치 재조정",
        "4단계 추천 티어 시스템 구축"
      ],
      "chatgpt_projects_ready": true
    },
    "verified_contact_info": {
      "primary_mobile_verified": "010-8598-0189",
      "companion_mobile_verified": "010-9525-2180",
      "verification_date": "2025-09-13",
      "notes": "Contact numbers confirmed and verified for Japan travel"
    },
    "medical_information": {
      "primary_traveler": {
        "condition": "디스크 질환",
        "condition_english": "Disk condition",
        "location": "허리 (lower back)",
        "medication": "tramadol_combination",
        "medication_english": "Pain relief medication",
        "travel_considerations": [
          "장시간 앉기 시 허리 쿠션 필요",
          "정기적인 스트레칭 휴식 필요",
          "무거운 짐 들기 제한",
          "2시간마다 휴식 필요"
        ]
      },
      "companion_traveler": {
        "condition": "디스크 질환",
        "condition_english": "Disk condition",
        "location": "목 (neck)",
        "medication": "pregabalin_lyrica",
        "medication_english": "Nerve pain medication",
        "travel_considerations": [
          "목 베개 지참 필요",
          "장시간 고개 숙이기 제한",
          "스트레스 관리 중요"
        ]
      },
      "travel_medical_kit": [
        "개인 처방약 (충분한 여분)",
        "파스 및 외용 진통제",
        "목/허리 서포터",
        "휴대용 온열팩"
      ],
      "medication_import_requirements": {
        "trip_duration": "5일 (4박5일)",
        "medication_amount": "1주일치 (1개월 이하)",
        "yakkan_shoumei_required": false,
        "simple_requirements": [
          "영문 처방전 지참",
          "원래 포장지에 보관",
          "의사 처방전과 약물명 일치 확인"
        ],
        "medications_covered": {
          "pregabalin_lyrica": {
            "for_traveler": "모나 (경추 디스크)",
            "amount": "1주일분",
            "requirement": "영문 처방전만 필요"
          },
          "tramadol_combination": {
            "for_traveler": "페노메노 (요추 디스크)",
            "amount": "1주일분",
            "requirement": "영문 처방전만 필요"
          }
        },
        "verification_date": "2025-09-13",
        "note": "5일 단기 여행으로 복잡한 허가 절차 불필요"
      },
      "general_medication_guidelines": {
        "prescription_medications": [
          "영문 처방전 필수 지참",
          "원래 포장지 보관",
          "용량 및 복용법 영문 기재"
        ],
        "over_the_counter": [
          "일반의약품 소량 허용",
          "성분표 확인 권장"
        ],
        "prohibited_substances": [
          "마약류 성분 약물",
          "정신과 약물 (허가 필요)",
          "스테로이드 (용량 제한)"
        ]
      }
    },
    "travel_preparation": {
      "equipment_status": {
        "completed_purchases": [
          {
            "item": "스마트폰 거치대 (차량용)",
            "priority": "high",
            "purpose": "네비게이션 및 길찾기",
            "status": "구매 완료",
            "estimated_cost": "15,000-30,000원"
          },
          {
            "item": "스마트폰 충전기 (차량용)",
            "priority": "high",
            "purpose": "차량 내 충전",
            "status": "구매 완료",
            "estimated_cost": "10,000-20,000원"
          },
          {
            "item": "보조배터리",
            "priority": "medium",
            "specifications": "100Wh 이하",
            "airline_rules": "기내 반입만 가능, 위탁 금지",
            "status": "구매 완료",
            "notes": "용량 표기 명확한 제품 선택"
          }
        ],
        "pending_items": [
          "eSIM Ubigi 설정 (여행 직전)",
          "영문 처방전 준비",
          "국제운전면허증 확인",
          "여행자 보험 최종 확인"
        ]
      },
      "airline_regulations": {
        "보조배터리": {
          "capacity_limit": "100Wh 이하",
          "carry_on": "허용",
          "checked_baggage": "금지",
          "quantity_limit": "개인용 2개까지",
          "watt_hour_calculation": "mAh × 전압(V) ÷ 1000 = Wh",
          "common_sizes": {
            "20000mAh": "약 74Wh (허용)",
            "26800mAh": "약 99Wh (허용)",
            "30000mAh": "약 111Wh (금지)"
          }
        },
        "liquid_restrictions": {
          "container_size": "100ml 이하",
          "total_volume": "1L 이하",
          "bag_requirement": "투명 지퍼백 포장"
        }
      },
      "pre_departure_documents": {
        "completed": [
          {
            "item": "여권 유효기간 확인",
            "status": "완료",
            "notes": "김은태(2035.9.2), 정유민(2034.3.12)"
          },
          {
            "item": "항공권 재확인",
            "status": "완료",
            "details": "LJ0357/LJ0358, K36S3W"
          },
          {
            "item": "숙소 예약 확인서",
            "status": "완료",
            "notes": "힐튼, 론살도(1645388963), 아파트호텔(1400820177391778)"
          },
          {
            "item": "렌터카 예약 확인서",
            "status": "완료",
            "details": "MV000561070, 프리우스"
          }
        ],
        "pending": [
          {
            "item": "국제운전면허증",
            "status": "확인 필요"
          },
          {
            "item": "여행자 보험",
            "status": "가입 필요"
          }
        ]
      }
    },
    "packing_checklist": {
      "categories": [
        {
          "category": "의류",
          "items": ["여름 의류", "수영복", "래쉬가드", "가벼운 자켓"],
          "notes": "9월-10월 미야코지마 날씨 고려 (최고 28-30도, 최저 24-26도)",
          "priority": "high"
        },
        {
          "category": "전자기기",
          "items": ["스마트폰", "충전기", "카메라", "어댑터", "보조배터리"],
          "notes": "일본은 110V, A타입 플러그",
          "priority": "high"
        },
        {
          "category": "개인용품",
          "items": ["선글라스", "선크림 SPF50+", "상비약", "개인 세면용품"],
          "notes": "강한 자외선 대비 필수",
          "priority": "high"
        },
        {
          "category": "의료용품",
          "items": ["개인 처방약 (충분한 여분)", "파스 및 외용 진통제", "목/허리 서포터", "휴대용 온열팩"],
          "notes": "디스크 질환 관리 및 영문 처방전 지참",
          "priority": "high"
        },
        {
          "category": "여행 서류",
          "items": ["여권", "국제운전면허증", "항공권", "숙소 예약 확인서", "렌터카 예약 확인서"],
          "notes": "모든 서류 복사본 별도 보관",
          "priority": "critical"
        },
        {
          "category": "액세서리",
          "items": ["수영용품", "방수가방", "목 베개", "허리 쿠션"],
          "notes": "야비지 투어 및 의료 상황 고려",
          "priority": "medium"
        }
      ],
      "preparation_timeline": {
        "1주일_전": ["의료용품 준비", "영문 처방전 발급", "여행자 보험 가입"],
        "3일_전": ["짐 정리", "eSIM 설정", "환전"],
        "1일_전": ["최종 체크", "항공편 확인", "짐 최종 점검"]
      },
      "special_considerations": {
        "medical": "디스크 질환으로 인한 장시간 이동 대비책",
        "climate": "9-10월 미야코지마 아열대 기후",
        "activities": "스노클링, 해변 활동, 드라이브 투어"
      }
    },
    "communication_setup_verified": {
      "roaming_status": "eSIM Ubigi 준비 완료",
      "primary_number": "010-8598-0189 (김은태)",
      "companion_number": "010-9525-2180 (정유민)",
      "japan_connectivity": "eSIM 활성화 예정",
      "carriers": {
        "primary_traveler": "미확인",
        "companion_traveler": "KT 엠모바일"
      },
      "communication_options": [
        {
          "type": "한국 유심 로밍",
          "pros": ["번호 변경 없음", "간편함"],
          "cons": ["비용 높음", "속도 제한"],
          "estimated_cost": "일 5,000-10,000원"
        },
        {
          "type": "현지 5G 유심/도시락",
          "pros": ["속도 빠름", "비용 절약"],
          "cons": ["번호 변경", "설정 필요"],
          "estimated_cost": "4박5일 20,000-30,000원"
        }
      ],
      "verification_date": "2025-09-13",
      "source": "myinfo_integration_2025-09-13"
    },
    "financial_info_verified": {
      "cash_confirmed": {
        "amount": "134,244엔",
        "source": "하나은행 환전",
        "verification_date": "2025-09-13"
      },
      "travel_card": {
        "name": "Hana Travel Log card",
        "type": "해외여행 전용카드",
        "status": "준비 완료",
        "verification_date": "2025-09-13"
      },
      "total_budget": {
        "cash": 134244,
        "card": "unlimited",
        "currency": "JPY",
        "daily_spending_plan": "20,000 JPY/일 기준"
      },
      "source": "myinfo_integration_2025-09-13"
    },
    "emergency_contact_verified": {
      "primary_contact": {
        "name": "김아리",
        "phone": "010-6212-0189",
        "relationship": "가족/친척",
        "contact_type": "국내 응급연락처"
      },
      "verification_date": "2025-09-13",
      "source": "myinfo_integration_2025-09-13"
    },
    "blog_verified_tips": {
      "airport_immigration": {
        "miyakojima_airport_entry": {
          "critical_info": "Visit Japan Web QR코드 사용 불가",
          "required_action": "비행기에서 제공하는 종이 입국신고서 작성 필수",
          "source": "실제 여행자 경험 (2025년 1월)"
        }
      },
      "cash_requirements": {
        "cash_only_places": [
          "공항버스",
          "택시",
          "주유소",
          "로컬 식당"
        ],
        "recommended_amount": "1인당 40만원 정도",
        "note": "카드 결제가 안 되는 곳이 많음"
      },
      "driving_tips": {
        "speed_limit": "섬 전체 속도제한 40km/h",
        "difficulty": "속도 제한으로 운전 자체는 쉬움",
        "preparation": "일본 운전 규칙(우회전, 정지선) 유튜브 사전 학습 필수"
      },
      "useful_apps": {
        "essential_apps": [
          {
            "name": "Kuli Kuli",
            "purpose": "메뉴판 사진 번역에 유용"
          },
          {
            "name": "Payke",
            "purpose": "돈키호테 등에서 상품 바코드 스캔하여 정보 확인"
          },
          {
            "name": "Triple",
            "purpose": "여행 일정 정리, 경비 관리"
          }
        ]
      },
      "insurance_verification": {
        "noc_insurance_status": {
          "coverage_type": "NOC (Non-Owned Car) 보험",
          "rental_car_coverage": "충분함",
          "verification_date": "2025-09-13",
          "coverage_details": [
            "렌터카 손해 보상",
            "제3자 배상 책임",
            "운전자 상해 보험"
          ],
          "source": "myinfo_integration_2025-09-13"
        }
      }
    },
    "ongoing_discoveries": {
      "girlfriend_surprises": {
        "task": "여자친구 취향 맞춤 장소 발굴",
        "status": "완료",
        "completion_date": "2025-09-22",
        "result": "127개 POI 중 28개 모나 프리미엄 장소 통합됨 + Google 검증 30개 완료",
        "methods": ["현지 정보 수집", "SNS 핫플레이스", "현지인 추천", "구글맵 큐레이션"],
        "focus_areas": ["포토 스팟", "카페", "선셋 명소", "특별한 체험"],
        "achievement": {
          "mona_premium_system": "구축 완료",
          "curated_places_count": 28,
          "priority_scoring_enabled": true,
          "real_time_filtering_active": true
        }
      },
      "internet_research": {
        "topic": "미야코지마 인터넷 환경",
        "status": "조사 완료",
        "questions": [
          "5G 커버리지는 어느 정도인가?",
          "로밍 속도 vs 현지 유심 속도 비교",
          "주요 관광지에서 인터넷 속도는?",
          "WiFi 무료 제공 장소는?"
        ],
        "findings": {
          "connectivity_solution": "eSIM Ubigi 준비 완료",
          "backup_plan": "현지 5G 유심 도시락 옵션 확인됨",
          "cost_analysis": "로밍 vs 현지유심 비교 완료"
        }
      }
    },
    "last_extension_update": "2025-09-22"
  }
}