Unnamed: 0,Unnamed: 1,Unnamed: 2,Unnamed: 3,Unnamed: 4,Unnamed: 5,Unnamed: 6,Unnamed: 7,Unnamed: 8,Unnamed: 9,Unnamed: 10,Unnamed: 11,Unnamed: 12,Unnamed: 13,Unnamed: 14,Unnamed: 15,Unnamed: 16,Unnamed: 17,Unnamed: 18,Unnamed: 19,Unnamed: 20,Unnamed: 21,Unnamed: 22,Unnamed: 23,Unnamed: 24,Unnamed: 25,Unnamed: 26,Unnamed: 27,Unnamed: 28,Unnamed: 29,Unnamed: 30,Unnamed: 31,Unnamed: 32,Unnamed: 33,Unnamed: 34,Unnamed: 35,Unnamed: 36,Unnamed: 37,Unnamed: 38,Unnamed: 39,Unnamed: 40,Unnamed: 41,Unnamed: 42,44166,44531,44896,45261,45627,Dec-25(E),Dec-26(E),Dec-27(E),Unnamed: 51,Unnamed: 52,Unnamed: 53,Unnamed: 54,Unnamed: 55,Unnamed: 56,44166.1,44531.1,44896.1,45261.1,45627.1,Dec-25(E).1,Dec-26(E).1,Dec-27(E).1,Unnamed: 65,Unnamed: 66,Unnamed: 67,Unnamed: 68,Unnamed: 69,Unnamed: 70,44166.2,44531.2,44896.2,45261.2,45627.2,Dec-25(E).2,Dec-26(E).2,Dec-27(E).2,Unnamed: 79,Unnamed: 80,Unnamed: 81,Unnamed: 82,Unnamed: 83,Unnamed: 84,44197,44562,44927,45292,45658,Jan-26(E),Jan-27(E),Jan-28(E),Unnamed: 93,Unnamed: 94,Unnamed: 95,→→,여기까지
,기업정보,,,,,,Price,,,Market Cap,수익성,,활동성,밸류 (Oct-25),,,성장률,,밸류에이션,,,,,,기대수익률 (10Y),,Fwd 12M EPS Consensus Change (%),,,,,,Fwd 12M EPS Consensus (USD),,,,,,,,,LLY,2020/12,2021/12,2022/12,2023/12,2024/12,2025/12(E),2026/12(E),2027/12(E),,,,,,NVO,2020/12,2021/12,2022/12,2023/12,2024/12,2025/12(E),2026/12(E),2027/12(E),,,,,,MRK,2020/12,2021/12,2022/12,2023/12,2024/12,2025/12(E),2026/12(E),2027/12(E),,,,,,LULU,2021/01,2022/01,2023/01,2024/01,2025/01,2026/01(E),2027/01(E),2028/01(E),,,,,
,Ticker,Corp,Exchange,WI26,FY 0,설립,현재가,전일대비,전주대비,(USD mn),ROE (Fwd),OPM (Fwd),CCC (FY 0),PER (Oct-25),% PER (Avg),PBR (Oct-25),Sales (3),,PER (3),PER (5),PER (10),PEG (Oct-25),PER (Avg),Price ,Return (Y),DY (FY+1),W,1 M,3 M,6 M,YTD,12 M,45933,45926.0,45903.0,45841.0,45750.0,45653.0,45568.0,,,매출,24540,28318,28541,34124,45043,61696,73041,84168,,,,,,매출,19454,22395,25058,33721,42131,49419,52444,56856,,,,,,매출,41518,48704,59283,60115,64168,64700,68093,71959,,,,,,매출,4402,6257,8111,9619,10588,10959,11457,12119,,,,,
,LLY,Eli Lilly,NYSE,건강관리,45627,1901,839.87,0.024419101055070946,0,794900.6,0.8025,0.44866887607097083,130.2466489095847,41.238363136106216,-0.1254025474169569,31.865379260939875,0.23170460883984423,Sales (3),19.182385249065494,12.644145242627193,4.460223724919724,1.779781737730148,47.151250000000005,8878.68474315439,0.2659415571339012,0.0074535344755736,0.022678951098511715,0.0223166843783209,0.10872070687668069,0.14297029702970296,0.2764263600176913,0.31660583941605824,28.86,28.22,28.23,26.03,25.25,22.61,21.92,,,영업이익,6058,5952,7127,6458,12899,25492,33209,39883,,,,,,영업이익,8294,9328,10594,14892,18619,20862,22980,25267,,,,,,영업이익,4973,12538,17945,1783,19912,26985,28634,31548,,,,,,영업이익,820,1333,1328,2133,2506,2164,2105,2257,,,,,
,NVO,Novo-Nordisk ADR repsg 1 B,NYSE,건강관리,45627,1931,59.63,0.015151515151515138,0,201548.9,0.5781,0.43563727377743544,116.26171141963624,16.369423531570952,-0.36620177982495583,9.162037623885425,0.10507438331362516,Sales (3),12.146628051748817,9.946555485002106,6.03552636350875,1.5578890891713948,25.827499999999997,255.1714187368187,0.15647625956826983,0.031695455307731005,0.0024937655860348597,-0.019512195121951237,-0.11061946902654868,-0.056338028169014134,0.030769230769230684,-0.01711491442542794,4.02,4.01,4.1,4.52,4.26,3.9,4.09,,,순이익,6194,5582,6245,5240,10590,20519,27178,32848,,,,,,순이익,6457,7596,7863,12150,14651,16587,18078,19636,,,,,,순이익,7067,13049,14519,365,17117,22272,23850,26311,,,,,,순이익,589,975,855,1550,1815,1539,1502,1619,,,,,
,MRK,Merck & Co,NYSE,건강관리,45627,1970,89.19,-0.0035750195508882365,0,222777.3,0.4072,0.41995974074496945,75.81434836146833,10.476964423590758,-0.9031569586949137,3.9049748084831153,0.03893618379560692,Sales (3),8.679635181433603,8.041253018545412,6.643231202052684,2.690804131855585,108.185,1452.4588798021302,0.32183962976513736,0.03610270209664761,0.006342494714587602,0.00847457627118645,0.011689691817215667,0.02696871628910464,0.004219409282700331,0.005279831045406434,9.52,9.46,9.44,9.41,9.27,9.48,9.47,,,[단위: USD mn],$,,,,,,,,,,,,,[단위: USD mn],$,,,,,,,,,,,,,[단위: USD mn],$,,,,,,,,,,,,,[단위: USD mn],$,,,,,,,,,,,,
,LULU,lululemon athletica,NASDAQ,"화장품,의류,완구",45658,2005,175.59,-0.014646464646464574,0,20822.17,0.2849,0.1870766548185903,41.20807901062962,13.149589136049673,-0.6089777605159372,4.326764978154606,0.046046404271696664,Sales (3),12.468647006788993,11.395081301756463,9.098350710557972,2.8557255108261144,33.62875,649.0046823154253,0.13965868668910875,0,-0.012279355333844985,-0.14541832669322718,-0.14937210839391946,-0.16265452179570594,-0.14655172413793108,-0.12150170648464172,12.87,13.03,15.06,15.13,15.37,15.08,14.65,,,,,,,,,,,,,,,,,,,,,,,,,,,,,,,,,,,,,,,,,,,,,,,,,,,,,,,,,,
,,   ,,,,,,,,,,,,,,,,,,,,,,,,,,,,,,,,,,,,,,,,R/S,0.2524042379788101,0.1971184405678367,0.21880803055253845,0.15355761340991678,0.23510867393379659,0.3325823392116183,0.3720923864678742,0.3902670848778633,,,,,,R/S,0.33191117507967516,0.3391828533154722,0.3137920025540745,0.3603095993594496,0.34774868861408464,0.3356401384083045,0.3447105483944779,0.3453637259040383,,,,,,R/S,0.1702153282913435,0.26792460578186594,0.24491000792807383,0.006071695916160692,0.2667528986410672,0.34423493044822256,0.3502562671640257,0.3656387665198238,,,,,,R/S,0.13380281690140844,0.15582547546747644,0.1054124029096289,0.16113941158124545,0.171420476010578,0.14043252121543937,0.13109889150737541,0.13359188051819457,,,,,
,,   ,,,,,,,,,,,,,,,,,,,,,,,,,,,,,,,,,,,,,,,,S/A,0.5262367851092574,0.5802155472687784,0.5767023641139624,0.533137518357654,0.572228927142222,0.638946136558995,0.6291485421422112,0.6009424532343282,,,,,,S/A,0.8178416782276033,0.7530515484717039,0.7215087820328246,0.7242171728018556,0.6514364350434487,0.6062565172054223,0.5941854931907276,0.5980183856785241,,,,,,S/A,0.4533126610472988,0.4608019376691203,0.543083547086845,0.5635340988985236,0.5479480129113794,0.5221911041880211,0.506478533813335,0.48613062746581637,,,,,,S/A,1.0518518518518518,1.2660866046135169,1.4465846263599074,1.3563169768753525,1.3926081809811917,1.3179795550210462,1.2686302735023807,1.2893924885626131,,,,,
,,   ,,,,,,,,,,,,,,,,,,,,,,,,,,,,,,,,,,,,,,,,A/E,8.265331442750798,5.435571889965475,4.646948356807512,5.941886372075752,5.546434611048478,3.620374189194256,2.6083488732615874,2.107813628702143,,,,,,A/E,2.288531845295363,2.7492835351761116,2.889831918788484,2.9512581606135515,3.246197861767806,2.7278963924770765,2.428583220977905,2.2410428059588914,,,,,,A/E,3.617648220563258,2.768018018018018,2.373507860233524,2.8385354301375694,2.5285772893140157,2.3771344154099996,2.1617918991493945,1.9675146875083074,,,,,,A/E,1.6354044548651818,1.8036496350364963,1.7805652588123213,1.6758034026465027,1.7583256244218317,1.7279717373233583,1.6607208532548732,1.5685914552736984,,,,,
,,   ,,,,,,,,,,,,,,,,,,,,,,,,,,,,,,,,,,,,,,,,,,,,,,,,,,,,,,,,,,,,,,,,,,,,,,,,,,,,,,,,,,,,,,,,,,,,,,,
,,   ,,,,,,,,,,,,,,,,,,,,,,,,,,,,,,,,,,,,,,,,항목,2020/12,2021/12,2022/12,2023/12,2024/12,전년대비,2025/06,전년동기대비,,,,,,항목,2020/12,2021/12,2022/12,2023/12,2024/12,전년대비,2025/06,전년동기대비,,,,,,항목,2020/12,2021/12,2022/12,2023/12,2024/12,전년대비,2025/06,전년동기대비,,,,,,항목,2021/01,2022/01,2023/01,2024/01,2025/01,전년대비,2025/07,전년동기대비,,,,,
,,   ,,,,,,,,,,,,,,,,,,,,,,,,,,,,,,,,,,,,,,,,매출액(수익),24540,28318,28541,34124,45043,32,15558,37.64,,,,,,매출액(수익),19454,22395,25058,33721,42131,24.94,11683,18.91,,,,,,매출액(수익),41518,48704,59283,60115,64168,6.74,15806,-1.9,,,,,,매출액(수익),4402,6257,8111,9619,10588,10.07,2525,6.5,,,,,
,,   ,,,,,,,,,,,,,,,,,,,,,,,,,,,,,,,,,,,,,,,,매출원가,5483,7313,6630,7082,8418,18.87,2448,12.79,,,,,,매출원가,3208,3763,4028,5193,6320,21.7,1953,31.66,,,,,,매출원가,11583,13241,17206,15915,14698,-7.65,3457,-6.03,,,,,,매출원가,1938,2648,3618,4010,4317,7.67,1048,9.29,,,,,
,,   ,,,,,,,,,,,,,,,,,,,,,,,,,,,,,,,,,,,,,,,,판매비와관리비,12207,13458,13631,16717,19584,17.16,6089,26.11,,,,,,판매비와관리비,7969,9278,10503,13427,15656,16.6,4642,21.09,,,,,,판매비와관리비,19010,19869,21766,23045,25175,9.24,6643,7.01,,,,,,판매비와관리비,1614,2234,2766,3402,3762,10.56,953,9.34,,,,,
,,   ,,,,,,,,,,,,,,,,,,,,,,,,,,,,,,,,,,,,,,,,연구개발비,6086,7026,7191,9313,10991,18.01,3336,23.05,,,,,,연구개발비,2101,2591,3082,4265,5516,29.34,1777,17.61,,,,,,연구개발비,10102,10254,11818,12663,14442,14.05,3995,14.14,,,,,,연구개발비,,,,,,,,,,,,,
,,   ,,,,,,,,,,,,,,,,,,,,,,,,,,,,,,,,,,,,,,,,영업이익,6058,5952,7127,6458,12899,99.74,6867,84.86,,,,,,영업이익,8294,9328,10594,14892,18619,25.02,5085,35.81,,,,,,영업이익,4973,12538,17945,1783,19912,1017.08,4992,-17.46,,,,,,영업이익,820,1333,1328,2133,2506,17.49,524,-3.04,,,,,
,,   ,,,,,,,,,,,,,,,,,,,,,,,,,,,,,,,,,,,,,,,,,,,,,,,,,,,,,,,,,,,,,,,,,,,,,,,,,,,,,,,,,,,,,,,,,,,,,,,
,,   ,,,,,,,,,,,,,,,,,,,,,,,,,,,,,,,,,,,,,,,,,44166,44531,44896,45261,45627,45809,,,,,,,,,44166,44531,44896,45261,45627,45809,,,,,,,,,44166,44531,44896,45261,45627,45809,,,,,,,,,44197,44562,44927,45292,45658,45839,,,,,,,
,,   ,,,,,,,,,,,,,,,,,,,,,,,,,,,,,,,,,,,,,,,,매출원가,0.22343113284433577,0.2582456388163006,0.23229739672751482,0.20753721720783028,0.18688808471904625,0.15734670266101042,,,,,,,,매출원가,0.1649018196771872,0.16802857780754632,0.16074706680501238,0.15399899172622403,0.15000830742208826,0.1671659676452966,,,,,,,,매출원가,0.27898742714003566,0.27186678712220763,0.29023497461329556,0.2647425767279381,0.22905498067572622,0.21871441224851323,,,,,,,,매출원가,0.44025442980463425,0.42320600926961804,0.4460609049439033,0.41688325189728664,0.4077257272383831,0.41504950495049503,,,,,,,
,,   ,,,,,,,,,,,,,,,,,,,,,,,,,,,,,,,,,,,,,,,,판관비,0.4974327628361858,0.47524542693693056,0.4775936372236432,0.489889813620912,0.4347845392180805,0.39137421262373057,,,,,,,,판관비,0.4096329803639354,0.41428890377316363,0.4191475776199218,0.3981791761810148,0.37160285775319835,0.3973294530514423,,,,,,,,판관비,0.4578736933378294,0.40795417214191854,0.36715415886510466,0.38334858188472093,0.39232951003615507,0.42028343666961915,,,,,,,,판관비,0.36665152203543844,0.3570401150711203,0.34101837011465913,0.3536750181931594,0.35530789573101623,0.37742574257425743,,,,,,,
,,   ,,,,,,,,,,,,,,,,,,,,,,,,,,,,,,,,,,,,,,,,R&D,0.24800325998370007,0.2481107422840596,0.25195333029676603,0.27291642245926623,0.24401127811202628,0.21442344774392597,,,,,,,,R&D,0.10799835509406806,0.11569546773833445,0.12299465240641712,0.12647904866403725,0.1309249721107973,0.15210134383291962,,,,,,,,R&D,0.24331615203044463,0.21053712220762155,0.1993488858526053,0.21064626133244616,0.22506545318538834,0.2527521194483108,,,,,,,,R&D,0xf,0xf,0xf,0xf,0xf,0xf,,,,,,,
,,   ,,,,,,,,,,,,,,,,,,,,,,,,,,,,,,,,,,,,,,,,영업이익,0.24686226568867156,0.21018433505191045,0.24971094215339337,0.1892509670613058,0.286370801234376,0.44138064018511375,,,,,,,,영업이익,0.42633905623522156,0.4165215449877205,0.4227791523665097,0.4416239138815575,0.4419311196031426,0.4352477959428229,,,,,,,,영업이익,0.1197793728021581,0.2574326544021025,0.3027006055698936,0.02965981868086168,0.3103104351078419,0.3158294318613185,,,,,,,,영업이익,0.186278964107224,0.2130413936391242,0.1637282702502774,0.22174862251793326,0.23668303740083113,0.20752475247524751,,,,,,,
,,   ,,,,,,,,,,,,,,,,,,,,,,,,,,,,,,,,,,,,,,,,,6.79,6.12,6.90,5.80,11.71,22.75,30.08,36.51,,,,,,,1.38,1.65,1.73,2.70,3.28,3.72,4.08,4.54,,,,,,,2.78,5.14,5.71,0.14,6.74,8.92,9.64,10.69,,,,,,,4.50,7.49,6.68,12.20,14.64,12.95,12.84,13.82,,,,,
,,   ,,,,,,,,,,,,,,,,,,,,,,,,,,,,,,,,,,,,,,,,,44166,44531,44896,45261,45627,Dec-25(E),Dec-26(E),Dec-27(E),,,,,,,44166,44531,44896,45261,45627,Dec-25(E),Dec-26(E),Dec-27(E),,,,,,,44166,44531,44896,45261,45627,Dec-25(E),Dec-26(E),Dec-27(E),,,,,,,44197,44562,44927,45292,45658,Jan-26(E),Jan-27(E),Jan-28(E),,,,,
,,   ,,,,,,,,,,,,,,,,,,,,,,,,,,,,,,,,,,,,,,,,EPS,6.79,6.12,6.9,5.8,11.71,22.75,30.08,36.51,,,,,,EPS,1.38,1.65,1.73,2.7,3.28,3.72,4.08,4.54,,,,,,EPS,2.78,5.14,5.71,0.14,6.74,8.92,9.64,10.69,,,,,,EPS,4.5,7.49,6.68,12.2,14.64,12.95,12.84,13.82,,,,,
,,   ,,,,,,,,,,,,,,,,,,,,,,,,,,,,,,,,,,,,,,,,BPS,5.9,9.42,11.21,11.35,14.98,29.51,44.66,78.18,,,,,,BPS,2.54,2.69,3.03,3.54,4.49,7.01,8.65,10.41,,,,,,BPS,10.01,15.11,18.12,14.84,18.32,23.87,29.91,33.72,,,,,,BPS,19.63,20.49,23.78,32.22,34.21,42.96,50.92,57.64,,,,,
,,   ,,,,,,,,,,,,,,,,,,,,,,,,,,,,,,,,,,,,,,,,,,,,,,,,,,,,,,,,,,,,,,,,,,,,,,,,,,,,,,,,,,,,,,,,,,,,,,,
,,   ,,,,,,,,,,,,,,,,,,,,,,,,,,,,,,,,,,,,,,,,,,,,,,,,,,,,,,,,,,,,,,,,,,,,,,,,,,,,,,,,,,,,,,,,,,,,,,,
,,   ,,,,,,,,,,,,,,,,,,,,,,,,,,,,,,,,,,,,,,,,DATE,Price,EPS,23,35.075625,47.151250000000005,73.81562500000001,100.48,BPS,10.74,21.091250000000002,31.442500000000003,41.49125,51.54,DATE,Price,EPS,13.13,19.478749999999998,25.827499999999997,32.46875,39.11,BPS,5.73,10.763750000000002,15.797500000000001,22.51375,29.23,DATE,Price,EPS,8.34,58.2625,108.185,434.4575,760.73,BPS,2.64,3.8899999999999997,5.14,6.47,7.8,DATE,Price,EPS,12.71,23.169375,33.62875,53.334375,73.04,BPS,3.05,6.695625,10.34125,13.545625000000001,16.75
,,   ,,,,,,,,,,,,,,,,,,,,,,,,,,,,,,,,,,,,,,,,46722,0x2a,36.51,839.7299999999999,1280.61106875,1721.4921375000001,2695.0084687500002,3668.5248,78.18,839.6532000000001,1648.9139250000003,2458.1746500000004,3243.785925,4029.3972000000003,46722,0x2a,4.54,59.610200000000006,88.43352499999999,117.25684999999999,147.408125,177.5594,10.41,59.649300000000004,112.05063750000002,164.451975,234.36813750000002,304.28430000000003,46722,0x2a,10.69,89.15459999999999,622.826125,1156.49765,4644.350675,8132.2037,33.72,89.0208,131.17079999999999,173.3208,218.1684,263.01599999999996,46753,0x2a,13.82,175.65220000000002,320.2007625,464.74932499999994,737.0810625,1009.4128000000001,57.64,175.802,385.93582499999997,596.06965,780.7698250000001,965.47
,,   ,,,,,,,,,,,,,,,,,,,,,,,,,,,,,,,,,,,,,,,,46692,0x2a,35.925321733297395,826.28239986584,1260.1031131214895,1693.923826377139,2651.850077069431,3609.7763277617223,74.61582075598223,801.3739149192492,1573.7409295196103,2346.1079441199713,3095.9036729416475,3845.6994017633237,46692,0x2a,4.499762016175618,59.081875272385865,87.64973937258081,116.21760347277575,146.1016479627021,175.9856924526284,10.25056595470496,58.73574292045943,110.33452929495553,161.93331566945162,230.77867926273882,299.624042856026,46692,0x2a,10.598294482929598,88.38977598763285,617.4831323116857,1146.5764886357385,4604.508525317386,8062.440561999033,33.38476343860653,88.13577547792123,129.86672977617937,171.59768407443752,215.99941944778422,260.4011548211309,46722,0x2a,13.735552232991088,174.57886888131674,318.24416051825784,461.909452155199,732.577093626434,1003.2447350976691,57.04763884652195,173.99529848189192,381.9695968517435,589.9438952215951,772.745922950419,955.5479506792426
,,   ,,,,,,,,,,,,,,,,,,,,,,,,,,,,,,,,,,,,,,,,46661,0x2a,35.35000661848614,813.0501522251813,1239.923575897538,1666.7969995698948,2609.3828322976915,3551.9686650254876,71.2141303030042,764.839759454265,1501.9950257532373,2239.15029205221,2954.763283934523,3670.3762758168364,46661,0x2a,4.45988066128125,58.55823308262282,86.87290043093215,115.18756777924148,144.8067502209756,174.4259326627097,10.093573716787358,57.83617739719156,108.64470409406994,159.45323079094828,227.24419526632138,295.0351597416945,46661,0x2a,10.507375673236291,87.63151311479066,612.1859751619295,1136.7404372090682,4565.008166555056,7993.275895901044,33.052859722767494,87.25954966810619,128.57562432156553,169.8916989750249,213.85200240630567,257.81230583758645,46692,0x2a,13.651620488077175,173.5120964034609,316.2995144459431,459.08693248842525,728.1006464687911,997.114360449157,56.46136533593343,172.20716427459695,378.04412927740924,583.8810942802216,764.8044818285533,945.727869376885
,,   ,,,,,,,,,,,,,,,,,,,,,,,,,,,,,,,,,,,,,,,,46631,0x2a,34.78390471222421,800.029808381157,1220.0671977217096,1640.104587062262,2567.595666273276,3495.086745484289,67.9675208746754,729.9711741940138,1433.5199746479977,2137.0687751019814,2820.0574004913756,3503.0460258807702,46631,0x2a,4.420352774517529,58.03923192941515,86.1029466066333,114.16666128385145,143.523329147616,172.87999701138054,9.93898588881895,56.950389142932586,106.98075936077498,157.01112957861736,223.76384355439765,290.5165575301779,46631,0x2a,10.417236822051343,86.87975509590821,606.9342603447665,1126.9887655936245,4525.846666616371,7924.704567639119,32.72425571809132,86.39203509576109,127.29735474337522,168.2026743909894,211.72593449605083,255.2491946011123,46661,0x2a,13.56820161208071,172.45184248954584,314.3667512259025,456.28165996225914,723.6515528543172,991.0214457463751,55.881116906069856,170.43740656351306,374.15900338420397,577.8806002048949,756.9446541907826,936.0087081766701
,,   ,,,,,,,,,,,,,,,,,,,,,,,,,,,,,,,,,,,,,,,,46600,0x2a,34.22686847239149,787.2179748650042,1200.5288034619268,1613.8396320588492,2526.4776880823733,3439.1157441058967,64.86892242022589,696.692226793226,1368.1666599955893,2039.6410931979526,2691.4926773681973,3343.344261538442,46600,0x2a,4.381175223099228,57.52483067929286,85.33981687694407,113.15480307459529,142.25128302500306,171.3477629754108,9.786765646130695,56.07816715232889,105.34229872353929,154.60643029474966,220.33679506557493,286.0671598364002,46600,0x2a,10.327871238402041,86.13444612827303,601.7275980273989,1117.320749926525,4487.021118558055,7856.721487189585,32.39891861960103,85.53314515574671,126.03179343024799,166.53044170474928,209.62100346881863,252.711565232888,46631,0x2a,13.485292471091793,171.3980673075767,312.44579824740237,453.4935291872281,719.2296456378864,984.9657620885446,55.30683163771249,168.6858364950231,370.31380458425866,571.9417726734944,749.1656013025894,926.3894299316843
,,   ,,,,,,,,,,,,,,,,,,,,,,,,,,,,,,,,,,,,,,,,46569,0x2a,33.678752719636165,774.6113125516318,1181.3033008616883,1587.9952891717448,2486.0181812203937,3384.041073269042,61.91158720825391,664.930446616647,1305.7927637060855,1946.6550807955239,2568.789142754465,3190.9232047134064,46569,0x2a,4.342344902006973,57.01498856335156,84.58345075996831,112.15191295658508,140.9905110370389,169.82910911749272,9.63687672804067,55.219303651673044,103.72893188144778,152.2385601112225,216.96223343592567,281.6859067606288,46569,0x2a,10.239272288715027,85.39553088788333,596.5656017212593,1107.7356725546351,4448.5286403744085,7789.321608194183,32.076815948459235,84.68279410393238,124.77881403950641,164.87483397508046,207.53699918653123,250.19916439798203,46600,0x2a,13.402889950350424,170.3507312689539,310.53658334340037,450.7224354178468,714.8347586957209,978.9470819735951,54.7384482479809,166.95226715634172,366.5081225503871,566.0639779444325,741.4664930490563,916.86900815368
,,   ,,,,,,,,,,,,,,,,,,,,,,,,,,,,,,,,,,,,,,,,46539,0x2a,33.13941459953692,762.2065357893491,1162.3856792128822,1562.5648226364153,2446.206600798943,3329.8483789614697,59.089075132379584,634.6166669217567,1246.262455885801,1857.9082448498452,2451.6795885863444,3045.4509323228435,46539,0x2a,4.303858733741151,56.50966517402132,83.83378830986044,111.15791144569957,139.740913261158,168.32391507661643,9.48928342921635,54.37359404940969,102.1402745112275,149.9069549730453,213.63935480451963,277.3717546359939,46539,0x2a,10.15143339632389,84.66295452534125,591.4478882533207,1098.2328219813,4410.366374783386,7722.499927585473,31.757915548725787,83.84089704863608,123.53829148454331,163.23568592045055,205.47371360025585,247.71174128006115,46569,0x2a,13.320990954129499,169.30979502698594,308.63903478783413,447.96827454868236,710.4667269191506,972.9651792896187,54.17590608379336,165.23651355556973,362.7415511722989,560.2465887890281,733.8465078462834,907.4464269035387
,,   ,,,,,,,,,,,,,,,,,,,,,,,,,,,,,,,,,,,,,,,,46508,0x2a,32.60871354537102,750.0004115435333,1143.7710080498543,1537.5416045561753,2407.032570797528,3276.52353703888,56.39523968680483,605.6848742362839,1189.4460990443224,1773.207323852361,2339.908988655141,2906.6106534579208,46508,0x2a,4.265713668078004,56.008820461864204,83.09077011207442,110.17271976228464,138.5023906604077,166.83206155853074,9.343950591169168,53.54083688739934,100.57594817569715,147.61105946399493,210.36736762193487,273.1236757798748,46508,0x2a,10.064348040980988,83.93666266178144,586.3740777376548,1088.8114928135283,4372.531489014497,7656.251485215467,31.442185584147545,83.00736994214952,122.31010192233394,161.61283390251836,203.4309407294346,245.24904755635083,46539,0x2a,13.239592405618495,168.2752194754111,306.753081292927,445.2309431104429,706.1253862084089,967.019829306375,53.619145115394474,163.53839260195315,359.0136885132631,554.4889844245731,726.3048325537153,898.1206806828575
,,   ,,,,,,,,,,,,,,,,,,,,,,,,,,,,,,,,,,,,,,,,46478,0x2a,32.086511241478654,737.9897585540091,1125.4544358643898,1512.9191131747705,2368.485881359273,3224.0526495437753,53.82421458123925,578.0720646025095,1135.2199657865624,1692.367866970615,2233.233943243843,2774.100019517071,46478,0x2a,4.227906681827882,55.512414732400096,82.35433727865485,109.19625982490962,137.27484507559905,165.35343032628847,9.200843593879341,52.72083379292863,99.03558023361877,145.3503266743089,207.14549246170102,268.94065824909313,46478,0x2a,9.978009758373444,83.21660138483452,581.3437935472328,1079.4709857096311,4335.021174598531,7590.57136348743,31.12959453498016,82.18212957234763,121.09412274107281,160.006115909798,201.40847664132164,242.81083737284524,46508,0x2a,13.15869124680789,167.2469657469283,304.8786520065096,442.5103382660908,701.8105734664696,961.1108086668485,53.068105929949304,161.85772308634537,355.32413676721677,548.7905504480883,718.8406623873697,888.8907743266509
,,   ,,,,,,,,,,,,,,,,,,,,,,,,,,,,,,,,,,,,,,,,46447,0x2a,31.572671587214003,726.1714465059221,1107.4311888412733,1488.6909311766244,2330.556486129944,3172.422041083263,51.37040096604339,551.718106375306,1083.4659693750627,1615.2138323748195,2131.422149082348,2647.6304657898763,46447,0x2a,4.190434778595641,55.02040864296077,81.62443144356983,108.2284542441789,136.05817921752723,163.88790419087553,9.05992834754897,51.913389431455606,97.51880375093025,143.12421807040488,203.97296183463064,264.8217055988564,46447,0x2a,9.892412139643309,82.50271724462519,576.3566622859684,1070.2106073273114,4297.832647159083,7525.4546869908545,30.820111194841402,81.3650935543813,119.89023254793304,158.4153715414848,199.40611943062387,240.39686731976295,46478,0x2a,13.078284438374276,166.22499521173705,303.01567650935795,439.8063578069789,697.522126592918,955.2378953788572,52.522729725203334,160.19432566187015,351.67250221631457,543.150678770759,711.4532008339575,879.7557228971558
,,   ,,,,,,,,,,,,,,,,,,,,,,,,,,,,,,,,,,,,,,,,46419,0x2a,31.067060661473555,714.5423952138917,1089.6965696140985,1464.850744014305,2293.234499639584,3121.618255264863,49.028455239770146,526.5656092751314,1034.0714065758023,1541.577203876473,2034.2518934671132,2526.9265830577533,46419,0x2a,4.153294988543164,54.53276319957174,80.90099475808513,107.26922631659855,134.85229665926084,162.4353670019231,8.921171284481444,51.11831146007868,96.02525741333716,140.93220336659562,200.84902000599413,260.7658366453926,46419,0x2a,9.80754883091183,81.79495724980467,571.4123137610005,1061.0296702721964,4260.963146205877,7460.896622139557,30.513704667595782,80.55618032245287,118.69831115694758,156.8404419914423,197.42366919934472,238.0068964072471,46447,0x2a,12.99836895956617,165.20926947608604,301.1640848125484,437.1189001490108,693.259884477862,949.4008688067131,51.98295830320759,158.54802282478315,348.0583951889143,537.5687675530455,704.1416595658864,870.7145515787271
,,   ,,,,,,,,,,,,,,,,,,,,,,,,,,,,,,,,,,,,,,,,46388,0x2a,30.569546687792485,703.0995738192272,1072.2459560410014,1441.3923382627756,2256.5101947260823,3071.628051189389,46.79327741255291,502.55979941081824,986.9287122275067,1471.297625044195,1941.511571443586,2411.725517842977,46388,0x2a,4.116484368153984,54.04943975386182,80.18396988617941,106.31850001849702,133.6571018284997,160.99570363850233,8.784539351085206,50.335410481718235,94.5545854402434,138.77376039876856,197.77292281549458,256.77208523222055,46388,0x2a,9.72341353280781,81.09326886361713,566.510380955215,1051.927493046813,4224.4099349298485,7396.892376812885,30.21034436427016,79.75530912167322,117.51823957701092,155.28117003234863,195.46092803682794,235.64068604130725,46419,0x2a,12.918941808090539,164.19975038083075,299.3238073548277,434.44786432882466,689.0236869958788,943.599509662933,51.44873406410823,156.91863889553008,344.4814300179946,532.0442211404593,696.9052583571361,861.7662955738128
,,   ,,,,,,,,,,,,,,,,,,,,,,,,,,,,,,,,,,,,,,,,46357,0x2a,30.08,691.8399999999999,1055.0748,1418.3096,2220.3740000000003,3022.4384,44.66,479.6484,941.9352250000001,1404.22205,1852.9992249999998,2301.7763999999997,46357,0x2a,4.08,53.57040000000001,79.4733,105.37619999999998,132.4725,159.5688,8.65,49.5645,93.10643750000001,136.64837500000002,194.74393750000002,252.83950000000002,46357,0x2a,9.64,80.3976,561.6505000000001,1042.9034000000001,4188.1703,7333.4372,29.91,78.9624,116.34989999999999,153.73739999999998,193.5177,233.298,46388,0x2a,12.84,163.1964,297.494775,431.79314999999997,684.8133750000001,937.8336,50.92,155.30599999999998,340.941225,526.57645,689.743225,852.9100000000001
,,   ,,,,,,,,,,,,,,,,,,,,,,,,,,,,,,,,,,,,,,,,46327,0x2a,29.38798408688874,675.923633998441,1030.801909337677,1385.6801846769129,2169.292412863747,2952.9046410505807,43.14425024695578,463.3692476523051,909.9661680211061,1356.563088389907,1790.108873059004,2223.6546577281006,46327,0x2a,4.048713643340034,53.15961013705465,78.86388088020968,104.56815162336471,131.45667110719674,158.3451905910287,8.499784860266015,48.70376724932427,91.48955928968833,134.2753513300524,191.362031397814,248.44871146557563,46327,0x2a,9.57784237806171,79.87920543303466,558.0290415518205,1036.1788776706062,4161.1654549667455,7286.152032262885,29.35301705164071,77.49196501633148,114.18323633088235,150.87450764543323,189.91402032411537,228.9535330027975,46357,0x2a,12.84913086924056,163.3124533480475,297.7063315335105,432.1002097189734,685.300364204152,938.5005186893305,50.20377618773453,153.12151737259032,336.145658937,519.1698005014098,680.0415258229816,840.9132511445534
,,   ,,,,,,,,,,,,,,,,,,,,,,,,,,,,,,,,,,,,,,,,46296,0x2a,28.711888586809348,660.373437496615,1007.0874371127047,1353.8014367287944,2119.386000965699,2884.970565202603,41.67994467917471,447.6426058543364,879.0821332146437,1310.5216605749508,1729.3530046698077,2148.1843487646647,46296,0x2a,4.01766719749209,52.75197030307114,78.25913492314903,103.76629954322694,130.4486318185713,157.13096409391562,8.352178343445939,47.85798190794523,89.90075964426623,131.94353738058723,188.038855179756,244.1341729789248,46296,0x2a,9.516085541389506,79.36415341518848,554.4309338552061,1029.4977142952237,4134.334734098231,7239.171753901239,28.806406219789704,76.04891242024482,112.05692019498194,148.06492796971907,186.37744824203938,224.6899685143597,46327,0x2a,12.858268231687749,163.4285892247513,297.91803851056034,432.40748779636937,685.7876997194213,939.1679116424732,49.49762654179377,150.967760952471,331.4175457138979,511.8673304753249,670.4762875251853,829.0852445750456
,,   ,,,,,,,,,,,,,,,,,,,,,,,,,,,,,,,,,,,,,,,,46266,0x2a,28.051347237156747,645.1809864546052,983.9185364352962,1322.6560864159871,2070.6277284027487,2818.59937038951,40.2653372932733,432.4497225297552,849.2462951867506,1266.0428678437459,1670.6591759695257,2075.2754840953057,46266,0x2a,3.9868588227661608,52.34745634291969,77.65902629395634,102.970596244993,129.44832240168878,155.92604855838454,8.207135148423523,47.02688440046679,88.33955095384371,129.65221750722063,184.7733889478201,239.8945603884196,46266,0x2a,9.45472690576564,78.85242239408544,550.8560263471705,1022.8596303002557,4107.6770146616755,7192.494399023095,28.269974355264992,74.63273229789958,109.9702002419808,145.30766818606205,182.90673407856448,220.50579997106692,46296,0x2a,12.867412091959059,163.54480768879964,298.1298960381339,432.7149843874682,686.275381792079,939.8357791966897,48.80140936229931,148.8442985550129,326.7559365614453,504.66757456787775,661.0455906931957,817.4236068185135
,,   ,,,,,,,,,,,,,,,,,,,,,,,,,,,,,,,,,,,,,,,,46235,0x2a,27.406002201507725,630.3380506346776,961.2826559692595,1292.2272613038413,2022.991181255669,2753.7551012074964,38.89874134480661,417.77248204322296,820.4230783886525,1223.0736747340818,1613.9574018227072,2004.8411289113326,46235,0x2a,3.956286693579396,51.94604428669747,77.06351943255966,102.18099457842185,128.455683582156,154.73037258589017,8.064610760777727,46.21021965925638,86.80545407632127,127.40068849338616,181.56463051545956,235.72857253753295,46235,0x2a,9.393763903635108,78.3439909563168,547.3041694355405,1016.2643479147641,4081.1911811635496,7146.1180144123355,27.743531905701726,73.24292423105256,107.9223391131797,142.60175399530686,179.50065142989015,216.39954886447345,46266,0x2a,12.876562454675266,163.66110879892264,298.34190422329175,433.02269964766083,686.7634106685712,940.5041216894815,48.11498494247614,146.75070407455223,322.1598960554668,497.5690880363814,651.7475429114285,805.9259977864754
,,,,,,,,,,,,,,,,,,,,,,,,,,,,,,,,,,,,,,,,,,46204,0x2a,26.77550387576949,615.8365891426982,939.1675331325373,1262.4984771223762,1976.4505532798476,2690.4026294373184,37.578527337034046,403.59338359974566,792.5781146972195,1181.5628457946932,1559.180072372714,1936.7972989507348,46204,0x2a,3.9259489983479234,51.547710348308236,76.47257905156961,101.39744775483098,127.47065654010913,153.5438653253873,7.924561439121031,45.40773704616351,85.29799819033902,125.1882593345145,178.4115951000111,231.63493086550773,46204,0x2a,9.333193983998212,77.83883782654509,543.7752144926959,1009.7115911588467,4054.8761253029033,7100.0406594469605,27.226892848572405,71.87899712023115,105.91261318094665,139.94622924166214,176.15799673026345,212.36976421886476,46235,0x2a,12.885719324460435,163.77749261389215,298.5540631731705,433.3306337324488,687.2517865955195,941.1729394585902,47.438215540618366,144.686557398886,317.62850192915283,490.5704464594197,642.5802783823887,794.5901103053576
,,,,,,,,,,,,,,,,,,,,,,,,,,,,,,,,,,,,,,,,,,46174,0x2a,26.159510698787933,601.6687460721224,917.5611874541736,1233.4536288362247,1930.9806319252184,2628.5076350142117,36.30312107794592,389.8955203771392,765.6782024352269,1141.4608844933146,1506.2618724253236,1871.0628603573325,46174,0x2a,3.8958439393795032,51.15243092405288,75.88617013418849,100.61990934432411,126.49318290672825,152.36645646913237,7.786944201675007,44.61919027559779,83.81672065077936,123.01425102596093,175.3133150204607,227.61237901496045,46174,0x2a,9.27301461230381,77.33694186661377,540.2690138493507,1003.2010858320876,4028.730745924982,7054.260406017877,26.719874625454366,70.54046901119953,103.94031229301747,137.34015557483542,172.87758882668973,208.41502207854404,46204,0x2a,12.894882705941917,163.89395919252178,298.766372994983,433.6387867974442,687.740509819721,941.8422328419978,46.77096535244919,142.65144432497002,313.1608448879926,483.6702454510152,633.5419575522695,783.4136696535239
,,,,,,,,,,,,,,,,,,,,,,,,,,,,,,,,,,,,,,,,,,46143,0x2a,25.557688967313,587.826846248199,896.451914084108,1205.076981920017,1886.5567846778138,2568.0365874356103,35.07100180323405,376.66255936673366,739.6912667824602,1102.7199741981867,1455.1397035684347,1807.5594329386827,46143,0x2a,3.8659697327670033,50.76018259123076,75.30425793213526,99.84833327303977,125.52320476077864,151.1980762485175,7.651716813079012,43.844337338942736,82.36116684677923,120.87799635461569,172.2688394004576,223.6596824462995,46143,0x2a,9.213223270343251,76.83828207466271,536.7854207883737,996.7325595020847,4002.753948975153,7008.775338448221,26.222298077521355,69.22686692465638,102.00473952155807,134.78261211845975,169.65826856156315,204.53392500466657,46174,0x2a,12.904052603750355,164.01050859366703,298.97883379601836,433.9471589983697,688.2295805881479,942.512002177926,46.113100483869665,140.64495647580247,308.75602842730984,476.8671003788172,624.6307667418171,772.3944331048169
,,,,,,,,,,,,,,,,,,,,,,,,,,,,,,,,,,,,,,,,,,46113,0x2a,24.96971265522094,574.3033910700816,875.8282774522839,1177.3531638344864,1843.1549457155434,2508.9567275966,33.88070036296834,363.87872189828,714.5863215304561,1065.2939211626322,1405.7526089350101,1746.2112967073883,46113,0x2a,3.8363246082826925,50.370942106751755,74.7268079635865,99.08267382042123,124.56066462517867,150.0386554299361,7.518837771427966,43.08294043028225,80.93089006220778,118.77883969413331,169.27723387648638,219.77562805883946,46113,0x2a,9.153817456145013,76.34283758424941,533.3242895386488,990.3057414930483,3976.944647453122,6963.583553413197,25.73398738223636,67.937726689104,100.10521091689944,132.2726951446949,166.49889836306926,200.7251015814436,46143,0x2a,12.913229022519683,164.12714087622518,299.191445683642,434.25575049105873,688.7189991479482,943.1822478048377,45.4644889240908,138.66669121847693,304.41316865236547,470.15964608625404,615.8449177823875,761.5301894785209
,,,,,,,,,,,,,,,,,,,,,,,,,,,,,,,,,,,,,,,,,,46082,0x2a,24.395263236895506,561.0910544485967,855.679105073633,1150.2671556986693,1800.7516028709651,2451.2360500432605,32.73079746981708,351.5287648258354,690.3334321352795,1029.1380994447236,1358.0417005195477,1686.945301594372,46082,0x2a,3.806906809273344,49.98468640575901,74.15378601113314,98.32288561650728,123.60550546359389,148.8881253106805,7.3882662955352245,42.33476587341684,79.52545133856728,116.71613680371772,166.33758031110617,215.95902381849461,46082,0x2a,9.09479468387,75.85058766347579,529.8854752689758,983.9203628744759,3951.30176136745,6918.683159860425,25.254769991223355,66.67259277682966,98.24105526585885,129.80951775488805,163.3983618432151,196.98720593154218,46113,0x2a,12.922411966887134,164.24385609913548,299.4042087652956,434.5645614314557,689.208765746446,943.8529700614364,44.82500051914352,136.71625158338773,300.13139410099035,463.546536618593,607.1826476571235,750.818758695654
,,,,,,,,,,,,,,,,,,,,,,,,,,,,,,,,,,,,,,,,,,46054,0x2a,23.834029514672427,548.1826788374658,835.993481495582,1123.8042841536983,1759.323784893992,2394.8432856342856,31.619922006722216,339.5979623521966,666.90368002428,994.2093976963633,1311.9500889614133,1629.690780226463,46054,0x2a,3.777714592556142,49.601392600262145,73.58515811975295,97.56892363924375,122.65767067705724,147.74641771487072,7.259962312416645,41.59958405014738,78.14441934027468,114.68925463040196,163.44897651117026,212.20869839193855,46054,0x2a,9.036152483707518,75.3615117141207,526.4688340820093,977.5761564498979,3925.8242176903586,6874.07227893082,24.78447656929599,65.43101814294141,96.4116138545614,127.39220956618138,160.35556340334506,193.3189172405087,46082,0x2a,12.931601441493234,164.360654321379,299.6171231484973,434.8735919756155,689.6988806311407,944.5241692866658,44.19450694576127,134.79324618457187,295.9098455687128,457.02644495285375,598.6422181471776,740.2579913415012
,,,,,,,,,,,,,,,,,,,,,,,,,,,,,,,,,,,,,,,,,,46023,0x2a,23.285707450253636,535.5712713558336,816.7607423848027,1097.9502134137717,1718.8490490076288,2339.7478846014856,30.54674939201179,328.0720884702066,644.2691281142687,960.4661677583308,1267.422815711309,1574.3794636642876,46023,0x2a,3.748746228315388,49.22103797778105,73.02089059479836,96.82074321181567,121.71710410061526,146.61346498941484,7.133886444992006,40.8771693298042,76.78737022228272,112.69757111476123,160.61053595093878,208.52350078711635,46023,0x2a,8.977888401771937,74.87558927077795,523.0742230082375,971.272856745697,3900.510950312831,6829.749043879966,24.322940934621688,64.21256406740126,94.61624023567836,125.01991640395546,157.3694278470023,189.71893929004915,46054,0x2a,12.940797450981812,164.47753560197884,299.8301889408417,435.1828422797046,690.1893440497081,945.1958458197116,43.57288168562993,132.89728914117129,291.7476759363459,450.59806273152054,590.221915482911,729.8457682343013
,,,,,,,,,,,,,,,,,,,,,,,,,,,,,,,,,,,,,,,,,,45992,0x2a,22.75,523.25,797.97046875,1072.6909375,1679.3054687500003,2285.92,29.51,316.9374,622.4027875,927.8681750000002,1224.4067875,1520.9454,45992,0x2a,3.72,48.8436,72.46095,96.0783,120.78375000000001,145.4892,7.01,40.167300000000004,75.45388750000001,110.740475,157.82138750000001,204.9023,45992,0x2a,8.92,74.3928,519.7015,965.0102,3875.3608999999997,6785.7116000000005,23.87,63.0168,92.8543,122.6918,154.4389,186.186,46023,0x2a,12.95,164.5945,300.04340625,435.4923124999999,690.68015625,945.868,42.96,131.028,287.64405,444.2601,581.9200500000001,719.58
,,,,,,,,,,,,,,,,,,,,,,,,,,,,,,,,,,,,,,,,,,45962,0x2a,21.525142017415078,495.0782664005468,755.0078094745948,1014.9373525486428,1588.8918112292552,2162.8462699098673,27.88888125441264,299.5265846723918,588.2113667571307,876.8961488418696,1157.1445443471484,1437.3929398524276,45962,0x2a,3.681181085349974,48.33390765064516,71.7048060662608,95.07570448187644,119.52334836495696,143.97099224803748,6.754533783917668,38.70347858184824,72.70411301664382,106.70474745143937,152.06988497767642,197.43502250391344,45962,0x2a,8.714104717560394,72.67563334445369,507.70552610686246,942.7354188692713,3785.9081503294947,6629.080881789719,23.349370324614036,61.642337656981056,90.82905056274859,120.01576346851614,151.0704260002528,182.12508853198946,45992,0x2a,13.083051293952844,166.28558194614067,303.12612157382864,439.9666612015167,697.7763638559162,955.5860665103157,42.152338468965624,128.56463233034515,282.23625126126797,435.9078701921908,570.9797697736825,706.0516693551742
,,,,,,,,,,,,,,,,,,,,,,,,,,,,,,,,,,,,,,,,,,45931,839.87,20.366230279995097,468.4232964398872,714.3582559647531,960.2932154896189,1503.3460170117633,2046.3988185339074,26.356817947229036,283.0722247532399,555.8982365294945,828.724248305749,1093.5773226529668,1358.4303970001845,45931,59.63,3.6427672535318285,47.829534038872914,70.9565526397331,94.08357124059329,118.27609926311156,142.46862728562982,6.508377551795316,37.293003371787165,70.05454887313685,102.81609437448652,146.52798510673182,190.2398758389771,45931,89.19,8.51296199872291,70.99810306934907,495.9864484505935,920.9747938318379,3698.5201875601583,6476.065581288479,22.84009612718751,60.29785377577503,88.84797393475941,117.3980940937438,147.7754219429032,178.1527497920626,45962,0x2a,13.217469587660329,167.9940384591628,306.2405094275975,444.4869803960322,704.9454795393714,965.4039786827105,41.359861229102364,126.1475767487622,276.9301208421085,427.7126649354548,560.2451702614597,692.7776755874646
,,,,,,,,,,,,,,,,,,,,,,,,,,,,,,,,,,,,,,,,,,45901,763,19.26971424774831,443.20342769821116,675.8972708111769,908.5911139241426,1422.4060007689466,1936.2208876137504,24.90891785748704,267.5217777894108,525.3602137617236,783.1986497340363,1033.5021380544592,1283.805626374882,45901,55.4900016784668,3.604754277428395,47.33042366263483,70.21610738145834,93.10179110028187,117.04186544525321,140.98193979022454,6.2711920188434895,35.933930267973196,67.50154309282662,99.06915591768004,141.18804931423762,183.3069427107952,45901,83.93000030517578,8.31646214276723,69.3592942706787,484.5378755929758,899.7164569152728,3613.1493513912937,6326.582245867316,22.341929732864827,58.982694494763145,86.91010666084416,114.8375188269252,144.55228537163543,174.26705191634565,45931,175.59,13.35326892599397,169.72004804938337,309.38689522220153,449.05374239501964,712.1882523748096,975.3227623545996,40.58228281095367,123.77596257340869,271.72374734609167,419.6715321187747,549.7123846011244,679.753237083474
,,,,,,,,,,,,,,,,,,,,,,,,,,,,,,,,,,,,,,,,,,45870,732.5800170898438,18.232234541441297,419.34139445314986,639.5070216876419,859.672648922134,1345.823787823078,1831.9749267240215,23.540557516210594,252.82558772410178,496.49978371377676,740.1739797034517,976.7271570444728,1213.280334385494,45870,56.45999908447266,3.5671379740332827,46.83652159905701,69.48338881170079,92.1302560243446,115.82051109439315,139.5107661644417,6.042650264866366,34.62438601768428,65.04157678845536,95.45876755922643,136.04271740063515,176.62666724204388,45870,84.12000274658203,8.124497981132329,67.75831316264362,473.35356362572236,878.948814088801,3529.7490816377986,6180.5493491867965,21.8546288688381,57.69622021373258,85.0145062997802,112.33279238582782,141.3994487813825,170.46610517693716,45901,177.9299926757812,13.490463498125543,171.46379106117567,312.5656077118825,453.6674243625893,719.5054391328395,985.3434539030898,39.81932311197866,121.44893549153491,266.6152553116421,411.7815751317494,539.377618628696,666.9736621256426
,,,,,,,,,,,,,,,,,,,,,,,,,,,,,,,,,,,,,,,,,,45839,740.0700073242188,17.250612650520655,396.76409096197506,605.0760203499186,813.3879497378621,1273.3647544310888,1733.3415591243154,22.24736744263871,238.93672633393973,469.2247885745537,699.5128508151677,923.0710844043833,1146.629317993599,45839,47.06999969482422,3.5299142039905744,46.34777349839624,68.75831630098139,91.16885910356655,114.61190181081896,138.05494451807135,5.822437283657482,33.36256563535738,62.671259311968235,91.97995298857909,131.08489739494365,170.1898418013082,45839,78.12000274658203,7.936964818968067,66.19428659019368,462.42741276512703,858.6605389400604,3448.273892836819,6037.887246733578,21.37795654652287,56.43780528282038,83.16025096597396,109.88269664912755,138.31537885600298,166.74806106287838,45870,202.1999969482422,13.629067639009657,173.22544969181274,315.7769790285794,458.32850836534595,726.8978043593057,995.4671003532654,39.07070729565243,119.16565725173992,261.6028045364528,404.03995182116574,529.237149511672,654.4343472021783
,,,,,,,,,,,,,,,,,,,,,,,,,,,,,,,,,,,,,,,,,,45809,779.530029296875,16.32184119515932,375.40234748866436,572.4987810709601,769.5952146532559,1204.8069089714322,1640.0186032896083,21.025218191495657,225.81084337666337,443.44813318138284,661.0854229861022,872.3625842878943,1083.639745589686,45809,69.0199966430664,3.493078871139329,45.86412557805939,68.04081006120519,90.217494544351,113.41590459730509,136.61431465025916,5.610249548816878,32.14672991472071,60.38732358107768,88.62791724743464,126.30775577967599,163.98759431191735,45809,79.16000366210938,7.753760378035936,64.66636155281971,451.75346402531875,838.8405664978177,3368.6793494405474,5898.518132383278,20.911680946303683,55.20683769824173,81.34643888112132,107.48604006400092,135.29857572258481,163.1111113811687,45839,200.5299987792969,13.76909583088156,175.00520801050462,319.0213447166314,463.03748142275816,734.3661204551737,1005.6947594875892,38.33616569246332,116.92530536201312,256.6845894145997,396.4438734671863,519.2873244079735,642.1307753487606
,,,,,,,,,,,,,,,,,,,,,,,,,,,,,,,,,,,,,,,,,,45778,737.6699829101562,15.443074712593427,355.19071838964885,541.6754974659099,728.1602765421709,1139.9402118317794,1551.7201471213875,19.870207166748184,213.4060249708755,419.0875069056777,624.7689888404798,824.4397331073407,1024.1104773742013,45778,71.5,3.4566279220628298,45.385524616684954,67.33079113688134,89.27605765707773,112.2323878444775,135.18871803187727,5.4057945953912245,30.975203031591718,58.1866215761423,85.39804012069288,121.70470807198919,158.0113760232855,45778,76.83999633789062,7.574784740927785,63.17370473933773,441.3258959683051,819.4780871972724,3290.922041581633,5762.365995965994,20.45557530479344,54.00271880465469,79.57218793564648,105.14165706663829,132.34757222201355,159.55348737738885,45809,237.5800018310547,13.91056270477033,176.8032519776309,322.29904376783804,467.7948355580452,741.911167757235,1016.027499956425,37.61543370277142,114.72707279345282,251.85883828611887,388.99060377878493,509.52455915010313,630.0585145214212
,,,,,,,,,,,,,,,,,,,,,,,,,,,,,,,,,,,,,,,,,,45748,898.9500122070312,14.611620939521993,336.0672816090058,512.5117367168211,688.9561918246364,1078.5659319139033,1468.17567200317,18.77864615974311,201.68265975564103,396.06512081668194,590.4475818777229,779.1495024754414,967.8514230731599,45748,66.44999694824219,3.420557345642544,44.91191794828661,66.6281813964347,88.3444448445828,111.06122131633136,133.7779977880799,5.208790616760285,29.846370234036435,56.06612000115353,82.28586976827062,117.26940974808687,152.25294972790314,45748,85.19999694824219,7.399940296572122,61.7155020734115,431.1390215290333,800.5625409846551,3214.9595613979827,5629.356581811311,20.009417804551788,52.82486300401672,77.83663525970645,102.84840751539619,129.46093319545005,156.07345887550395,45778,316.6700134277344,14.053483042027622,178.6197694641711,325.6104186568787,472.60106784958634,749.533734619642,1026.4664013896977,36.90825170149339,112.57016768955484,247.12381279881168,381.67745790806856,499.94533695404147,618.2132160000143
,,,,,,,,,,,,,,,,,,,,,,,,,,,,,,,,,,,,,,,,,,45717,825.9099731445312,13.824932563861411,317.9734489688125,484.91815026029144,651.8628515517704,1020.4960377842826,1389.1292240167948,17.747049571931807,190.6033124025476,374.30745928400677,558.0116061654659,736.3472705514156,914.6829349373653,45717,69.44000244140625,3.3848631726167304,44.443253456457676,65.93290352360813,87.4225535907586,109.90227613589947,132.38199868104033,5.018966076214083,28.758675616706697,54.022896102849344,79.28711658899198,112.99574749836482,146.70437840773764,45717,89.76000213623047,7.229131686998254,60.29095826956544,421.18728491373577,782.0836115579061,3140.7504799040435,5499.417348250182,19.572991466208826,51.672697470791306,76.13893680355233,100.60517613631336,126.6372547863711,152.66933343642884,45748,270.7699890136719,14.197871775872116,180.4549502713346,328.955815377097,477.4566804828594,757.2346174962794,1037.0125545096994,36.214364944579245,110.4538130809667,242.4778072820484,374.5018014831301,490.5462071524163,606.5906128217024
,,,,,,,,,,,,,,,,,,,,,,,,,,,,,,,,,,,,,,,,,,45689,920.6300048828125,13.080599420584768,300.8537866734497,458.8102000516486,616.7666134298477,965.5526216051027,1314.3386297803575,16.772123284574075,180.13260407632558,353.745045225773,527.3574863752204,695.8963602310841,864.4352340869478,45689,90.6500015258789,3.3495414751436567,43.979479568636215,65.2448810089545,86.51028244927278,108.75542477107061,131.0005670928684,4.836059332685413,27.71061997628742,52.054133642192625,76.39764730809782,108.87783080124623,141.35801429439462,45689,92.25,7.062265755329242,58.89929639944587,411.46525856986995,764.0312207402941,3068.254324395954,5372.477428051614,19.14608404294175,50.54566187336623,74.4782669270434,98.4108719807206,123.87516375783312,149.33945553494567,45717,283.0599975585938,14.343743992949832,182.30898615039237,332.335583476652,482.3621808029116,765.0146210239838,1047.667061245056,35.53352347724736,108.37724660560443,237.91914813234433,367.46104965908427,481.3237839514888,595.1865182438933
,,,,,,,,,,,,,,,,,,,,,,,,,,,,,,,,,,,,,,,,,,45658,811.0800170898438,12.376341107736472,284.65584547793884,434.1078995670491,583.5599536561593,913.5673540807602,1243.5747545053607,15.850754139879895,170.23709946231008,334.31221825274184,498.3873370431736,657.6676027062917,816.9478683694098,45658,84.44999694824219,3.3145883663693736,43.520545250429876,64.56403814141743,85.60753103240499,107.62054102055559,129.6335510087062,4.659818280121823,26.70075874509805,50.15711901266128,73.61347928022451,104.9099838040927,136.2064883279609,45658,98.81999969482422,6.899251494975313,57.53975746809411,401.96764022599916,746.3955229839042,2997.431556378237,5248.46758977257,18.728487917253034,49.44320810154801,72.8538179981143,96.2644278946806,121.17331682462712,146.08220575457366,45689,365.6099853515625,14.49111493491048,184.1820708227122,335.7500760950415,487.3180813673707,772.8745581066161,1058.4310348458614,34.86548204394472,106.3397202340314,233.44619321048737,360.5526661869434,472.2747452115088,583.9968242360741
,,,,,,,,,,,,,,,,,,,,,,,,,,,,,,,,,,,,,,,,,,45627,772,11.71,269.33000000000004,410.7355687500001,552.1411375000001,864.3809687500002,1176.6208000000001,14.98,160.8852,315.946925,471.00865000000005,621.5389250000001,772.0692,45627,86.0199966430664,3.28,43.0664,63.89029999999999,84.71419999999999,106.49749999999999,128.2808,4.49,25.727700000000002,48.32923750000001,70.93077500000001,101.08673750000001,131.2427,45627,99.4800033569336,6.74,56.211600000000004,392.68925,729.1669,2928.24355,5127.3202,18.32,48.3648,71.2648,94.1648,118.5304,142.896,45658,414.2000122070312,14.64,186.07440000000003,339.19965,492.32489999999996,780.8152500000001,1069.3056000000001,34.21,104.34049999999999,229.05733125,353.77416250000005,463.39583125000007,573.0175
,,,,,,,,,,,,,,,,,,,,,,,,,,,,,,,,,,,,,,,,,,45597,795.3499755859375,11.044078543774683,254.0138065068177,387.37795747198686,520.742108437156,815.2255602578182,1109.70901207848,14.637564351252498,157.20744113245183,308.7245291233543,460.2416171142567,607.3308418889052,754.4200666635537,45597,106.8000030517578,3.227240544846569,42.37366835383545,62.862611762930094,83.35155517202475,104.78446644048704,126.2173777089493,4.401926138430954,25.22303677320937,47.38123247253619,69.53942817186301,99.10386459909991,128.6683010263368,45597,101.6399993896484,4.88032684057257,40.70192585037523,284.34004254885934,527.9781592473435,2120.2945983380573,3712.6110374287714,18.001188181250857,47.523136798502264,70.02462202506582,92.5261072516294,116.46768753269303,140.40926781375668,45627,382.4100036621094,14.419248933819405,183.26865394884464,334.084985766012,484.90131758317926,769.0416298546744,1053.1819421261694,34.039573714562124,103.82069982941447,227.916220752565,352.0117416757156,461.0873006973156,570.1628597189156
,,,,,,,,,,,,,,,,,,,,,,,,,,,,,,,,,,,,,,,,,,45566,829.739990234375,10.416026548340238,239.56861061182548,365.34864119962657,491.12867178742766,768.8655096823275,1046.6023475772272,14.30295661796116,153.61375407690286,301.66723376857334,449.7207134602438,593.447548774981,737.1743840897182,45566,111.9499969482422,3.1753297360675523,41.69207943456696,61.851454096425826,82.0108287582847,103.09898736794334,124.18714597760197,4.31557989492242,24.72827279790547,46.45182309397121,68.17537339003694,97.15988685930965,126.14440032858235,45566,102.3199996948242,3.5337670728209276,29.471617387326535,205.8861040802293,382.30059077313206,1535.271608040098,2688.2426253070644,17.687924450699,46.69612054984536,68.8060261132191,90.91593167659286,114.44087119602253,137.9658107154522,45597,320.6600036621094,14.201826490126512,180.505214689508,329.04744363467495,477.58967257984193,757.4455397093412,1037.3014068388406,33.869996453350105,103.30348918271781,226.7807950029623,350.2581008232068,458.79027070841056,567.3224405936143
,,,,,,,,,,,,,,,,,,,,,,,,,,,,,,,,,,,,,,,,,,45536,885.9400024414062,9.823690462332346,225.94488063364395,344.572082772846,463.1992849120481,725.1418512836012,987.0844176551542,13.975997857715585,150.1022169918654,294.77126481654386,439.4403126412223,579.8816211139418,720.3229295866613,45536,119.0699996948242,3.12425392301651,41.02145400920678,60.85656110295783,80.6916681967089,101.4406195629423,122.1895709291757,4.230927381279761,24.24321389473303,45.54064460025003,66.83807530576703,95.25404133028722,123.67000735480741,45536,113.5599975585938,2.5587445539791607,21.3399295801862,149.07885457621086,276.8177795722355,1111.6657620604012,1946.513744548567,17.380112258339576,45.88349636201648,67.60863668494095,89.33377700786542,112.44932631145706,135.5648756150487,45566,297.8999938964844,13.987682477871925,177.78344429375218,324.0858607107438,470.3882771277354,746.0243026557505,1021.6603281837655,33.70126398672221,102.78885515950273,225.65102568109688,348.51319620269106,456.5046839901441,564.496171777597
,,,,,,,,,,,,,,,,,,,,,,,,,,,,,,,,,,,,,,,,,,45505,960.02001953125,9.265039202026347,213.095901646606,324.9770406605754,436.8581796745449,683.9046593470762,930.9511390196075,13.656513218643466,146.67095196823084,288.03293442271405,429.3949168771972,566.6258040830407,703.8566912888842,45505,139.1600036621094,3.073999674620373,40.3616157277655,59.87767116201159,79.39372659625768,99.80892693533023,120.22412727440279,4.147935374044236,23.767669693273472,44.64733938236865,65.52700907146382,93.38558002738843,121.24415098331302,45505,118.4499969482422,1.8527462499930847,15.451903724942326,107.9456283902221,200.43935305550187,804.9395039063705,1409.4396547572394,17.07765673436876,45.085013778733526,66.43208469669446,87.77915561465541,110.49243907136587,133.2057225280763,45536,271.3500061035156,13.776767462818253,175.10271445242,319.19909163383466,463.29546881524925,734.7752821497472,1006.2550954842452,33.53337210610777,102.2767849236287,224.52688460795784,346.776984292287,454.2304835347961,561.6839827773051
,,,,,,,,,,,,,,,,,,,,,,,,,,,,,,,,,,,,,,,,,,45474,804.27001953125,8.73815718687706,200.9776152981724,306.4963246779547,412.01503405773707,645.0125340975721,878.010034137407,13.344331845902824,143.31812402499634,281.44863904489796,419.5791540647996,553.6730087013156,687.7668633378315,45474,132.6300048828125,3.024553775847567,39.71239107687856,58.914526861290796,78.11666264570303,98.20348040955069,118.29029817339836,4.066571301453833,23.301453557330465,43.77155684602371,64.24166013471694,91.55376963810625,118.86587914149554,45474,113.129997253418,1.34154410276134,11.188477817029575,78.16171328713257,145.13494875723558,582.8438970254348,1020.5528452936342,16.780464659944222,44.30042670225275,65.27600752718303,86.2515883521133,108.56960634983912,130.88762434756492,45505,259.4700012207031,13.569032756128419,172.4624063303922,314.3860083140229,456.30961029765353,723.6958814026366,991.0821525076198,33.36631662390223,101.7672657029018,223.40834374491536,345.0494217869289,451.96761261864566,558.8858034503623
,,,,,,,,,,,,,,,,,,,,,,,,,,,,,,,,,,,,,,,,,,45444,905.3800048828125,8.241237771111818,189.54846873557182,289.06656559535395,388.58466245513614,608.3321168482258,828.0795712413155,13.039286790311802,140.04194012794875,275.01485751616383,409.98777490437885,541.0163080385246,672.0448411726703,45444,142.7400054931641,2.97590322423294,39.07360933417851,57.96687492902738,76.86014052387625,96.62385781181327,116.38757509975028,3.9868032306598717,22.844382511681065,42.9129532740152,62.98152403634933,89.7578912342687,116.53425843218805,45444,123.8000030517578,0.9713907555664711,8.10139890142437,56.59565389619153,105.08990889095868,422.0279991865201,738.9660894820817,16.48844443845446,43.52949331751978,64.14004886558784,84.75060441365592,106.68023551680037,128.6098666199448,45474,258.6600036621094,13.36443040312605,169.8619104237321,309.64549967142864,449.4290889191251,712.7835427817259,976.1379966443268,33.2000933733627,101.26028478875622,222.2953751930216,343.330465597287,449.71601480055614,556.1015640038252
,,,,,,,,,,,,,,,,,,,,,,,,,,,,,,,,,,,,,,,,,,45413,820.3400268554688,7.772577048854092,178.76927212364413,272.6279978492128,366.48672357478154,573.7376327218204,780.9885418688592,12.741214919067144,136.8406482307811,268.7281491617749,400.6156500927687,528.6489335107447,656.6822169287205,45413,135.2799987792969,2.9280352264585874,38.44510252340125,57.0344661673802,75.62382981135916,95.06964375907727,114.51545770679535,3.9085998551943595,22.39627717026368,42.0711916913483,61.7461062124329,87.99723998988202,114.24837376733113,45413,125.5400009155273,0.7033686019399287,5.866094140179005,40.9800131705251,76.09393220087118,305.5837643773165,535.073596553762,16.2015060672881,42.77197601764059,63.0238586017507,83.27574118586084,104.823744255354,126.37174732484718,45444,298.7000122070312,13.162913172225343,167.3006264189841,304.97647137972854,442.65231634047296,702.035747219906,961.4191780993391,33.03469820850405,100.75582953593734,221.1879511923149,341.6200728486925,447.47563392056765,553.3311949924428
,,,,,,,,,,,,,,,,,,,,,,,,,,,,,,,,,,,,,,,,,,45383,781.0999755859375,7.330568011535861,168.6030642653248,257.12425460962754,345.6454449539303,541.1104593765268,736.5754737991233,12.449956828503597,133.71253633812864,262.5851519591765,391.45776758022436,516.5642712606499,641.6707749410754,45383,128.3099975585938,2.8809371949896803,37.826705370214505,56.11705538690523,74.40740540359596,93.54042954982118,112.6734536960464,3.831930482683186,21.95696166577466,41.24594173298115,60.53492180018764,86.27112490450858,112.00732800882953,45383,129.2200012207031,0.5092980217898277,4.2475455017271635,29.67297599452984,55.09840648733252,221.26834530175407,387.4382841161757,15.919561110094472,42.02764133064941,61.92709271826749,81.82654410588557,102.99956038231123,124.17257665873687,45413,311.989990234375,12.964434544027853,164.777963054594,300.3778456135353,435.9777281724766,691.4500136341355,946.9222990957944,32.87012700399548,100.2538873621862,220.0860441211272,339.91820088006824,445.2464140984963,550.5746273169243
,,,,,,,,,,,,,,,,,,,,,,,,,,,,,,,,,,,,,,,,,,45352,777.9600219726562,6.913695037564829,159.01498586399106,242.50217450198488,325.9893631399787,510.33872025724645,694.688077374514,12.165356758847599,130.65593159002321,256.5825807400445,382.5092298900657,504.75585862053543,627.0024873510052,45352,128.3999938964844,2.8345967447644007,37.218255258756585,55.21440134207956,73.21054742540255,92.03581305656914,110.86107868773571,3.7567650228003275,21.526263580645878,40.43687951416703,59.34749544768818,84.57886853207089,109.81024161645358,45352,131.9499969482422,0.36877460023611436,3.0755801659691935,21.485730146256614,39.895880126544036,160.21689088208166,280.53790163761926,15.642522669526938,41.29625984755112,60.849413184459785,80.40256652136846,101.20712167183929,122.01167682231012,45383,360.6000061035156,12.768948700583685,162.29333798441866,295.8485607995861,429.40378361475354,681.023898352693,932.6440130906325,32.70637565505763,99.75444574792576,218.9896264953952,338.2248072428647,443.02829973254,547.8317922222152
,,,,,,,,,,,,,,,,,,,,,,,,,,,,,,,,,,,,,,,,,,45323,753.6799926757812,6.520528695351934,149.9721599930945,228.7116193199037,307.4510786467129,481.3169009778377,655.1827233089623,11.887262510919653,127.66919936727707,250.71722543343415,373.7652514995912,493.2173806561951,612.6695098127989,45323,119.7699966430664,2.7890016899371246,36.61959218887445,54.32626666786276,72.03294114685107,90.55539862014601,109.07785609344094,3.683073975458337,21.10401387937627,39.643687503339684,58.18336112730309,82.91980671497514,107.65625230264719,45323,127.1500015258789,0.26702382487444054,2.226978699452834,15.557475596747093,28.88797249404135,116.01050339538725,203.13303429673314,15.370305360460538,40.577606151615825,59.79048785219149,79.00336955276715,99.44587568217968,119.8883818115922,45352,390.6499938964844,12.576410514814622,159.84617764329386,291.387571371683,422.92896510007216,670.7549945510661,918.5810240020601,32.5434400773602,99.2574922359486,217.8986709679749,336.5398497000012,440.8212354978923,545.1026212957834
,,,,,,,,,,,,,,,,,,,,,,,,,,,,,,,,,,,,,,,,,,45292,645.6099853515625,6.149720841879021,141.44357936321748,215.70530210443286,289.9670248456482,453.94548751882616,617.9239501920041,11.61552536474085,124.75074241731674,244.9859493490905,365.22115628086425,481.9426667898038,598.6641772987434,45292,114.7399978637695,2.744140040673988,36.030558734049464,53.45241781727844,70.87427690050741,89.09879694563355,107.32331699075966,3.610828419230484,20.690046842190675,38.86605439749213,57.042061952793574,81.29328832345031,105.54451469410704,45292,120.7799987792969,0.19334770617315758,1.6125198694841343,11.264920730913595,20.917321592343054,84.00136105472461,147.08540051710617,15.102825283675713,39.87145874890388,58.74999035349852,77.62852195809316,97.71527958538186,117.80203721267056,45323,467.0899963378906,12.38677554009672,157.43591711462932,286.99384752932843,416.5517779440275,660.640931696346,904.7300854486645,32.38131620692009,98.76301443110627,216.8131503279593,334.8632862248124,438.625166345362,542.3870464659115
,,,,,,,,,,,,,,,,,,,,,,,,,,,,,,,,,,,,,,,,,,45261,582.9199829101562,5.8,133.4,203.438625,273.47725,428.13062500000007,582.784,11.35,121.899,239.38568750000002,356.87237500000003,470.9256875,584.9789999999999,45261,103.4499969482422,2.7,35.45100000000001,52.592625,69.73425,87.665625,105.59700000000001,3.54,20.284200000000002,38.10367500000001,55.92315000000001,79.69867500000001,103.4742,45261,109.0199966430664,0.14,1.1676000000000002,8.15675,15.145900000000001,60.82405,106.50220000000002,14.84,39.1776,57.727599999999995,76.27759999999999,96.0148,115.752,45292,453.8200073242188,12.2,155.062,282.66637499999996,410.2707499999999,650.6793749999999,891.0880000000001,32.22,98.27099999999999,215.7330375,333.19507500000003,436.4400375,539.685
,,,,,,,,,,,,,,,,,,,,,,,,,,,,,,,,,,,,,,,,,,45231,591.0399780273438,5.884547664962952,135.3445962941479,206.40418719086614,277.4637780875844,434.37156373153096,591.2793493754774,11.338266851908628,121.77298598949866,239.13822074031788,356.50345549113706,470.43886451925385,584.3742735473706,45231,101.8399963378906,2.601680483294605,34.16006474565817,50.67748371397479,67.19490268229141,84.47331319197171,101.75172370165201,3.494404767699441,20.0229393189178,37.612899318324864,55.20285931773193,78.6721553387933,102.14145135985467,45231,102.4800033569336,0.19069400575874995,1.5903880080279746,11.11030951051917,20.630231013010363,82.8484410069321,145.06665100085385,15.0890162173745,39.835002813868684,58.696273085586796,77.55754335730492,97.62593492641301,117.6943264955211,45261,511.2900085449219,11.602757531060035,147.47104821977305,268.8286402712041,390.18623232263514,618.82582119563,847.465410068625,31.414686417665557,95.81479357387994,210.34095974528194,324.86712591668396,425.53156170629103,526.195997495898
,,,,,,,,,,,,,,,,,,,,,,,,,,,,,,,,,,,,,,,,,,45200,553.9299926757812,5.970327796762224,137.31753932553116,209.412978926308,281.50841852708487,440.7034777728766,599.8985370186683,11.326545833047584,121.64710224693106,238.8910098012649,356.1349173555987,469.9525447954356,583.7701722352725,45200,96.56999969482422,2.5069412359837187,32.916138428466226,48.83208160041786,64.74802477236949,81.39724825584636,98.04647173932324,3.4493968024069437,19.765043677791788,37.12844483190774,54.4918459860237,77.65885726018934,100.82586853435497,45200,102.6999969482422,0.2597443130879867,2.1662675711538086,15.133353041288824,28.10043851142384,112.84786490342397,197.59529129542412,15.342210943948153,40.503436892023124,59.681200571958314,78.8589642518935,99.26410480734455,119.66924536279559,45231,446.7999877929688,11.034752649554944,140.25170617584334,255.66832216978207,371.0849381637208,588.531635843607,805.9783335234932,30.629501015526394,93.4199780973555,205.0836527370839,316.74732737681234,414.89573469343975,513.044142010067
,,,,,,,,,,,,,,,,,,,,,,,,,,,,,,,,,,,,,,,,,,45170,537.1300048828125,6.057358361293194,139.31924230974346,212.4656303713346,285.61201843292577,447.12769328783304,608.6433681427402,11.314836930878178,121.52134863763163,238.6440544183844,355.76676019913714,469.4667278082992,583.1666954174613,45170,90.94000244140625,2.415651883861217,31.717509235097783,47.05387913276168,62.39024903042558,78.43319710411889,94.4761451778122,3.404968540118087,19.51046973487664,36.65023012369606,53.78999051251548,76.65861047008359,99.52723042765169,45170,102.9499969482422,0.35379773954145033,2.950673147775696,20.61314080003375,38.275608452291806,153.71008142682965,269.14455440136754,15.599654295391788,41.18308733983432,60.68265520907405,80.18222307831378,100.92976329118487,121.67730350405594,45200,393.4800109863281,10.494554049836742,133.385781973425,243.15225823843613,352.9187345034473,559.7204811517615,766.5222278000757,29.86394070553476,91.08501915188101,199.95774798649617,308.83047682111135,404.5257418194093,500.22100681770723
,,,,,,,,,,,,,,,,,,,,,,,,,,,,,,,,,,,,,,,,,,45139,554.2000122070312,6.145657586343388,141.35012448589794,215.5627808769858,289.7754372680737,453.64555577192874,617.5156742757837,11.303140132874686,121.39572502707414,238.39735432749325,355.39898362791234,468.98141303813685,582.5638424483614,45139,92.80999755859375,2.327686800250209,30.562527687285247,45.34042926037375,60.11833083346227,75.57708079562397,91.03583075778567,3.361112514252894,19.259174706669082,36.178174825289595,53.0971749439101,75.6712468677611,98.24531879161209,45139,108.9800033569336,0.4819079155825,4.01911201595805,28.07715993162541,52.13520784729276,209.368508234184,366.60180862107524,15.861417563921995,41.874142368754065,61.700914323656555,81.52768627855905,102.6233716385753,123.71905699859155,45170,385.6099853515625,9.980800494824575,126.85597428922036,231.24890946477612,335.6418446403319,532.3197563911594,728.997668141987,29.117514973933332,88.80842067049666,194.95996119734235,301.1115017241881,394.4149387687857,487.7183758133833
,,,,,,,,,,,,,,,,,,,,,,,,,,,,,,,,,,,,,,,,,,45108,454.5499877929688,6.235243965410139,143.4106112044332,218.70507911423903,293.99954702404483,460.25843033422785,626.5173136444108,11.291455426524339,121.2702312808714,238.15090926468147,355.0315872484915,468.496599965778,581.9616126830643,45108,80.55000305175781,2.2429249331234917,29.449604371911448,43.68937404107921,57.929143710246976,72.82496892235338,87.72079413445977,3.3178213544010067,19.011116360717768,35.71219960343384,52.413282846149905,74.69660051764566,96.97991818914143,45108,106.6500015258789,0.6564067916376884,5.474432642258321,38.24390069779083,71.01336875332332,285.180853677931,499.3483386025387,16.12757323804364,42.57679334843522,62.73625989598976,82.89572644354432,104.34539885014236,125.7950712567404,45139,381.260009765625,9.492197385847009,120.64582877411549,219.928280806709,319.2107328393026,506.2604149507841,693.3100970622655,28.389745566970717,86.58872397926068,190.0870901618483,293.58545634443595,384.5568472955978,475.5282382467595
,,,,,,,,,,,,,,,,,,,,,,,,,,,,,,,,,,,,,,,,,,45078,468.9800109863281,6.326136261573887,145.5011340161994,221.89318320986757,298.28523240353576,466.96770198324003,635.6501715629441,11.279782799327295,121.14486726477514,237.90471896631183,354.6645706678485,468.01228807258866,581.3600054773287,45078,80.91500091552734,2.161249638519347,28.377207753759027,42.09844139630872,55.81967503885843,70.17307420067505,84.52647336249166,3.27508778508302,18.766253008525705,35.25222614668736,51.73819928484901,73.73450762141285,95.73081595797667,45078,115.3899993896484,0.8940917178902847,7.4567249272049745,52.09201871358272,96.72731249996046,388.44485252531837,680.1623925506764,16.398195022623682,43.29123485972652,63.788978638006114,84.28672241628571,106.09632179637522,127.90592117646472,45108,378.5299987792969,9.027513500405304,114.73969659015142,209.16184560845312,303.5839946267548,481.4767903481791,659.3695860696034,27.680166184472238,84.42450686264033,185.33601270890694,286.24751855517354,374.9451510725418,463.64278358991
,,,,,,,,,,,,,,,,,,,,,,,,,,,,,,,,,,,,,,,,,,45047,429.4599914550781,6.418353511427939,147.6221307628426,225.1277608842796,302.63339100571665,473.774775916998,644.9161608282793,11.268122238796641,121.01963284467593,237.65878316901967,354.2979334933634,467.52847684047117,580.7590201875789,45047,80.2300033569336,2.082548520023443,27.343862067907807,40.56544198440664,53.78702190090547,67.61774725951116,81.44847261811685,3.2329046245277695,18.52454349854412,34.798177152260784,51.07181080597744,72.78480649046207,94.4978021749467,45047,110.4100036621094,1.2178423657158606,10.156805330070277,70.95454083252034,131.7522763349704,529.1007496029985,926.4492228710267,16.673357859301785,44.01766474855671,64.85936207268394,85.70105939681116,107.87662534968254,130.05219130255392,45078,378.5,8.585577889637191,109.1226949772887,198.9224737167127,288.7222524561367,457.9064307576186,627.0906090591005,26.98832218106968,82.31438265226252,180.70368470362467,279.09298675498684,365.57369164395203,452.05439653291717
,,,,,,,,,,,,,,,,,,,,,,,,,,,,,,,,,,,,,,,,,,45017,395.8599853515625,6.511915029065519,149.77404566850694,228.40948959136625,307.0449335142256,480.68107781736455,654.3172221205034,11.25647373245837,120.89452788660289,237.4131016097126,353.9316753328223,467.0451657518633,580.1586561709044,45017,83.54499816894531,2.0067132740959437,26.348145288879742,39.08826618779636,51.82838708671298,65.15547161830267,78.48255614989236,3.191264783465369,18.285947209256566,34.34997631302537,50.41400541679417,71.84733751874346,93.28066962069273,45017,115.4700012207031,1.6588231364362132,13.834584957878018,96.64718298661488,179.45978101535172,720.688152798236,1261.9165245811205,16.953137947243473,44.75628418072277,65.9477066147771,87.13912904883145,109.68680251866526,132.2344759884991,45047,331.9299926757812,8.165276927663148,103.78066975059862,189.18436311587536,274.5880564811521,435.48994163883424,596.3918267965164,26.313770274898552,80.25699933844058,176.1871380968676,272.1172768552947,356.43646447992273,440.75565210455073
,,,,,,,,,,,,,,,,,,,,,,,,,,,,,,,,,,,,,,,,,,44986,343.4200134277344,6.606840410124935,151.9573294328735,231.73905666038843,311.52078388790335,487.68805414862845,663.8553244093534,11.244837267851366,120.76955225672367,237.16767402557016,353.5657957944166,466.56235428973804,579.5589127850594,44986,79.56999969482422,1.9336395410309726,25.38868717373667,37.66488120985705,49.94107524597744,62.78285884784939,75.62464244972134,3.1501612639357925,18.05042404235209,33.907548304688895,49.764672567025684,70.92194315593446,92.07921374484322,44986,106.3899993896484,2.2594830623736764,18.84408874019646,131.6431319215463,244.4421751028962,981.6493625712114,1718.8565500395268,17.23761276424149,45.50729769759754,67.0543136528994,88.60132960820125,111.52735458464244,134.4533795610836,45017,379.9299926757812,7.765551505379862,98.70015963337805,179.92297490996052,261.145790186543,414.1708360697441,567.1958819529451,25.65607826357625,78.25103870390757,171.78347902355773,265.3159193432079,347.5276151290551,429.7393109149022
,,,,,,,,,,,,,,,,,,,,,,,,,,,,,,,,,,,,,,,,,,44958,311.2200012207031,6.703149535893711,154.17243932555536,235.11715943993187,316.0618795543084,494.7971724604543,673.5324653666001,11.233212832527403,120.64470582134432,236.92250015404363,353.2002944867429,466.08004193760263,578.9597893884624,44958,70.49500274658203,1.8632267613433375,24.464167376438024,36.29332827751653,48.122489178595046,60.49664390736649,72.87079863613793,3.1095871581128045,17.81793441598637,33.470818773136706,49.12370313028703,70.00846788096216,90.89323263163728,44958,106.2399978637695,3.0776419722005963,25.667534048152973,179.31111540533726,332.9546967625215,1337.1046371373404,2341.25457751216,17.526861088171255,46.27091327277212,68.17948963298618,90.08806599320025,113.39879124046801,136.70951648773578,44986,364.1900024414062,7.38539436162957,93.86836233631183,171.1149714874811,248.36158063865037,393.8953924060371,539.4292041734238,25.014824747279114,76.29521547920129,167.4898859485007,258.68455641780014,338.84143546736266,418.9983145169252
,,,,,,,,,,,,,,,,,,,,,,,,,,,,,,,,,,,,,,,,,,44927,344.1499938964844,6.800862577472553,156.41983928186872,238.54450544396073,320.6691716060527,502.0099216952475,683.3506717844422,11.221600414051117,120.519988446909,236.67757973285566,352.83517101880227,465.59822817949845,578.3612853401946,44927,69.38999938964844,1.7953780373848773,23.573313630863442,34.971719945710674,46.37012626055792,58.29368065134024,70.21723504212255,3.0695356471430326,17.58843925812958,33.039714321935826,48.49098938574206,69.10675817586646,89.72252696599084,44927,107.4100036621094,4.192056256929933,34.96174918279564,244.23967766938026,453.51760615596487,1821.2702812451364,3189.022956334308,17.82096301880634,47.04734236964874,69.32354614315665,91.59974991666458,115.30163073167701,139.00351154668942,44958,309.2000122070312,7.023847545020145,89.27310229720605,162.73815771340114,236.20321312959618,374.61251890893385,513.0218246882714,24.38959885874094,74.38827651915986,163.30360785855729,252.21893919795474,330.37236004093273,408.5257808839107
,,,,,,,,,,,,,,,,,,,,,,,,,,,,,,,,,,,,,,,,,,44896,365.8399963378906,6.9,158.70000000000002,242.02181250000004,325.34362500000003,509.3278125000001,693.312,11.21,120.39540000000001,236.43291250000004,352.47042500000003,465.11691250000007,577.7634,44896,67.66999816894531,1.73,22.7149,33.6982375,44.681574999999995,56.1709375,67.66029999999999,3.03,17.3619,32.614162500000006,47.866425,68.2166625,88.56689999999999,44896,110.9499969482422,5.71,47.6214,332.678875,617.73635,2480.752325,4343.7683,18.12,47.836800000000004,70.4868,93.1368,117.2364,141.336,44927,306.8800048828125,6.68,84.9028,154.771425,224.64004999999997,356.273625,487.90720000000005,23.78,72.529,159.2219625,245.914925,322.11496250000005,398.315
,,,,,,,,,,,,,,,,,,,,,,,,,,,,,,,,,,,,,,,,,,44866,371.0799865722656,6.831367013965611,157.12144132120906,239.61446761922755,322.1074939172461,504.2616257402554,686.4157575632646,11.048654340149508,118.66254761320572,233.02993085167833,347.3973140901509,458.42247939072826,569.4476446913056,44866,62.29999923706055,1.7231877154198005,22.625454703461983,33.565542711733436,44.505630720004895,55.94975113503665,67.3938715500684,3.000095637607014,17.19054800348819,32.2922794192925,47.39401083509681,67.54340316117491,87.69279548725301,44866,110.120002746582,5.660177176447979,47.205877651576145,329.7760727428004,612.3462678340246,2459.1064256366476,4305.866583439271,17.847759942273825,47.1180862476029,69.42778617544518,91.73748610328745,115.47500682651165,139.21252754973582,44896,320.3800048828125,6.744015742857112,85.71644009171389,156.25462975215999,226.7928194126061,359.6878646354448,492.5829098582835,23.48673743053417,71.63454916312921,157.25838630832035,242.8822234535115,318.14253770747945,393.40285196144737
,,,,,,,,,,,,,,,,,,,,,,,,,,,,,,,,,,,,,,,,,,44835,362.0899963378906,6.763416707173546,155.55858426499157,237.2310681395541,318.90355201411666,499.2458313754573,679.588110736798,10.889630930250176,116.95463619088689,229.67592835763904,342.3972205243912,451.8243993347426,561.2515781450941,44835,54.41999816894531,1.7164022558229566,22.53636161895542,33.43337044061141,44.33037926226741,55.72943574375162,67.12849222523583,2.9704864141216625,17.020887152917126,31.97357314000205,46.926259127086965,66.87678850593159,86.82731788477619,44835,101.1999969482422,5.610789083849846,46.79398095930771,326.8985989978016,607.0032170362956,2437.6493983966943,4268.295579757093,17.57961009696657,46.41017065599174,68.38468327719994,90.35919589840816,113.7400773273737,137.12095875633923,44866,380.3099975585938,6.808644961063559,86.53787745511784,157.75204834474198,228.96621923436612,363.13482359522425,497.3034279560824,23.19709146891739,70.75112898019803,155.31902556657,239.88692215294196,314.21910212865413,388.55128210436624
,,,,,,,,,,,,,,,,,,,,,,,,,,,,,,,,,,,,,,,,,,44805,323.3500061035156,6.696142289143378,154.01127265029768,234.8713758806347,315.73147911097175,494.2799281620492,672.8283772131266,10.732896346131565,115.271306757453,226.37020006034737,337.46909336324177,445.32128552143126,553.1734776796209,44805,49.81499862670898,1.7096435155797434,22.447619359562033,33.30171862909892,44.15581789863582,55.50998789647979,66.86415789432377,2.9411694166921794,16.85290075764619,31.65801230892045,46.463123860194706,66.21675295505356,85.9703820499124,44805,86.12000274658203,5.561831928944022,46.38567828739314,324.0462327601011,601.706787232809,2416.379595269197,4231.052403305586,17.315489011558086,45.71289099051335,67.35725225496094,89.00161351940855,112.03121390478081,135.06081429015308,44835,329.0400085449219,6.873893533673264,87.36718681298719,159.26381699175096,231.16044717051474,366.61481543500497,502.0691836994952,22.911017513984337,69.87860341765223,153.40358164207137,236.92855986649053,310.3440516128641,383.7595433592376
,,,,,,,,,,,,,,,,,,,,,,,,,,,,,,,,,,,,,,,,,,44774,301.2300109863281,6.629537036938302,152.47935184958095,232.53515503125905,312.59095821293715,489.36341984224896,666.1358814715607,10.5784176446977,113.61220550405329,223.1120511487304,332.6118967934074,438.91177110056344,545.2116454077194,44774,53.04999923706055,1.70291138947638,22.35922654382487,33.170585227763034,43.9819439117012,55.29140417706122,66.60086444242123,2.9121417612149756,16.686572291761813,31.345565882277697,46.00455947279358,65.56323157655366,85.12190368031374,44774,85.36000061035156,5.513301951567179,45.980938276070276,321.2187549531828,596.4565716302952,2395.2953826229977,4194.1341936157005,17.055336156808448,45.026087453974306,66.34525764998486,87.66442784599542,110.34802493455065,133.03162202310588,44805,279.5599975585938,6.93976739608027,88.20444360418023,160.7900732125573,233.37570282093435,370.12815671531865,506.88061060970296,22.62847151460557,69.01683811954699,151.51175958498092,234.00668105041487,306.51678946002914,379.02689786964334
,,,,,,,,,,,,,,,,,,,,,,,,,,,,,,,,,,,,,,,,,,44743,329.6900024414062,6.563594294493285,150.96266877334557,230.22217212578605,309.4816754782265,484.49581509445596,659.5099547106853,10.42616235700297,111.9769837142119,219.9007968121389,327.8246099100659,432.5945088949995,537.364407879933,44743,58.02999877929688,1.6962057727133901,22.271181795726815,33.039968195240945,43.80875459475508,55.07368118278789,66.33860777082069,2.88340059205091,16.521885392451715,31.036203122687986,45.55052085292426,64.91616007928619,84.28179930564811,44743,89.33999633789062,5.4651954243654375,45.57972983920775,318.4159484120913,591.2521669849749,2374.395141081247,4157.538115177519,16.79909191288633,44.34960265001991,65.34846754112782,86.34733243223573,108.69012467637454,131.03291692051337,44774,299.9599914550781,7.006272540558661,89.04972399050058,162.3309558444063,235.61218769831206,373.67516703035835,511.7381463624046,22.34940996290427,68.16570038685802,149.64326808287092,231.12083577888382,302.7367263287652,374.35261687864653
,,,,,,,,,,,,,,,,,,,,,,,,,,,,,,,,,,,,,,,,,,44713,324.2300109863281,6.498307471949905,149.46107185484783,227.9321960208129,306.403320186778,479.67662748415233,652.9499347815265,10.27609848142767,110.36529769053318,216.73576209641138,323.10622650228953,426.36817111753584,529.6301157327821,44713,55.71500015258789,1.6895265609039698,22.183483744669125,32.9098654982082,43.63624725174728,54.85681552435077,66.07738379695425,2.854943081744363,16.3588238583952,30.72989359612589,45.100963333856576,64.27547480662216,83.44998627938773,44713,91.16999816894531,5.417508652508087,45.182022161917445,315.63759786675246,586.0931735715874,2353.6772653970324,4121.261357222477,16.546697555705787,43.68328154706328,64.3666534916955,85.05002543632774,107.05713318541643,129.06424093450514,44743,310.510009765625,7.073415016807652,89.90310486362526,163.8866050550478,237.8701052464703,377.2561690370506,516.6422328276309,22.073789887556675,67.32505915704786,147.79781941587166,228.27057967469548,299.0032801456349,369.7359806165743
,,,,,,,,,,,,,,,,,,,,,,,,,,,,,,,,,,,,,,,,,,44682,313.4400024414062,6.433670044997808,147.97441103494958,225.66499787207627,303.35558470920296,474.9053754152914,646.4551661213798,10.128194476951785,108.77680868246217,213.61628176200938,318.45575484155654,420.23144909182577,522.007143342095,44682,55.20000076293945,1.682873650072363,22.096131025450127,32.78027511134704,43.46441919724395,54.64080382578703,65.81718845433011,2.8267664307450793,16.197371648169305,30.426607168932353,44.65584268969539,63.64111273018703,82.62638277067867,44682,92.02999877929688,5.370237973403804,44.78778469818773,312.88348992543916,580.9791951526905,2333.1401643300833,4085.301133507476,16.298095243468325,43.02697144275638,63.39959049709178,83.77220955142718,105.44867622524005,127.12514289905293,44713,272.6099853515625,7.141200932501904,90.7646638520992,165.45716235548628,240.14966085887337,380.87148848440626,521.5933161099391,21.801568847175133,66.49478498388416,145.97512941236698,225.45547384084986,295.31587601551666,365.1762781901835
,,,,,,,,,,,,,,,,,,,,,,,,,,,,,,,,,,,,,,,,,,44652,292.1300048828125,6.369675554222711,146.50253774712235,223.420351111583,300.33816447604363,470.1815820821709,640.0249996882981,9.98241925652556,107.21118281508451,210.54170014419475,313.87221747330494,414.18305297731615,514.4938884813273,44652,57,1.6762469366522423,22.009122278243943,32.65119501731486,43.29326775638578,54.42564272442749,65.55801769246919,2.7988678671327603,16.037512878670718,30.126314004850254,44.21511513102978,63.01301144366018,81.81090775629059,44652,88.69000244140625,5.323379756419346,44.39698716853734,310.15341305838217,575.9098389482269,2312.782260524558,4049.654682100889,16.053228003407153,42.38052192899489,62.44705693325382,82.51359193751276,103.86438518204427,125.21517842657579,44682,292.6900024414062,7.209636453847116,91.63447932839685,167.042770612854,242.45106189731118,384.5214542431523,526.5918465889933,21.532704923772773,65.67475001750695,144.17491740523607,222.6750847929652,291.6739461330796,360.6728074731939
,,,,,,,,,,,,,,,,,,,,,,,,,,,,,,,,,,,,,,,,,,44621,286.3699951171875,6.306317604460896,145.0453049026006,221.19803142496875,297.3507579473369,465.5047754217839,633.6587928962309,9.83874218053551,105.66809101895137,207.5113710152196,309.3546510114878,408.221711498144,507.0887719848002,44621,55.52500152587891,1.6696463174850984,21.922456148579343,32.52262320671286,43.12279026484637,54.21132887084429,65.2998674768422,2.7712446463443707,15.879231823553246,29.828984562089225,43.7787373006252,62.39110915663558,81.00348101264596,44621,82.05000305175781,5.276930402600698,44.00959955768982,307.4471575815232,570.8847156053565,2292.601990387893,4014.319265170429,15.812039718730611,41.743784857448816,61.508834505862076,81.27388415427534,102.30389698018705,123.33390980609876,44652,354.6300048828125,7.278727806140941,92.51263041605137,168.64357406340676,244.77451771076213,388.20639833564826,531.6382789605343,21.267156716308747,64.86482798474168,142.39690618863474,219.92898439252784,288.0769296953497,356.2248749981715
,,,,,,,,,,,,,,,,,,,,,,,,,,,,,,,,,,,,,,,,,,44593,249.9499969482422,6.24358986416012,143.60256687568278,218.99781672908134,294.3930665824799,460.87448806664446,627.355909550809,9.697133050364462,104.14720896091433,204.52465744849948,304.90210593608464,402.3461716759345,499.79023741578436,44593,51.47499847412109,1.663071689818632,21.83613128731864,32.394557678054674,42.95298406879071,53.997858928798706,65.0427337888067,2.7438940509041387,15.722512911680717,29.53458959041943,43.346666269158135,61.77534468854306,80.20402310792798,44593,76.58000183105469,5.230886344396658,43.62559211226812,304.7645156404103,565.9034391685524,2272.5978039707106,3979.2921687728694,15.574475115761754,41.11661430561103,60.584708200313216,80.05280209501541,100.76685399897855,121.48090590294167,44621,365.2300109863281,7.34848127433927,93.39919699685213,170.25971832564443,247.1202396544367,391.9266559660885,536.7330722777403,21.004883334313096,64.06489416965493,140.6408219753101,217.2167497809653,284.52427281535483,351.83179584974437
,,,,,,,,,,,,,,,,,,,,,,,,,,,,,,,,,,,,,,,,,,44562,245.3899993896484,6.181486064746886,142.17417948917836,216.8194871497875,291.4647948103966,456.2902572980819,621.115719785767,9.557562102044288,102.64821697595566,201.5809316847416,300.51364639352755,396.5551985664451,492.5967507393626,44562,49.93500137329102,1.6565229513051556,21.750146350636694,32.266996437735294,42.7838465248339,53.78522957518927,64.78661262554463,2.71681339015622,15.567340725595141,29.243100128294017,42.91885953099289,61.1656574626296,79.4124553942663,44562,81.4800033569336,5.185244045384828,43.244935338509464,302.10528119423356,560.9656270499577,2252.7681648477787,3944.5707026456007,15.340479751271147,40.49886654335583,59.67446623244476,78.85006592153368,99.25290399072432,119.65574205991494,44593,319.9400024414062,7.418903203627955,94.2942597181113,171.89135041355743,249.48844110900356,395.6825655509947,541.8766899929859,20.745844391590218,63.27482539435016,138.90639435444126,214.53796331453236,281.01542843683427,347.4928935591362
,,,,,,,,,,,,,,,,,,,,,,,,,,,,,,,,,,,,,,,,,,44531,276.2200012207031,6.12,140.76,214.66282500000003,288.56565,451.7516250000001,614.9376000000001,9.42,101.1708,198.67957500000003,296.18835,390.847575,485.5068,44531,56,1.65,21.6645,32.139937499999995,42.61537499999999,53.5734375,64.5315,2.69,15.4137,28.954487500000003,42.495275,60.5619875,78.6287,44531,76.63999938964844,5.14,42.867599999999996,299.46925,556.0708999999999,2233.1115499999996,3910.1522,15.11,39.8904,58.777899999999995,77.66539999999999,97.76169999999999,117.85799999999999,44562,333.760009765625,7.49,95.1979,173.53861874999998,251.8793375,399.47446875,547.0696,20.49,62.494499999999995,137.19335625,211.8922125,277.54985625,343.2075
,,,,,,,,,,,,,,,,,,,,,,,,,,,,,,,,,,,,,,,,,,44501,248.0399932861328,6.1732133232217885,141.98390643410113,216.52931557033125,291.07472470656137,455.6795997119434,620.2844747173253,9.059780210632642,97.30203946219457,191.08208936750572,284.8621392728169,375.9016056644116,466.94107205600636,44501,53.41500091552734,1.625611911002075,21.344284391457247,31.664888011431664,41.985491631406084,52.781586735348625,63.57768183929115,2.677168664416205,15.340176447104856,28.816374211609933,42.292571976115006,60.27310601850034,78.25364006088567,44501,74.91000366210938,4.88337331184159,40.72733342075885,284.51753758117064,528.3077417415824,2121.618160629417,3714.9285795172527,14.600305128450652,38.544805539109724,56.79518694967303,75.04556836023635,94.46397418107571,113.88238000191508,44531,391.4500122070312,7.178648834920413,91.24062669183846,166.32480684958412,241.4089870073298,382.8687489549584,524.328510902587,20.416916540916592,62.271595449795605,136.70401681427464,211.1364381787537,276.55989511955335,341.9833520603529
,,,,,,,,,,,,,,,,,,,,,,,,,,,,,,,,,,,,,,,,,,44470,254.7599945068359,6.2268893356214035,143.21845471929228,218.41203525275552,293.6056157862187,459.6417281147287,625.6778404432387,8.713335187364203,93.58121991229154,183.77513077049528,273.96904162869896,361.527168592725,449.085295556751,44470,55.06499862670898,1.6015842940556493,21.028801780950676,31.196860067836475,41.36491835472228,52.00144004761936,62.637961740516445,2.664398534472878,15.267003602529593,28.678919725432447,42.090835848335296,59.985602505488764,77.88036916264222,44470,88.05000305175781,4.639559319612201,38.69392472556576,270.31232485890587,501.930724992246,2015.6913431004177,3529.4519612085896,14.107803431096135,37.2446010580938,54.87935534696396,72.51410963583413,91.27748819919199,110.04086676254985,44501,454.4100036621094,6.880240199613376,87.44785293708601,159.41086527491717,231.3738776127483,366.95331089625466,502.53274417976104,20.344093754941593,62.04948595257186,136.2164227479308,210.38335954328974,275.57346496928074,340.7635703952717
,,,,,,,,,,,,,,,,,,,,,,,,,,,,,,,,,,,,,,,,,,44440,231.0500030517578,6.281032060275442,144.46373738633517,220.3111251591988,296.1585129320625,463.6383071742695,631.1181014164764,8.380138184616904,90.00268410278555,176.74758948630128,263.492494869817,347.7024084524861,431.9123220351552,44440,48.00500106811523,1.5779118211458887,20.71798221164552,30.735749886145477,40.753517560645435,51.23282444283058,61.712131325015704,2.6516893182183066,15.194179793390898,28.542120898972303,41.8900620045537,59.699470388037405,77.5088787715211,44440,75.11000061035156,4.407918319085635,36.76203878117419,256.8163410657268,476.8706433502794,1915.053173114147,3353.235702878015,13.631914942833012,35.988255449079155,53.02814912762041,70.06804280616167,88.19848968012958,106.3289365540975,44470,466.010009765625,6.594236087173183,83.81274066797116,152.78432874224816,221.75591681652514,351.69946031182724,481.64300380712933,20.271530712309648,61.82816867254442,135.7305678256083,209.63296697867216,274.5905532049294,339.5481394311866
,,,,,,,,,,,,,,,,,,,,,,,,,,,,,,,,,,,,,,,,,,44409,258.2900085449219,6.335645555241102,145.71984777054536,222.2267276285537,298.73360748656205,467.66963643859407,636.605665390626,8.05968259950734,86.56099111870884,169.9887806268592,253.41657013500958,334.4063056568089,415.3960411786083,44409,49.98500061035156,1.5545892430095367,20.411756760715217,30.28145521727201,40.1511536738288,50.4755694839659,60.79998529410298,2.639040725093389,15.12170335478512,28.40597460472397,41.69024585466281,59.41470312457129,77.13916039447976,44409,76.29000091552734,4.187842544786078,34.92660682351589,243.9941762655989,453.0617457076819,1819.4396024013975,3185.8174590951135,13.172079262107749,34.77428925196446,51.23938832959914,67.70448740723383,85.22335282583714,102.74221824444044,44440,404.7000122070312,6.320120855056862,80.32873606777272,146.43325013613307,212.5377642044934,337.07969572892335,461.6216272533532,20.199226486571657,61.607640784043554,135.24644584415134,208.88525090425915,273.6111472771672,338.33704365007526
,,,,,,,,,,,,,,,,,,,,,,,,,,,,,,,,,,,,,,,,,,44378,243.5,6.390733913860338,146.98688001878776,224.1589862373475,301.33109245590725,471.73601806029706,642.1409436646868,7.751481201592018,83.25090810509828,163.48842789307767,243.72594768105705,321.6186444055548,399.5113411300526,44378,46.29999923706055,1.5316113879709121,20.110057524058078,29.833875323438402,39.557693122818726,49.72950725318055,59.901321383542374,2.626452465924995,15.049572629750223,28.27047773010017,41.491382830450114,59.13129420471886,76.7712055789876,44378,76.87000274658203,3.9787545753702562,33.18281315858793,231.81218844750956,430.4415637364312,1728.599765928923,3026.757968121415,12.72775489099341,33.601272912222605,49.510966525964356,65.42066013970611,82.34857414472735,99.27648814974859,44409,400.1700134277344,6.057400295421914,76.98955775481254,140.3461789697411,203.70280018466966,323.06765888114313,442.43251757761664,20.127180154582973,61.387899471478065,134.76405062252962,208.14020177358117,272.635234681423,337.1302675892648
,,,,,,,,,,,,,,,,,,,,,,,,,,,,,,,,,,,,,,,,,,44348,229.5200042724609,6.4463012650666585,148.26492909653314,226.10804581050374,303.9511625244743,475.83775681918615,647.7243511138979,7.455065392067331,80.06740231080313,157.2366479504401,234.40589359007706,309.31998194861364,384.2340703071502,44348,41.8849983215332,1.508973160795114,19.81281760123985,29.392910955837824,38.973004310435805,48.99447231456636,59.015940318696906,2.6139242529193543,14.9777859692279,28.135627177360703,41.293468385493505,58.849237149163116,76.40500591283272,44348,77.7699966430664,3.780105818624657,31.526082527329642,220.2384152576191,408.9507479879085,1642.2953236951219,2875.6398994023357,12.298418597527077,32.46782509747148,47.840848344380326,63.21387159128917,79.57076832600018,95.92766506071119,44378,400.1700134277344,5.805600744109089,73.78918545762653,134.51214074054252,195.2350960234585,309.6380871865932,424.0410783497279,20.055390796491604,61.168941929299386,134.28337600175908,207.39781007421882,271.6628029577266,335.9277958412344
,,,,,,,,,,,,,,,,,,,,,,,,,,,,,,,,,,,,,,,,,,44317,199.7400054931641,6.502351773694601,149.55409079497582,228.0740524321967,306.5940140694176,479.9751601451256,653.3563062208335,7.169984491297648,77.00563343653674,151.22393540208154,225.44223736762632,297.49161902455353,369.5410006814808,44317,39.45000076293945,1.4866695415581754,19.519971080658845,28.958464332626306,38.39695758459377,48.27030167746701,58.14364577034024,2.6014557996554757,14.906341732025878,28.00141986354163,41.09649799505738,58.56852550949347,76.04055302392956,44317,72.41412353515625,3.591375072102873,29.95206810133796,209.24249013839366,388.5329121754493,1560.299835388134,2732.066758600819,11.883564799557089,31.372611070830715,46.22706707027707,61.08152306972343,76.88666425313436,92.6918054365453,44348,364.9700012207031,5.564268226663789,70.72184916089677,128.9206171441583,187.1193851274199,296.76676820147156,406.4141512755232,19.98385749572648,60.95076536196576,133.8044158448236,206.65806632768147,270.69383969055,334.7296130534185
,,,,,,,,,,,,,,,,,,,,,,,,,,,,,,,,,,,,,,,,,,44287,182.7700042724609,6.558889640791883,150.8544617382133,230.05715345680082,309.2598451753883,484.14853814107846,659.0372311067684,6.895805053588254,74.06094627553784,145.44114833649328,216.8213503974487,286.11557142969366,355.4097924619386,44287,36.97499847412109,1.4646955845339196,19.231453024930364,28.530439117240082,37.829425209549804,47.556834760335704,57.2842443111216,2.589046821078601,14.835238284780385,27.867852720384793,40.9004671559892,58.28915286805835,75.6778385801275,44287,71.08778381347656,3.4120671556265267,28.456640077925233,198.7955626546905,369.1344852314558,1482.3981662656117,2595.661847299768,11.482704969374531,30.314341119148764,44.66772233086692,59.02110354258509,74.29310115185321,89.56509876112133,44317,323.1300048828125,5.332967639856432,67.78201870257526,123.5615271106986,179.34103551882197,284.4304959669679,389.5199564151138,19.912579338985733,60.73336698390648,133.32716403659634,205.9209610892862,269.72833250864863,333.535703928011
,,,,,,,,,,,,,,,,,,,,,,,,,,,,,,,,,,,,,,,,,,44256,186.8200073242188,6.615919103934283,152.16613939048852,232.05749751993497,311.9488556493814,488.35820360634915,664.7675515633168,6.632110208161295,71.22886363565232,139.87949442788192,208.53012522011156,275.17454267437233,341.81896012863314,44256,33.70999908447266,1.443046417097266,18.947199456487105,28.10874039703337,37.27028133757964,46.853913355126856,56.43754537267408,2.576697033493686,14.76447400191882,27.734922694267667,40.705371386616505,58.01111283781847,75.31685428902044,44256,73.55915832519531,3.241711612061836,27.03587484459571,188.87022279775272,350.70457075090974,1408.385922697355,2466.0672746438004,11.095367058427856,29.29176903424954,43.16097785728436,57.030186680319176,71.78702486802823,86.54386305573728,44287,335.2699890136719,5.111281967226119,64.96439380344397,118.42520862939965,171.8860234553553,272.60702917077555,373.3280348861957,19.841555416225063,60.51674401948644,132.85161448376192,205.18648494803745,268.7662690849036,332.3460532217698
,,,,,,,,,,,,,,,,,,,,,,,,,,,,,,,,,,,,,,,,,,44228,204.8899993896484,6.673444437543246,153.48922206349465,234.07523454960284,314.661247035711,492.60447206002823,670.5476970843454,6.378499025332739,68.50507953207362,134.53051756804916,200.55595560402466,264.651897684837,328.74783976564936,44228,35.625,1.4217172386437498,18.667147343392436,27.69327466223194,36.71940198107144,46.16138159221425,55.60336120335705,2.564406154558916,14.694047265622588,27.602626746133534,40.511206226644475,57.734399062200794,74.95759189775711,44228,69.29389190673828,3.0798614729629876,25.686044684511316,179.44042906850606,333.1948134525008,1338.0689158898172,2342.943018327134,10.721094941443203,28.303690645410057,41.705059322214055,55.10642799901806,69.36548427113752,83.62454054325698,44256,306.7099914550781,4.898811527233309,62.26389451113536,113.50240132879124,164.7409081464471,261.275051047784,357.8091939491209,19.770784820646092,60.300893702970576,132.3777611147385,204.4546285265064,267.80763713616426,331.160645745822
,,,,,,,,,,,,,,,,,,,,,,,,,,,,,,,,,,,,,,,,,,44197,207.9700012207031,6.731469953206257,154.8238089237439,236.11051577743024,317.39722263111656,496.88766176464065,676.3781008981647,6.134585906926658,65.8854526403923,129.38608500946688,192.88671737854145,254.53163751077068,316.1765576429999,44197,34.79999923706055,1.4007033195250072,18.391234585363346,27.28394978519773,36.17666498503212,45.479085905827574,54.78150682662303,2.5521739032792508,14.623956465790108,27.47096185142204,40.31796723705396,57.45900521495324,74.6000431928525,44197,73.54007720947266,2.926092085843695,24.403607995936415,170.4814401514683,316.5592723070001,1271.2626523854371,2225.966032463874,10.35944787929581,27.348942401340942,40.2982522504607,53.24756209958046,67.02562777904389,80.80369345850733,44228,311.6799926757812,4.695173252665964,59.67565204138441,108.78422978098747,157.89280752059054,250.4141309476563,342.93545437472204,19.700266648684803,60.085813278488644,131.90559787960018,203.72538248071172,266.8524244230911,329.97946636547044
,,,,,,,,,,,,,,,,,,,,,,,,,,,,,,,,,,,,,,,,,,44166,168.8399963378906,6.79,156.17,238.16349375000001,320.1569875,501.2080937500001,682.2592000000001,5.9,63.36600000000001,124.43837500000002,185.51075000000003,244.79837500000002,304.086,44166,34.92499923706055,1.38,18.1194,26.880674999999997,35.641949999999994,44.806875,53.971799999999995,2.54,14.554200000000002,27.339925000000004,40.12565,57.18492500000001,74.2442,44166,78.05343627929688,2.78,23.1852,161.96975,300.7543,1207.7918499999998,2114.8294,10.01,26.4264,38.9389,51.45139999999999,64.76469999999999,78.078,44197,328.6799926757812,4.5,57.19500000000001,104.2621875,151.32937499999997,240.00468750000002,328.68,19.63,59.87149999999999,131.43511875,202.9987375,265.90061875000004,328.8025
,,,,,,,0x2a,0x2a,0x2a,,,,,,,,0x2a,,,,,,0x2a,,,,,,,,,,,,,,,,,,,,,,,,,,,,,,,,,,,,,,,,,,,,,,,,,,,,,,,,,,,,,,,,,,,,,,,,,,
