Unnamed: 0,Unnamed: 1,Unnamed: 2,Unnamed: 3,Unnamed: 4,Unnamed: 5,Unnamed: 6,Unnamed: 7,NYSE,Yahoo,Google,Unnamed: 11,Unnamed: 12,Unnamed: 13,밸류 (Oct-25),Unnamed: 15,Unnamed: 16,Unnamed: 17,Unnamed: 18,Unnamed: 19,Unnamed: 20,Unnamed: 21,Unnamed: 22,Unnamed: 23,Unnamed: 24,Unnamed: 25,Unnamed: 26,Unnamed: 27,Unnamed: 28,Unnamed: 29,Unnamed: 30,Unnamed: 31,Unnamed: 32,Unnamed: 33,Unnamed: 34,밸류 (Fwd),밸류 (FY+1),밸류 (Oct-25).1,밸류 (FY 0),밸류 (FY-1),Unnamed: 40,Unnamed: 41,Unnamed: 42,Unnamed: 43,Unnamed: 44,Unnamed: 45,Unnamed: 46,Unnamed: 47,Unnamed: 48,Unnamed: 49,Unnamed: 50,Unnamed: 51,Unnamed: 52,Unnamed: 53,Unnamed: 54,Unnamed: 55,Unnamed: 56,Unnamed: 57,Unnamed: 58,BH,"=LEFT(ADDRESS(ROW(),COLUMN(),4),1+(COLUMN()>26))",Unnamed: 61,Unnamed: 62,BL,Unnamed: 64,BN,Unnamed: 66,Unnamed: 67,Unnamed: 68,BR,Unnamed: 70,BT,Unnamed: 72,Unnamed: 73,Unnamed: 74,BX,Unnamed: 76,BZ,Unnamed: 78,Unnamed: 79,Unnamed: 80,CD
,Novo-Nordisk ADR repsg 1 B,True,Novo-Nordisk ADR repsg 1 B,NVO,,,,건강관리,45627,1931년,ROE (Fwd),OPM (Fwd),CCC (FY 0),PER (Oct-25),PBR (Oct-25),Price ($),전일대비   전주대비,,Return (Y),DY(FY+1),시총 (USD),201548900000,,,,,,,,,,,,,46296,45992,45931,45627,45261,,,,,,,,,,,,,,,,,,,33,47.829534038872914,70.9565526397331,94.08357124059329,118.27609926311156,142.46862728562982,,37.293003371787165,70.05454887313685,102.81609437448652,146.52798510673182,190.2398758389771,,48.20937297092643,80.53611154123892,112.86285011155142,149.92056198526362,186.97827385897583,,44.50446350850061,65.72834071437129,86.95221792024196,105.20878200178058,123.46534608331918
,NVO,,,,,,,Pharmaceuticals,,,0.5781,0.43563727377743544,116.26171141963624,16.369423531570952,9.162037623885425,59.63,0.015151515151515138,0.0,0.15647625956826983,0.031695455307731005,주식수,3390128000,,,,,,,,,,,,,,,,,,,,,,,,,,,,,,,,,,,,,,,,,,,,,,,,,,,,,,,,,,,
,,,,,,,,,,,,,,,,,,,,,,,,,,,59,,,,,,,,,,,,,,,,,,,,,,,,,,,,,PER,EPS,POR,OPS,,,,,,,,,,,,,,,PCR,CPS,POCR,OCPS,,,,
,      ,,,,,,,,,,,,,,,,,,,,,,,,,,,115.12,59.63,4.09,4.02,Z7:Z,보정후,,FY-4,FY-3,FY-2,FY-1,FY 0,FY+1,FY+2,FY+3,,,,,,,,,,,,,AH:AH,AI:AI,AJ:AJ,,,,,,,,,,,,,,,,,,,,,,,,
,      ,,,,,,,,,,,,,,,,,,,,,,,,,,구분,주가,,,Fwd 12M EPS,,12M Sales,,,,,,,,,,,,,,,,,,,,,DATE,Price(Adj.),High,Low,EPS,13.13,19.478749999999998,25.827499999999997,32.46875,39.11,BPS,5.73,10.763750000000002,15.797500000000001,22.51375,29.23,SPS,3.555532092303363,5.9396899716344835,8.323847850965604,11.056923925482803,13.79,CPS,10.63,15.699375,20.76875,25.129375,29.49
,      ,,,,,,,,,,,,,,,,,,,,,,,,,,45933,59.63,,,4.02,,12M EPS,,2020/12,2021/12,2022/12,2023/12,2024/12,2025/12(E),2026/12(E),2027/12(E),,,,,,,,,,,,46722,0x2a,0x2a,0x2a,4.54,59.610200000000006,88.43352499999999,117.25684999999999,147.408125,177.5594,10.41,59.649300000000004,112.05063750000002,164.451975,234.36813750000002,304.28430000000003,16.771048172812353,59.63,99.61482664585236,139.59965329170473,185.43620379739355,231.27275430308234,5.61,59.63430000000001,88.07349375,116.51268750000001,140.97579375,165.4389
,      ,,,,,,,,,,,,,,,,,,,,,,,,,,45926,55.61,,,4.01,,12M EPS Max,,44166,44531,44896,45261,45627,Dec-25(E),Dec-26(E),Dec-27(E),,,,,,,,,,,,46692,0x2a,0x2a,0x2a,4.499762016175618,59.081875272385865,87.64973937258081,116.21760347277575,146.1016479627021,175.9856924526284,10.25056595470496,58.73574292045943,110.33452929495553,161.93331566945162,230.77867926273882,299.624042856026,16.65853600857834,59.229959389291466,98.94653927226472,138.66311915523795,184.19216535676665,229.72121155829532,5.5298216272277765,58.78200389743127,86.81474340895907,114.84748292048688,138.960961353717,163.07443978694712
,      ,,,,,,,,,,,,,,,,,,,,,,,,,,45919,61.4,,,4.05,,,시가총액,123255,194327,231301,356773,287482,,,,,,,,,,,,,,,46661,0x2a,0x2a,0x2a,4.45988066128125,58.55823308262282,86.87290043093215,115.18756777924148,144.8067502209756,174.4259326627097,10.093573716787358,57.83617739719156,108.64470409406994,159.45323079094828,227.24419526632138,295.0351597416945,16.54677865626604,58.832602536594216,98.28273524747891,137.73286795836358,182.95647281413613,228.18007766990866,5.450789167371847,57.941888849162744,85.57398318450839,113.20607751985406,136.97492503282493,160.74377254579576
,      ,,,,,,,,,,,,,,,,,,,,,,,,,,45912,54.87,,,4.1,,,보통주 주가 ,69.85,112,135.34,103.45,86.02,,,,,,,,,,,,,,,46631,0x2a,0x2a,0x2a,4.420352774517529,58.03923192941515,86.1029466066333,114.16666128385145,143.523329147616,172.87999701138054,9.93898588881895,56.950389142932586,106.98075936077498,157.01112957861736,223.76384355439765,290.5165575301779,16.435771052058218,58.4379114373436,97.62338449399054,136.8088575506375,181.72907017926016,226.64928280788283,5.372886242993179,57.113780763017495,84.35095596109103,111.58813115916459,135.01727323251671,158.44641530586884
,      ,,,,,,,,,,,,,,,,,,,,,,,,,,45905,55.23,,,4.1,,,USD,,,,,,,,,,,,,,,,,,,,46600,0x2a,0x2a,0x2a,4.381175223099228,57.52483067929286,85.33981687694407,113.15480307459529,142.25128302500306,171.3477629754108,9.786765646130695,56.07816715232889,105.34229872353929,154.60643029474966,220.33679506557493,286.0671598364002,16.325508166109337,58.045868207762375,96.9684571360765,135.89104606439062,180.5099018375192,225.12875761064774,5.296096710719836,56.29750803495186,83.14540829785723,109.9933085607626,133.0876002799453,156.18189199912797
,      ,,,,,,,,,,,,,,,,,,,,,,,,,,45898,56.46,,,4.09,,,자산총계,23787,29739,34730,46562,64674,81515,88262,95074,,,,,,,,,,,,46569,0x2a,0x2a,0x2a,4.342344902006973,57.01498856335156,84.58345075996831,112.15191295658508,140.9905110370389,169.82910911749272,9.63687672804067,55.219303651673044,103.72893188144778,152.2385601112225,216.96223343592567,281.6859067606288,16.215985002317648,57.65645508405042,96.31792349844132,134.97939191283223,179.2989125473963,223.61843318196034,5.220404657901684,55.4929015134949,81.95709037614525,108.42127923879559,131.18550630015812,153.94973336152063
,      ,,,,,,,,,,,,,,,,,,,,,,,,,,45891,56.98,,,4.05,,,자본총계,10394,10817,12018,15777,19923,29882,36343,42424,,,,,,,,,,,,46539,0x2a,0x2a,0x2a,4.303858733741151,56.50966517402132,83.83378830986044,111.15791144569957,139.740913261158,168.32391507661643,9.48928342921635,54.37359404940969,102.1402745112275,149.9069549730453,213.63935480451963,277.3717546359939,16.107196598098827,57.269654421579936,95.67175410487268,134.07385378816542,178.09604743797414,222.11824108778282,5.145794399312899,54.69979446469612,80.78575594771294,106.87171743072977,129.31059713323359,151.74947683573737
,      ,Fwd,12M EPS,,,,,,,,,,,,,,,,,,,,,,,,45884,52.41,,,4.13,,,,,,,,,,,,,,,,,,,,,,,46508,0x2a,0x2a,0x2a,4.265713668078004,56.008820461864204,83.09077011207442,110.17271976228464,138.5023906604077,166.83206155853074,9.343950591169168,53.54083688739934,100.57594817569715,147.61105946399493,210.36736762193487,273.1236757798748,15.999138024161102,56.885448694095814,95.02991967690564,133.17439065971547,176.90125200644854,220.6281133531816,5.072250473901612,53.91802253757414,79.63116228370912,105.3443020298441,127.46248425260131,149.58066647535853
,      ,,,,,,,,,,,,,,,,,,,,,,,,,,45877,51.08,,,4.19,,,매출액,19454,22395,25058,33721,42131,49419,52444,56856,,,,,,,,,,,,46478,0x2a,0x2a,0x2a,4.227906681827882,55.512414732400096,82.35433727865485,109.19625982490962,137.27484507559905,165.35343032628847,9.200843593879341,52.72083379292863,99.03558023361877,145.3503266743089,207.14549246170102,268.94065824909313,15.891804384281908,56.50382049292161,94.39239113249617,132.28096177207073,175.71447211565913,219.1479824592475,4.999757641586003,53.14742373005922,78.49307012437426,103.8387165186893,125.64078468453026,147.44285285037122
,      ,,,,,,,,,,,,,,,,,,,,,,,,,,45870,48.19,,,4.25,,,매출총이익,16246,18632,21030,28529,35811,41294,45173,49286,,,,,,,,,,,,46447,0x2a,0x2a,0x2a,4.190434778595641,55.02040864296077,81.62443144356983,108.2284542441789,136.05817921752723,163.88790419087553,9.05992834754897,51.913389431455606,97.51880375093025,143.12421807040488,203.97296183463064,264.8217055988564,15.785190815086043,56.12475252617071,93.75913958470333,131.39352664323596,174.53565399163625,217.67778134003652,4.92830088009619,52.3878383554225,77.37124362946012,102.35464890349775,123.84512092876719,145.33559295403663
,      ,,,,,,,,,,,,,,,,,,,,,,,,,,45863,71.7,,,4.45,,,판매비와관리비,7969,9278,10503,13427,15656,,,,,,,,,,,,,,,46419,0x2a,0x2a,0x2a,4.153294988543164,54.53276319957174,80.90099475808513,107.26922631659855,134.85229665926084,162.4353670019231,8.921171284481444,51.11831146007868,96.02525741333716,140.93220336659562,200.84902000599413,260.7658366453926,15.679292485825293,55.748227617962804,93.1301363403804,130.51204506279802,173.36474422116441,216.21744337953078,4.857865381861248,51.63910900918507,76.26545032935793,100.89179164953079,122.0751208803095,143.2584501110882
,      ,,,,,,,,,,,,,,,,,,,,,,,,,,45856,64.31,,,4.42,,,영업이익,8294,9328,10594,14892,18619,20862,22980,25267,,,,,,,,,,,,46388,0x2a,0x2a,0x2a,4.116484368153984,54.04943975386182,80.18396988617941,106.31850001849702,133.6571018284997,160.99570363850233,8.784539351085206,50.335410481718235,94.5545854402434,138.77376039876856,197.77292281549458,256.77208523222055,15.574104598159554,55.37422870764567,92.5053528988748,129.63647709010394,172.20168974936212,214.76690240862024,4.788436550940723,50.90108053649989,75.17546107692502,99.44984161735015,120.33041775229603,141.21099388724193
,4.09,,,,4.02,,,,,,,,,,,,,,,,,,,,,,45849,68.93,,,4.48,,,당기순이익,6457,7596,7863,12150,14651,16587,18078,19636,,,,,,,,,,,,46357,0x2a,0x2a,0x2a,4.08,53.57040000000001,79.4733,105.37619999999998,132.4725,159.5688,8.65,49.5645,93.10643750000001,136.64837500000002,194.74393750000002,252.83950000000002,15.469622385939411,55.0027388490221,91.88476095073663,128.7667830524512,171.04643787727784,213.32609270210446,4.72,50.1736,74.10105,98.0285,118.61064999999999,139.19279999999998
,115.12,,,,59.63,,,,,,,,,,,,,,,,,,,,,,45841,69.17,,,4.52,,,B,C,D,E,F,G,H,I,J,,,,,,,,,,,,46327,0x2a,0x2a,0x2a,4.048713643340034,53.15961013705465,78.86388088020968,104.56815162336471,131.45667110719674,158.3451905910287,8.499784860266015,48.70376724932427,91.48955928968833,134.2753513300524,191.362031397814,248.44871146557563,15.393222895597656,54.731098009276366,91.43097166411573,128.1308453189551,170.20169452462338,212.27254373029166,4.678004696274671,49.72718992139976,73.44174997857716,97.15631003575459,117.55533426444731,137.95435849314006
,,,,,,,,,,,,,,,,,,,,,,,,,,,45835,68.51,,,4.43,,19,영업활동현금흐름,7961,8748,11171,15812,17550,17865,20832,23397,,,,,,,,,,,,46296,0x2a,0x2a,0x2a,4.01766719749209,52.75197030307114,78.25913492314903,103.76629954322694,130.4486318185713,157.13096409391562,8.352178343445939,47.85798190794523,89.90075964426623,131.94353738058723,188.038855179756,244.1341729789248,15.317200717770655,54.46079871628567,90.97942349685488,127.49804827742408,169.3611230877407,211.22419789805733,4.636383037789807,49.28475169170565,72.78831595390136,96.29188021609706,116.50940800025923,136.7269357844214
,,,,,,,,,,,,,,,,,,,,,,,,,,,45828,73.77,,,4.38,,20,투자활동현금흐름,-3438,-5027,-3529,-6373,-18700,-10666,-9598,-6799,,,,,,,,,,,,46266,0x2a,0x2a,0x2a,3.9868588227661608,52.34745634291969,77.65902629395634,102.970596244993,129.44832240168878,155.92604855838454,8.207135148423523,47.02688440046679,88.33955095384371,129.65221750722063,184.7733889478201,239.8945603884196,15.241553989033216,54.19183434458194,90.53010538078615,126.86837641699037,168.52470296287922,210.18102950876803,4.59513170010783,48.84624997214623,72.14069573438036,95.43514149661449,115.4727876663972,135.51043383617989
,      ,,,,,,,,,,,,,,,,,,,,,,,,,,45821,79.83,,,4.46,,21,재무활동현금흐름,-4941,-4055,-7335,-9170,1267,-2730,-11105,-13050,,,,,,,,,,,,46235,0x2a,0x2a,0x2a,3.956286693579396,51.94604428669747,77.06351943255966,102.18099457842185,128.455683582156,154.73037258589017,8.064610760777727,46.21021965925638,86.80545407632127,127.40068849338616,181.56463051545956,235.72857253753295,15.166280855163018,53.92419830141821,90.08300630240383,126.24181430338948,167.69241364804375,209.143012992698,4.554247388369714,48.411649738370066,71.49883759278678,94.58602544720351,114.44539046511319,134.30475548302286
,      ,,,,,,,,,,,,,,,,,,,,,,,,,,45814,74.63,,,4.4,,,,,,,,,,,,,,,,,,,,,,,46204,0x2a,0x2a,0x2a,3.9259489983479234,51.547710348308236,76.47257905156961,101.39744775483098,127.47065654010913,153.5438653253873,7.924561439121031,45.40773704616351,85.29799819033902,125.1882593345145,178.4115951000111,231.63493086550773,15.091379471095152,53.657884026606965,89.63811530259439,125.61834657858182,166.864234742492,208.11012290640213,4.51372683703182,47.98091627764825,70.86269026212643,93.74446424660461,113.42713433533649,133.10980442406836
,      ,,PER,,,,,,PCR,,,,,,PBR,,,,,,PSR,,,,,,45807,71.5,,,4.31,,,,,,,,,,,,,,,,,,,,,,,46174,0x2a,0x2a,0x2a,3.8958439393795032,51.15243092405288,75.88617013418849,100.61990934432411,126.49318290672825,152.36645646913237,7.786944201675007,44.61919027559779,83.81672065077936,123.01425102596093,175.3133150204607,227.61237901496045,15.016848000876887,53.39288499235938,89.19542147636778,124.99795796037621,166.04014594623425,207.08233393209227,4.473566809605059,47.554015186101786,70.23220293154343,92.91039067698507,112.41793794611914,131.9254852152532
,,,,,,,,,,,,,,,,,,,,,,,,,,,45800,67.35,,,4.3,,,,,,,,,,,,,,,,,,,,,,,46143,0x2a,0x2a,0x2a,3.8659697327670033,50.76018259123076,75.30425793213526,99.84833327303977,125.52320476077864,151.1980762485175,7.651716813079012,43.844337338942736,82.36116684677923,120.87799635461569,172.2688394004576,223.6596824462995,14.942684617622676,53.129194703125236,88.75491397259027,124.38063324205531,165.22012705953603,206.0596208770167,4.433764098396393,47.13091236595366,69.60732524226188,92.0837381185701,111.41772069013986,130.75170326170962
,      ,,,,,,,,,,,,,,,,,,,,,,,,,,45793,64.37,,,4.31,,,,,,,,,,,,,,,,,,,,,,,46113,0x2a,0x2a,0x2a,3.8363246082826925,50.370942106751755,74.7268079635865,99.08267382042123,124.56066462517867,150.0386554299361,7.518837771427966,43.08294043028225,80.93089006220778,118.77883969413331,169.27723387648638,219.77562805883946,14.86888750346937,52.86680669543378,88.31658199371832,123.76635729200285,164.40415798242273,205.0419586728426,4.394315524252621,46.71157402280536,68.98800728356349,91.26444054432162,110.4264026772657,129.58836481020978
,      ,,,,,,,,,,,,,,,,,,,,,,,,,,45786,65.77,,,4.33,,,OPM,0.4264,0.4165,0.4228,0.4416,0.44189999999999996,0.42219999999999996,0.4382,0.44439999999999996,,,,,,,,,,,,46082,0x2a,0x2a,0x2a,3.806906809273344,49.98468640575901,74.15378601113314,98.32288561650728,123.60550546359389,148.8881253106805,7.3882662955352245,42.33476587341684,79.52545133856728,116.71613680371772,166.33758031110617,215.95902381849461,14.795454849531662,52.60571453773525,87.880414795534,123.15511505333275,163.5922187141872,204.0293223750416,4.355217936306454,46.29596666293761,68.37419958880113,90.45243251466468,109.443904728171,128.43537694167733
,      ,,,,,,,,,,,,,,,,,,,,,,,,,,45779,69.23,,,4.37,,,R/S,0.3319,0.3392,0.31379999999999997,0.3603,0.3477,0.3356,0.3447,0.3454,,,,,,,,,,,,46054,0x2a,0x2a,0x2a,3.777714592556142,49.601392600262145,73.58515811975295,97.56892363924375,122.65767067705724,147.74641771487072,7.259962312416645,41.59958405014738,78.14441934027468,114.68925463040196,163.44897651117026,212.20869839193855,14.722384855857749,52.345911830243246,87.44640168688166,122.54689154352009,162.78428935289924,203.02168716227834,4.316468211724849,45.884057090635146,67.7658531314478,89.64764917226046,108.47014836801311,127.29264756376578
,      ,,,,,,,,,,,,,,,,,,,,,,,,,,45772,62.08,,,4.33,,,ROE,0.6783,0.7162999999999999,0.6887000000000001,0.8742,0.8208,0.6289,0.5545,0.5115999999999999,,,,,,,,,,,,46023,0x2a,0x2a,0x2a,3.748746228315388,49.22103797778105,73.02089059479836,96.82074321181567,121.71710410061526,146.61346498941484,7.133886444992006,40.8771693298042,76.78737022228272,112.69757111476123,160.61053595093878,208.52350078711635,14.649675731385209,52.08739220477785,87.01453202940579,121.94167185403374,161.9803500949179,202.019028335802,4.278063255459573,45.475812405535265,67.16291932118064,88.85002623682601,107.5050558201644,126.1600854035028
,      ,,,,,,,,,,,,,,,,,,,,,,,,,,45764,58.08,,,4.34,,,ROA,0.3029,0.2838,0.2439,0.2989,0.2634,0.2113,0.21350000000000002,0.214,,,,,,,,,,,,45992,0x2a,0x2a,0x2a,3.72,48.8436,72.46095,96.0783,120.78375000000001,145.4892,7.01,40.167300000000004,75.45388750000001,110.740475,157.82138750000001,204.9023,14.577325693897103,51.83014932460954,86.58479523729031,121.3394411499711,161.18038123440607,201.02132131884105,4.24,45.071200000000005,66.56535000000001,88.05950000000001,106.54855,125.0376
,,,,,,,,,,,,,,,,,,,,,,,,,,,45758,64.73,,,4.33,,,,,,,,,,,,,,,,,,,,,,,45962,0x2a,0x2a,0x2a,3.681181085349974,48.33390765064516,71.7048060662608,95.07570448187644,119.52334836495696,143.97099224803748,6.754533783917668,38.70347858184824,72.70411301664382,106.70474745143937,152.06988497767642,197.43502250391344,14.058933236590356,49.9869883062474,83.50570475725446,117.02442120826154,155.44855527042128,193.872689332581,4.213258261866857,44.78693532364469,66.14552142489599,87.50410752614728,105.87654683430044,124.2489861424536
,      ,,,,,,,,,,,,,,,,,,,,,,,,,,45751,62.55,,,4.26,,,,,,,,,,,,,,,,,,,,,,,45931,59.63,0x2a,0x2a,3.6427672535318285,47.829534038872914,70.9565526397331,94.08357124059329,118.27609926311156,142.46862728562982,6.508377551795316,37.293003371787165,70.05454887313685,102.81609437448652,146.52798510673182,190.2398758389771,13.558975624291213,48.20937297092643,80.53611154123892,112.86285011155142,149.92056198526362,186.97827385897583,4.186685184242767,44.50446350850061,65.72834071437129,86.95221792024196,105.20878200178058,123.46534608331918
,      ,,,,,,,,,,,,,,,,,,,,,,,,,,45744,69.3,,,4.15,,,,,,,,,,,,,IFRS(연결),44166.0,44531.0,44896.0,45261.0,45627.0,,45809.0,,,45901,55.4900016784668,62.31999969482422,52.72000122070312,3.604754277428395,47.33042366263483,70.21610738145834,93.10179110028187,117.04186544525321,140.98193979022454,6.2711920188434895,35.933930267973196,67.50154309282662,99.06915591768004,141.18804931423762,183.3069427107952,13.076797285133884,46.494972411839015,77.67212169560676,108.84927097937452,144.5891527706854,180.32903456199625,4.160279703383586,44.223773246967525,65.31379116830769,86.40380908964785,104.54522877121491,122.68664845278195
,      ,,,,,,,,,,,,,,,,,,,,,,,,,,45737,76.86,,,4.19,,,,,,,,,,,,,매출액(수익),1.0,1.0,1.0,1.0,1.0,,1.0,,,45870,56.45999908447266,58.34000015258789,45.04999923706055,3.5671379740332827,46.83652159905701,69.48338881170079,92.1302560243446,115.82051109439315,139.5107661644417,6.042650264866366,34.62438601768428,65.04157678845536,95.45876755922643,136.04271740063515,176.62666724204388,12.61176596041148,44.841538612862166,74.90997979965721,104.97842098645226,139.4473367902633,173.9162525940743,4.13404076225422,43.94485330276237,64.90185619191485,85.85885908106734,103.88586057997215,121.91286207887696
,,,,,,,,,,,,,,,,,,,,,,,,,,,45730,77.15,,,4.2,,,,,,,,,,,,,매출원가,0.1649018196771872,0.16802857780754632,0.16074706680501238,0.15399899172622403,0.15000830742208826,,0.1671659676452966,,,45839,47.06999969482422,71.80000305175781,46.90000152587891,3.5299142039905744,46.34777349839624,68.75831630098139,91.16885910356655,114.61190181081896,138.05494451807135,5.822437283657482,33.36256563535738,62.671259311968235,91.97995298857909,131.08489739494365,170.1898418013082,12.163271875523705,43.24690350083545,72.2460639813119,101.24522446178837,134.48837181263013,167.7315191634719,4.10796731048631,43.66769251046948,64.49251929506602,85.31734607966256,103.23065103295191,121.14395598624127
,,,,,,,,,,,,,,,,,,,,,,,,,,,45723,87.17,,,4.17,,,,,,,,,,,,,판매비와관리비,0.4096329803639354,0.41428890377316363,0.4191475776199218,0.3981791761810148,0.37160285775319835,,0.3973294530514423,,,45809,69.0199966430664,81.44000244140625,66.87000274658203,3.493078871139329,45.86412557805939,68.04081006120519,90.217494544351,113.41590459730509,136.61431465025916,5.610249548816878,32.14672991472071,60.38732358107768,88.62791724743464,126.30775577967599,163.98759431191735,11.730726940406923,41.70897610266446,69.67688116791747,97.64478623317048,129.70575537069098,161.76672450821147,4.082058304336184,43.392279775093634,64.08576409163787,84.77924840818211,102.5795739015281,120.37989939487406
,,,,,,,,,,,,,,,,,,,,,,,,,,,45716,90.65,,,3.98,,,EPS,1.38,1.65,1.73,2.7,3.28,3.72,4.08,4.54,,연구개발비,0.10799835509406806,0.11569546773833445,0.12299465240641712,0.12647904866403725,0.1309249721107973,,0.15210134383291962,,,45778,71.5,71.56999969482422,63.13000106811523,3.4566279220628298,45.385524616684954,67.33079113688134,89.27605765707773,112.2323878444775,135.18871803187727,5.4057945953912245,30.975203031591718,58.1866215761423,85.39804012069288,121.70470807198919,158.0113760232855,11.31356397839819,40.225739803522075,67.19906250593685,94.17238520835164,125.09321623523134,156.01404726211103,4.056312706643076,43.1186040716159,63.681574298854635,84.24454452609338,101.93260312249885,119.6206617189043
,      ,,,44166,44531,44896,45261,45627,Dec-25(E),Dec-26(E),Dec-27(E),,,손익계산서,44166,44531,44896,45261.0,45627,Dec-25(E),Dec-26(E),Dec-27(E),,,,,45709,88.08,,,3.97,,,BPS,2.54,2.69,3.03,3.54,4.49,7.01,8.65,10.41,,영업이익,0.42633905623522156,0.4165215449877205,0.4227791523665097,0.4416239138815575,0.4419311196031426,,0.4352477959428229,,,45748,66.44999694824219,70,57,3.420557345642544,44.91191794828661,66.6281813964347,88.3444448445828,111.06122131633136,133.7779977880799,5.208790616760285,29.846370234036435,56.06612000115353,82.28586976827062,117.26940974808687,152.25294972790314,10.91123598252207,38.79524970255244,64.80935894352368,90.82346818449491,120.64470619173714,150.46594419897934,4.030729486787607,42.846654444552264,63.27993373663618,83.7132130287201,101.28971279704331,118.86621256536651
,      ,,가치지표,,,,,,,[단위: 배],,,,현금흐름표,,,,,,,[단위: USD mn],,,,,,45702,77.87,,,3.99,,,CPS,1.7,1.9,2.46,3.52,3.93,4.24,4.72,5.61,,,,,,,,,,,,45717,69.44000244140625,91.9000015258789,66.87999725341797,3.3848631726167304,44.443253456457676,65.93290352360813,87.4225535907586,109.90227613589947,132.38199868104033,5.018966076214083,28.758675616706697,54.022896102849344,79.28711658899198,112.99574749836482,146.70437840773764,10.523215398225076,37.41563006261018,62.504636970187065,87.59364387776397,116.35439210964388,145.11514034152378,4.005307620650529,42.57642000751513,62.880826326950405,83.18523264638569,100.65087718968489,118.11652173298411
,      ,,PER,25.31,33.96,39.11,38.27,26.2,16.01,14.63,13.13,,,매출액,19454,22395,25058,33721.0,42131,49419,52444,56856,,,,,45695,86.42,,,3.93,,,SPS,4.16,4.86,5.51,7.5,9.44,,,,,,,,,,,,,,,45689,90.6500015258789,93.80000305175781,77.81999969482422,3.3495414751436567,43.979479568636215,65.2448810089545,86.51028244927278,108.75542477107061,131.0005670928684,4.836059332685413,27.71061997628742,52.054133642192625,76.39764730809782,108.87783080124623,141.35801429439462,10.148993431617164,36.085071850690866,60.281874507960715,84.47867716523056,112.21664829361563,139.9546194220007,3.980046090571728,42.30788994277747,62.48423609316952,82.66058224356158,100.01607072726092,117.37155921096026
,      ,,PBR,13.74,20.79,22.31,29.23,19.18,8.5,6.9,5.73,,,매출총이익,16246,18632,21030,28529.0,35811,41294,45173,49286,,,,,45688,84.45,,,3.87,,,,,,,,,,,,,,,,,,,,,,,45658,84.44999694824219,89.97000122070312,78.16999816894531,3.3145883663693736,43.520545250429876,64.56403814141743,85.60753103240499,107.62054102055559,129.6335510087062,4.659818280121823,26.70075874509805,50.15711901266128,73.61347928022451,104.9099838040927,136.2064883279609,9.788079382313265,34.80183036582769,58.138156948688355,81.47448353154901,108.22604910682448,134.97761468209993,3.954943885309486,42.04105350083984,62.09014715943061,82.13924081802139,99.38526799789906,116.63129517777674
,   ,,PCR,20.53,29.49,27.53,29.41,21.88,14.06,12.62,10.63,,,판매비와관리비,7969,9278,10503,13427.0,15656,,,,,,,,45681,87.97,,,3.91,,,PER,25.31,33.96,39.11,38.27,26.2,16.01,14.63,13.13,,,,,,,,,,,,45627,86.0199966430664,112.5199966430664,81.5,3.28,43.0664,63.89029999999999,84.71419999999999,106.49749999999999,128.2808,4.49,25.727700000000002,48.32923750000001,70.93077500000001,101.08673750000001,131.2427,9.44,33.564222951343744,56.070673332229525,78.5771237131153,104.37736185655766,130.17759999999998,3.93,41.77590000000001,61.69854375,81.6211875,98.75844375,115.8957
,   ,,PSR,8.4,11.52,12.27,13.79,9.11,4.0905994180375975,3.854651297383876,3.555532092303363,,,영업이익,8294,9328,10594,14892.0,18619,20862,22980,25267,,,,,45674,78.69,,,3.81,,,PBR,13.74,20.79,22.31,29.23,19.18,8.5,6.9,5.73,,,,,,,,,,,,45597,106.8000030517578,113.0199966430664,99.41999816894531,3.227240544846569,42.37366835383545,62.862611762930094,83.35155517202475,104.78446644048704,126.2173777089493,4.401926138430954,25.22303677320937,47.38123247253619,69.53942817186301,99.10386459909991,128.6683010263368,9.26074871544768,32.92688925653137,55.00597627497151,77.08506329341165,102.39539403971757,127.7057247860235,3.894081707005161,41.39408854546486,61.13464899891415,80.87520945236344,97.85583949597282,114.8364695395822
,   ,,POR,14.860742705570292,20.83265437392796,21.833207475929772,23.957359656191244,15.440249207798486,9.661053590259803,8.77062228024369,7.976764158784185,,,당기순이익,6457,7596,7863,12150.0,14651,16587,18078,19636,,,,,45667,86.26,,,3.9,,,PCR,20.53,29.49,27.53,29.41,21.88,14.06,12.62,10.63,,,,,,,,,,,,45566,111.9499969482422,120.5599975585938,107.2399978637695,3.1753297360675523,41.69207943456696,61.851454096425826,82.0108287582847,103.09898736794334,124.18714597760197,4.31557989492242,24.72827279790547,46.45182309397121,68.17537339003694,97.15988685930965,126.14440032858235,9.084901140960369,32.30165756208803,53.96149620025298,75.62133483841794,100.45106078613071,125.28078673384348,3.8584916897791923,41.01576666235282,60.575907972227206,80.13604928210161,96.96148460684499,113.78691993158837
,   ,,POCR,15.482351463383997,22.21387745770462,20.705487422791155,22.563432835820894,16.38074074074074,11.281774419255527,9.674966397849463,8.614305252810189,,,영업활동현금흐름,7961,8748,11171,15812.0,17550,17865,20832,23397,,,,,45660,87.65,,,3.92,,,PSR,8.4,11.52,12.27,13.79,9.11,,,,,,,,,,,,,,,45536,119.0699996948242,138.6199951171875,117.4899978637695,3.12425392301651,41.02145400920678,60.85656110295783,80.6916681967089,101.4406195629423,122.1895709291757,4.230927381279761,24.24321389473303,45.54064460025003,66.83807530576703,95.25404133028722,123.67000735480741,8.912392645245543,31.68829806937899,52.93684921823388,74.18540036708877,98.5436474725124,122.90189457793603,3.823226948040861,40.64090245767436,60.02227356739899,79.40364467712364,96.07530368742431,112.74696269772498
,   ,,PEG,4.45,3.64,3.23,1.52,1.02,,,,,,EPS,1.38,1.65,1.73,2.7,3.28,3.72,4.08,4.54,,,,,45653,87.37,,,3.9,,,PEG,4.45,3.64,3.23,1.52,1.02,,,,,,,,,,,,,,,45505,139.1600036621094,139.7400054931641,118.8000030517578,3.073999674620373,40.3616157277655,59.87767116201159,79.39372659625768,99.80892693533023,120.22412727440279,4.147935374044236,23.767669693273472,44.64733938236865,65.52700907146382,93.38558002738843,121.24415098331302,8.743159824260916,31.08658534329712,51.93165872856007,72.77673211382303,96.67245304519054,120.56817397655803,3.788284508930047,40.2694643299264,59.473699112383656,78.67793389484092,95.197222031594,111.71651016834709
,   ,,보통주 주가 ,69.85,112,135.34,103.45,86.02,59.63,,,,,BPS,2.54,2.69,3.03,3.54,4.49,7.01,8.65,10.41,,,,,45646,85,,,3.9,,,,,,,,,,,,,,,,,,,,,,,45474,132.6300048828125,145.9900054931641,126.3499984741211,3.024553775847567,39.71239107687856,58.914526861290796,78.11666264570303,98.20348040955069,118.29029817339836,4.066571301453833,23.301453557330465,43.77155684602371,64.24166013471694,91.55376963810625,118.86587914149554,8.577140477910811,30.496298229406094,50.94555528194705,71.39481233448801,94.83678976243905,118.27876719039008,3.7536614267571307,39.901420966428304,58.93013836169523,77.95885575696217,94.32716561601497,110.69547547506778
,,,,,,,,,,,,,,,,,,,,,,,,,,,45639,106.95,,,3.93,,,,,,,,,,,,,,,,,,,,,,,45444,142.7400054931641,148.1499938964844,133.6799926757812,2.97590322423294,39.07360933417851,57.96687492902738,76.86014052387625,96.62385781181327,116.38757509975028,3.9868032306598717,22.844382511681065,42.9129532740152,62.98152403634933,89.7578912342687,116.53425843218805,8.41427358718505,29.91721977265699,49.978176444391956,70.03913311612693,93.03598294170439,116.03283276728183,3.7193547827546647,39.53674134068209,58.39154549250901,77.24634964433595,93.4650610938855,109.68377254343505
,,,EPS,3.6427672535318285,,*,25.827499999999997,=,94.08357124059329,,0.5777892208719315,,,BPS,6.508377551795316,,*,15.797500000000001,=,102.81609437448652,,0.7242343514084608,,0.3,,,45632,110.77,,,3.98,,,,,,,,,,,,,,,,,,,,,,,45413,135.2799987792969,137.2200012207031,121.2900009155273,2.9280352264585874,38.44510252340125,57.0344661673802,75.62382981135916,95.06964375907727,114.51545770679535,3.9085998551943595,22.39627717026368,42.0711916913483,61.7461062124329,87.99723998988202,114.24837376733113,8.25449929173192,29.34913713764822,49.02916666396403,68.70919619027984,91.26937071163151,113.82954523298316,3.6853616848313213,39.17539470975695,57.85787510079872,76.5403554918405,92.61083578875808,108.68131608567566
,,,CPS,4.186685184242767,,*,20.76875,=,86.95221792024196,,0.458195839682072,,,SPS,13.558975624291213,,*,8.323847850965604,=,112.86285011155142,,0.8927192706951437,86.8175770088857,,,,45625,106.8,,,3.93,,,,,,,,,,,,,,,,,,,,,,,45383,128.3099975585938,130.4600067138672,121.7900009155273,2.8809371949896803,37.826705370214505,56.11705538690523,74.40740540359596,93.54042954982118,112.6734536960464,3.831930482683186,21.95696166577466,41.24594173298115,60.53492180018764,86.27112490450858,112.00732800882953,8.097758867857012,28.791841530399754,48.098177140124506,67.40451274984926,89.53630376879873,111.66809478774819,3.651679267328083,38.81735061169753,57.32908219750882,75.84081378332013,91.76441768841264,107.68802159350516
,,,,,,,,,,,,,,,,,,,,,,,,,,,45618,105.06,,,3.9,,,,,,,,,,,,,,,,,,,,,,,45352,128.3999938964844,138.2799987792969,122.25,2.8345967447644007,37.218255258756585,55.21440134207956,73.21054742540255,92.03581305656914,110.86107868773571,3.7567650228003275,21.526263580645878,40.43687951416703,59.34749544768818,84.57886853207089,109.81024161645358,7.9439947069398205,28.24512812161258,47.18486569552787,66.12460326944316,87.83614513907165,109.54768700870012,3.6183046907766654,38.46257886295596,56.80512220476191,75.14766554656788,90.92573543878586,106.70380533100386
,,,PER,25.31,33.96,39.11,38.27,26.2,16.01,14.63,13.13,,,매출액,19454,22395,25058,33721.0,42131,49419,52444,56856,94.08357124059329,72.37197787737945,,,45611,101.74,,,3.92,,,,,,,,,,,,,매출채권회전일수,93.80621948085324,103.44338954229842,113.7993390284966,107.3150652710808,105.06318183126564,0.0,106.90018744142455,,,45323,119.7699966430664,124.870002746582,113.2399978637695,2.7890016899371246,36.61959218887445,54.32626666786276,72.03294114685107,90.55539862014601,109.07785609344094,3.683073975458337,21.10401387937627,39.643687503339684,58.18336112730309,82.91980671497514,107.65625230264719,7.793150294260184,27.70879597138548,46.28889665025754,64.8689973291296,86.16826994348877,107.46754255784793,3.5852351416601467,38.11104955584736,56.28595095210076,74.46085234835418,90.09471833795595,105.72858432755773
,,,PBR,13.74,20.79,22.31,29.23,19.18,8.5,6.9,5.73,,,매출총이익,16246,18632,21030,28529.0,35811,41294,45173,49286,86.95221792024196,66.8863214771092,,,45604,107.2,,,4.03,,,S/A,0.8178416782276033,0.7530515484717039,0.7215087820328246,0.7242171728018556,0.6514364350434487,0.6062565172054223,0.5941854931907276,0.5980183856785241,,재고자산회전일수,53.3836455910959,49.23981814993188,47.417376844730825,44.48995014687778,44.970122589786236,0.0,52.43348847899787,,,45292,114.7399978637695,116.120002746582,101.7099990844727,2.744140040673988,36.030558734049464,53.45241781727844,70.87427690050741,89.09879694563355,107.32331699075966,3.610828419230484,20.690046842190675,38.86605439749213,57.042061952793574,81.29328832345031,105.54451469410704,7.645170188226772,27.182647955361233,45.409940698449475,63.637233441537724,84.53206516859245,105.42689689564718,3.5524678321757843,37.76273305602859,55.771524672764706,73.78031628950082,89.27129633018235,104.76227637086387
,,,PCR,20.53,29.49,27.53,29.41,21.88,14.06,12.62,10.63,,,판매비와관리비,7969,9278,10503,13427.0,15656,,,,102.81609437448652,79.08930336498963,,,45597,111.94,,,4.09,,,A/E,2.288531845295363,2.7492835351761116,2.889831918788484,2.9512581606135515,3.246197861767806,2.7278963924770765,2.428583220977905,2.2410428059588914,,매입채무회전일수,17.756372835181942,18.69829153966343,26.21881577151559,32.66102331907583,33.77159300141563,0.0,28.48891664064939,,,45261,103.4499969482422,104.9899978637695,94.7300033569336,2.7,35.45100000000001,52.592625,69.73425,87.665625,105.59700000000001,3.54,20.284200000000002,38.10367500000001,55.92315000000001,79.69867500000001,103.4742,7.5,26.66649069227522,44.54767478725863,62.42885888224203,82.92692944112102,103.425,3.52,37.4176,55.2618,73.10600000000001,88.4554,103.8048
,,,PSR,8.4,11.52,12.27,13.79,9.11,4.0905994180375975,3.854651297383876,3.555532092303363,,,영업이익,8294,9328,10594,14892.0,18619,20862,22980,25267,112.86285011155142,86.8175770088857,,,45590,113.38,,,4.01,,,,,,,,,,,,,Cash to Cash Cycle,129.43349223676722,133.98491615256688,134.99790010171185,119.14399209888273,116.26171141963624,0.0,130.84475927977303,,,45231,101.8399963378906,105.6900024414062,96,2.601680483294605,34.16006474565817,50.67748371397479,67.19490268229141,84.47331319197171,101.75172370165201,3.494404767699441,20.0229393189178,37.612899318324864,55.20285931773193,78.6721553387933,102.14145135985467,7.309743279738247,25.990026817608175,43.41760885388383,60.84519089015947,80.82327535887495,100.80135982759042,3.416452343798795,36.31688841458119,53.6361665149262,70.95544461527122,85.85331211694884,100.75117961862645
,,,POR,14.860742705570292,20.83265437392796,21.833207475929772,23.957359656191244,15.440249207798486,9.661053590259803,8.77062228024369,7.976764158784185,,,당기순이익,6457,7596,7863,12150.0,14651,16587,18078,19636,,,,,45583,118.09,,,4.02,,,시가총액/주가=주식수,3529133858.267717,3470125000,3418073001.3299837,3448748187.5302076,3342036735.642874,3390128000,3390128000,3390128000,,,,,,,,,,,,45200,96.56999969482422,104,86.95999908447266,2.5069412359837187,32.916138428466226,48.83208160041786,64.74802477236949,81.39724825584636,98.04647173932324,3.4493968024069437,19.765043677791788,37.12844483190774,54.4918459860237,77.65885726018934,100.82586853435497,7.124312908757138,25.330723182697124,42.31620993893087,59.301696695164615,78.77298585346277,98.24427501176092,3.315950743593258,35.24855640439633,52.05835420519941,68.86815200600248,83.32776971728383,97.78738742856517
,,,POCR,15.482351463383997,22.21387745770462,20.705487422791155,22.563432835820894,16.38074074074074,11.281774419255527,9.674966397849463,8.614305252810189,,,영업활동현금흐름,7961,8748,11171,15812.0,17550,17865,20832,23397,,,,,45576,120.04,,,4.05,,,주당 영업이익 OPS,2.350151717983043,2.6880876049133677,3.0994071793896265,4.318088532484241,5.57115360266034,6.15374994690466,6.77850511839081,7.453110914986101,,,,,,,,,,,,45170,90.94000244140625,100.879997253418,90.4000015258789,2.415651883861217,31.717509235097783,47.05387913276168,62.39024903042558,78.43319710411889,94.4761451778122,3.404968540118087,19.51046973487664,36.65023012369606,53.78999051251548,76.65861047008359,99.52723042765169,6.943586454338666,24.688144474084048,41.24275083001242,57.79735718594079,76.7747071956355,95.7520572053302,3.2184055937132197,34.21165146117153,50.52695631780148,66.84226117443143,80.87652106651714,94.91078095860284
,,,PEG,4.45,3.64,3.23,1.52,1.02,,,,,,EPS,1.38,1.65,1.73,2.7,3.28,3.72,4.08,4.54,,,,,45569,115.12,,,4.09,,,주당 영업현금흐름 OCPS,2.2557942882641675,2.5209466517776735,3.268215744851946,4.584851992723665,5.25128877634078,5.2697125300283645,6.144900723512505,6.901509323541766,,,,,,,,,,,,45139,92.80999755859375,96.08999633789062,78.19499969482422,2.327686800250209,30.562527687285247,45.34042926037375,60.11833083346227,75.57708079562397,91.03583075778567,3.361112514252894,19.259174706669082,36.178174825289595,53.0971749439101,75.6712468677611,98.24531879161209,6.767444589584487,24.061866421152406,40.19652276234702,56.33117910354164,74.82711999695586,93.32306089037007,3.1237299244138272,33.20524909651898,49.04060748209433,64.87596586766968,78.49738066931671,92.11879547096376
,,,,,,,,,,,,,,BPS,2.54,2.69,3.03,3.54,4.49,7.01,8.65,10.41,,,,,,,,,,,,SPS,4.16,4.86,5.51,7.5,9.44,14.577325693897103,15.469622385939411,16.771048172812353,,,,,,,,,,,,45108,80.55000305175781,83.2699966430664,75.55999755859375,2.2429249331234917,29.449604371911448,43.68937404107921,57.929143710246976,72.82496892235338,87.72079413445977,3.3178213544010067,19.011116360717768,35.71219960343384,52.413282846149905,74.69660051764566,96.97991818914143,6.595771014628831,23.45147551599712,39.17683495078827,54.90219438557941,72.9289383386555,90.95568229173156,3.0318393243346713,32.22845201767756,47.59798249247663,62.96751296727571,76.18822732095258,89.40894167462945
,,,PER,25.31,33.96,39.11,38.27,26.2,16.01,14.63,13.13,,,,,,,,,,,,,,,,,,,,,,,PSR,8.4,11.52,12.27,13.79,9.11,4.0905994180375975,3.854651297383876,3.555532092303363,,,,,,,,,,,,45078,80.91500091552734,81.42500305175781,77.17500305175781,2.161249638519347,28.377207753759027,42.09844139630872,55.81967503885843,70.17307420067505,84.52647336249166,3.27508778508302,18.766253008525705,35.25222614668736,51.73819928484901,73.73450762141285,95.73081595797667,6.4284523798500635,22.85656874040083,38.18301413372525,53.50945952704968,71.07890892259103,88.64835831813237,2.9426518652399243,31.280389327500398,46.197795126851034,61.11520092620168,73.94700221606352,86.77880350592537
,,,PBR,13.74,20.79,22.31,29.23,19.18,8.5,6.9,5.73,,,,,,25.827499999999997,15.797500000000001,,,,,,,,,,,,,,,시가총액/영업이익 ,POR,14.860742705570292,20.83265437392796,21.833207475929772,23.957359656191244,15.440249207798486,9.661053590259803,8.77062228024369,7.976764158784185,,,,,,,,,,,,45047,80.2300033569336,86.16500091552734,79.25499725341797,2.082548520023443,27.343862067907807,40.56544198440664,53.78702190090547,67.61774725951116,81.44847261811685,3.2329046245277695,18.52454349854412,34.798177152260784,51.07181080597744,72.78480649046207,94.4978021749467,6.265378211030187,22.276753299736065,37.214404128553205,52.152054957370346,69.27581024373832,86.39956553010627,2.856088028972394,30.36021574797655,44.838796999848476,59.31737825172041,71.77170711305816,84.2260359743959
,,,,,,,,,,,,,,,,,20.76875,8.323847850965604,,,,,,,,,,,,,,,시가총액/영업현금흐름 ,POCR,15.482351463383997,22.21387745770462,20.705487422791155,22.563432835820894,16.38074074074074,11.281774419255527,9.674966397849463,8.614305252810189,,,,,,,,,,,,45017,83.54499816894531,86.48500061035156,78.1500015258789,2.0067132740959437,26.348145288879742,39.08826618779636,51.82838708671298,65.15547161830267,78.48255614989236,3.191264783465369,18.285947209256566,34.34997631302537,50.41400541679417,71.84733751874346,93.28066962069273,6.106440836412855,21.711646363617696,36.27036539842072,50.82908443322375,67.51845178367851,84.20781913413326,2.7720706365563657,29.46711086659417,43.519776449787095,57.57244203298002,69.66040255251362,81.74836307204721
,,,,,,,,,,,,,,,,,,,,,,,,,,,,,,,,,,PEG,,,,,,,,,,,,,,,,,,,,44986,79.56999969482422,79.87000274658203,67.66000366210938,1.9336395410309726,25.38868717373667,37.66488120985705,49.94107524597744,62.78285884784939,75.62464244972134,3.1501612639357925,18.05042404235209,33.907548304688895,49.764672567025684,70.92194315593446,92.07921374484322,5.95153531561175,21.160874813134402,35.35027462996758,49.53967444680077,65.8056732245434,82.07167200228602,2.690524779386024,28.60027840487344,42.23955745837346,55.87883651187349,67.61120612798366,79.34357574409384
,,,,,,,,,,,,,,,,,,,,,,,,,,,,,,,,,,,,,,,,,,,,,,,,,,,,,,44958,70.49500274658203,71.95500183105469,65.58499908447266,1.8632267613433375,24.464167376438024,36.29332827751653,48.122489178595046,60.49664390736649,72.87079863613793,3.1095871581128045,17.81793441598637,33.470818773136706,49.12370313028703,70.00846788096216,90.89323263163728,5.800559370322386,20.62407499449223,34.45352432177431,48.282973649056395,64.13634368290104,79.9897137167457,2.6113777524380994,27.758945508417,40.996998602182884,54.235051695948776,65.62229080767416,77.00952991939955
,,,,,,,,,,,,,,,,,,,,,,,,,,,,,,,,,,,,,,,,,,,,,,,,,,,,,,44927,69.38999938964844,72.38999938964844,65.05000305175781,1.7953780373848773,23.573313630863442,34.971719945710674,46.37012626055792,58.29368065134024,70.21723504212255,3.0695356471430326,17.58843925812958,33.039714321935826,48.49098938574206,69.10675817586646,89.72252696599084,5.653413316791577,20.100892478907653,33.57952238325178,47.0581522875959,62.50936096307588,77.96056963855585,2.534558989449195,26.942362057844946,39.79099203498396,52.63962201212297,63.69188330548987,74.74414459885676
,,,,,,,,,,,,,,,,,,,,,,,,,,,,,,,,,,,,,,,,,,,,,,,,,,,,,,44896,67.66999816894531,67.93000030517578,62.40999984741211,1.73,22.7149,33.6982375,44.681574999999995,56.1709375,67.66029999999999,3.03,17.3619,32.614162500000006,47.866425,68.2166625,88.56689999999999,5.51,19.59098182859153,32.727691743706,45.864401658820476,60.92365082941024,75.98289999999999,2.46,26.149800000000003,38.6204625,51.091125,61.818262499999996,72.5454
,,,,,,,,,,,,,,,,,,,,,,,,,,,,,,,,,,,,,,,,,,,,,,,,,,,,,,44866,62.29999923706055,62.29999923706055,52.97000122070312,1.7231877154198005,22.625454703461983,33.565542711733436,44.505630720004895,55.94975113503665,67.3938715500684,3.000095637607014,17.19054800348819,32.2922794192925,47.39401083509681,67.54340316117491,87.69279548725301,5.452662970209489,19.387118179094013,32.387127562855994,45.387136946617986,60.28967965290342,75.19222235918885,2.407612825973754,25.592924340101007,37.79801660977171,50.00310887944241,60.501805558704206,71.000502237966
,FY 0,Ticker,액면분할,FY-4,FY-3,FY-2,FY-1,FY 0,FY+1,FY+2,FY+3,직전 시기,최근 시기,,,,,,,,,,,,,,,,,,,,,,,,,,,,,,,,,,,,,,,,,44835,54.41999816894531,54.63999938964844,50.44499969482422,1.7164022558229566,22.53636161895542,33.43337044061141,44.33037926226741,55.72943574375162,67.12849222523583,2.9704864141216625,17.020887152917126,31.97357314000205,46.926259127086965,66.87678850593159,86.82731788477619,5.395922589236614,19.18537593361544,32.05010729100469,44.914838648393946,59.66230557698343,74.4097725055729,2.356341268208672,25.047907681058188,36.993085197583525,48.93826271410886,59.2133833567913,69.48850399947374
,,,,,,,,,,,,,,,,,,,,,,,,,,,,,,,,,,,,,,,,,,,,,,,,,,,,,,44805,49.81499862670898,55.13999938964844,47.5099983215332,1.7096435155797434,22.447619359562033,33.30171862909892,44.15581789863582,55.50998789647979,66.86415789432377,2.9411694166921794,16.85290075764619,31.65801230892045,46.463123860194706,66.21675295505356,85.9703820499124,5.339772648357054,18.985733016837226,31.716594050254503,44.44745508367178,59.04145995225778,73.63546482084378,2.306161568987995,24.51449747834239,36.2052952821309,47.89609308591942,57.95239887768769,68.00870466945597
,,,,,,,,,,,,,,,,,,,,,,,,,,,,,,,,,,,,,,,,,,,,,,,,,,,,,,44774,53.04999923706055,58.70999908447266,49.68500137329102,1.70291138947638,22.35922654382487,33.170585227763034,43.9819439117012,55.29140417706122,66.60086444242123,2.9121417612149756,16.686572291761813,31.345565882277697,46.00455947279358,65.56323157655366,85.12190368031374,5.284207003454436,18.788167583156437,31.38655134645902,43.98493510976161,58.427074843699145,72.86921457763667,2.25705047652978,23.992446565511564,35.434281824969716,46.876117084427875,56.71826781864554,66.56041855286321
,,,,,,,,,,,,,,,,,,,,,,,,,,,,,,,,,,,,,,,,,,,,,,,,,,,,,,44743,58.02999877929688,58.61999893188477,53.73500061035156,1.6962057727133901,22.271181795726815,33.039968195240945,43.80875459475508,55.07368118278789,66.33860777082069,2.88340059205091,16.521885392451715,31.036203122687986,45.55052085292426,64.91616007928619,84.28179930564811,5.2292195743480265,18.592658014295342,31.059943065229717,43.527228116164096,57.81908302321169,72.11093793025928,2.2089852342127148,23.48151303968116,34.67968756136824,45.87786208305532,55.51041831999414,65.14297455693296
,,,,,,,,,,,,,,,,,,,,,,,,,,,,,,,,,,,,,,,,,,,,,,,,,,,,,,44713,55.71500015258789,58.38999938964844,52.11999893188477,1.6895265609039698,22.183483744669125,32.9098654982082,43.63624725174728,54.85681552435077,66.07738379695425,2.854943081744363,16.3588238583952,30.72989359612589,45.100963333856576,64.27547480662216,83.44998627938773,5.174804344127421,18.3991829169359,30.7367334679842,43.074284019032504,57.21741796227482,71.36055190551713,2.1619435700313723,22.981460149433488,33.94116283476127,44.90086552008906,54.32829070015711,63.75571588022517
,,,,,,,,,,,,,,,,,,,,,,,,,,,,,,,,,,,,,,,,,,,,,,,,,,,,,,44682,55.20000076293945,57.16500091552734,51.08000183105469,1.682873650072363,22.096131025450127,32.78027511134704,43.46441919724395,54.64080382578703,65.81718845433011,2.8267664307450793,16.197371648169305,30.426607168932353,44.65584268969539,63.64111273018703,82.62638277067867,5.12095535849415,18.207721120378825,30.416887188035577,42.62605325569233,56.622013824663334,70.61797439363433,2.1159036862760265,22.492056185114162,33.21836543472969,43.94467468434523,53.17133719631262,62.39799970828002
,45627,058470.KQ,리노공업,5,5,5,5,5,1,1,1,,45772,12,4,2024,2025,1.0,0,1,,,,,,,,,,,,,,,,,,,,,,,,,,,,,,,,,,44652,57,61.08000183105469,53.95999908447266,1.6762469366522423,22.009122278243943,32.65119501731486,43.29326775638578,54.42564272442749,65.55801769246919,2.7988678671327603,16.037512878670718,30.126314004850254,44.21511513102978,63.01301144366018,81.81090775629059,5.0676667251101435,18.018251674227,30.100369226722485,42.18248677921797,56.03280545924343,69.88312413926887,2.070844249432241,22.013074371464725,32.51096043843029,43.00884650539586,52.03902171057633,61.06919691575679
,45627,064960.KS,SNT모티브,2,2,2,2,2,1,1,1,,45684,12,1,2024,2025,1.0,0,1,,,,,,,,,,,,,,,,,,,,,,,,,,,,,,,,,,44621,55.52500152587891,56.86000061035156,50.2400016784668,1.6696463174850984,21.922456148579343,32.52262320671286,43.12279026484637,54.21132887084429,65.2998674768422,2.7712446463443707,15.879231823553246,29.828984562089225,43.7787373006252,62.39110915663558,81.00348101264596,5.0149326129529666,17.83075384609303,29.787144949579453,41.743536053065874,55.449728392843646,69.15592073262141,2.0267443802955536,21.544292762541737,31.818620055402505,42.09294734826328,50.93081956158957,59.76869177491587
,45627,339770.KS,교촌에프앤비,2,2,2,2,2,1,1,1,,45653,12,12,2024,2024,0.0,0,0,,,,,,,,,,,,,,,,,,,,,,,,,,,,,,,,,,44593,51.47499847412109,53.58499908447266,47.375,1.663071689818632,21.83613128731864,32.394557678054674,42.95298406879071,53.997858928798706,65.0427337888067,2.7438940509041387,15.722512911680717,29.53458959041943,43.346666269158135,61.77534468854306,80.20402310792798,4.962747251677774,17.64520711933064,29.47718008254707,41.3091530457635,54.8727188232,68.4362846006365,1.98358364429667,21.085494138873603,31.141023475680033,41.196552812486466,49.846217241397625,58.49588167030879
,45839,PANW,Palo Alto Networks,6,6,6,6,2,1,1,1,44818,45642,7,12,2025,2024,-1.0,1,0,,,,,,,,,,,,,,,,,,,,,,,,,,,,,,,,,,44562,49.93500137329102,54.86000061035156,45.75500106811523,1.6565229513051556,21.750146350636694,32.266996437735294,42.7838465248339,53.78522957518927,64.78661262554463,2.71681339015622,15.567340725595141,29.243100128294017,42.91885953099289,61.1656574626296,79.4124553942663,4.911104930985896,17.461591190789647,29.17044070822159,40.879290225653534,54.30171361197453,67.7241369982955,1.9413420420326946,20.636465906807544,30.477856721137034,40.31924753546652,48.78471217750534,57.25017681954416
,45627,ANET,Arista Networks,16,4,4,4,1,1,1,1,,45567,12,10,2024,2024,0.0,0,0,,,,,,,,,,,,,,,,,,,,,,,,,,,,,,,,,,44531,56,58.67499923706055,51.04499816894531,1.65,21.6645,32.139937499999995,42.61537499999999,53.5734375,64.5315,2.69,15.4137,28.954487500000003,42.495275,60.5619875,78.6287,4.86,17.279885968594346,28.86689326214359,40.45390055569284,53.73665027784642,67.0194,1.9,20.197,29.828812499999998,39.460625,47.7458125,56.03099999999999
,45809,LRCX,Lam Research,10,10,10,10,10,1,1,1,,45568,6,10,2025,2024,-1.0,1,0,,,,,,,,,,,,,,,,,,,,,,,,,,,,,,,,,,44501,53.41500091552734,57.97499847412109,53.09999847412109,1.625611911002075,21.344284391457247,31.664888011431664,41.985491631406084,52.781586735348625,63.57768183929115,2.677168664416205,15.340176447104856,28.816374211609933,42.292571976115006,60.27310601850034,78.25364006088567,4.797419444459733,17.057378795016753,28.49518416398175,39.93298953294675,53.044701836023236,66.15641413909971,1.8824706380380805,20.010662882344796,29.55361247304909,39.09656206375338,47.30531058974819,55.51405911574299
,45809,SMCI,Super Micro Computer,10,10,10,10,10,1,1,1,,45567,6,10,2025,2024,-1.0,1,0,,,,,,,,,,,,,,,,,,,,,,,,,,,,,,,,,,44470,55.06499862670898,55.16999816894531,47.44499969482422,1.6015842940556493,21.028801780950676,31.196860067836475,41.36491835472228,52.00144004761936,62.637961740516445,2.664398534472878,15.267003602529593,28.678919725432447,42.090835848335296,59.985602505488764,77.88036916264222,4.7356447173004845,16.83773677010876,28.128261436573506,39.41878610303826,52.36166337730597,65.30454065157367,1.865103001618682,19.82604490720659,29.280951436037295,38.735857964868,46.868872741301466,55.00188751773493
,45717,6594.T,NIDEC,2,2,2,2,2,1,1,1,,45562,3,9,2024,2024,0.0,1,1,,,,,,,,,,,,,,,,,,,,,,,,,,,,,,,,,,44440,48.00500106811523,51.29999923706055,47.41500091552734,1.5779118211458887,20.71798221164552,30.735749886145477,40.753517560645435,51.23282444283058,61.712131325015704,2.6516893182183066,15.194179793390898,28.542120898972303,41.8900620045537,59.699470388037405,77.5088787715211,4.6746654421461695,16.620923000332198,27.76606344746188,38.91120389459157,51.687420170893624,64.46363644719567,1.8478955986651882,19.643130213810952,29.01080596429429,38.37848171477763,46.43646145970701,54.494441204636395
,45717,9434.T,Softbank,10,10,10,10,10,1,1,1,,45562,3,9,2024,2024,0.0,1,1,,,,,,,,,,,,,,,,,,,,,,,,,,,,,,,,,,44409,49.98500061035156,53.61999893188477,45.83499908447266,1.5545892430095367,20.411756760715217,30.28145521727201,40.1511536738288,50.4755694839659,60.79998529410298,2.639040725093389,15.12170335478512,28.40597460472397,41.69024585466281,59.41470312457129,77.13916039447976,4.614471376233747,16.406901067214356,27.40852935780996,38.41015764840557,51.02185896333447,63.633560278263374,1.8308469508668503,19.46190308771462,28.743152849265257,38.0244026108159,46.00803959593966,53.991676581063416
,45717,6758.T,Sony Group,5,5,5,5,5,1,1,1,,45562,3,9,2024,2024,0.0,1,1,,,,,,,,,,,,,,,,,,,,,,,,,,,,,,,,,,44378,46.29999923706055,46.43500137329102,41.93000030517578,1.5316113879709121,20.110057524058078,29.833875323438402,39.557693122818726,49.72950725318055,59.901321383542374,2.626452465924995,15.049572629750223,28.27047773010017,41.491382830450114,59.13129420471886,76.7712055789876,4.555052408692729,16.195635021230732,27.055599112181703,37.91556320313268,50.36486795950271,62.814172715872736,1.8139555935517853,19.28234795945548,28.477969096517057,37.67359023357864,45.58357034371039,53.49355045384215
,45717,8316.T,Sumitomo Mitsui Financial Group,3,3,3,3,3,1,1,1,,45562,3,9,2024,2024,0.0,1,1,,,,,,,,,,,,,,,,,,,,,,,,,,,,,,,,,,44348,41.8849983215332,42.47000122070312,39.35499954223633,1.508973160795114,19.81281760123985,29.392910955837824,38.973004310435805,48.99447231456636,59.015940318696906,2.6139242529193543,14.9777859692279,28.135627177360703,41.293468385493505,58.849237149163116,76.40500591283272,4.4963985588468445,15.987089375766548,26.707213428454345,37.427337481142146,49.71633680382007,62.00533612649798,1.7972200755611434,19.104449403214957,28.215231923762726,37.326014444310495,45.163017236304306,53.00002002829812
,45717,7951.T,Yamaha,3,3,3,3,3,1,1,1,,45562,3,9,2024,2024,0.0,1,1,,,,,,,,,,,,,,,,,,,,,,,,,,,,,,,,,,44317,39.45000076293945,41.1150016784668,36.76499938964844,1.4866695415581754,19.519971080658845,28.958464332626306,38.39695758459377,48.27030167746701,58.14364577034024,2.6014557996554757,14.906341732025878,28.00141986354163,41.09649799505738,58.56852550949347,76.04055302392956,4.438499974537571,15.781229101155994,26.36331378786072,36.94539847456545,49.07615656171928,61.206914648873095,1.7806389591244374,18.928192135492772,27.954918758904213,36.98164538231566,44.74634414344766,52.511042904579654
,45717,DECK,Deckers Outdoor,6,6,6,6,6,1,1,1,,45545,3,9,2024,2024,0.0,1,1,,,,,,,,,,,,,,,,,,,,,,,,,,,,,,,,,,44287,36.97499847412109,37.31000137329102,33.71500015258789,1.4646955845339196,19.231453024930364,28.530439117240082,37.829425209549804,47.556834760335704,57.2842443111216,2.589046821078601,14.835238284780385,27.867852720384793,40.9004671559892,58.28915286805835,75.6778385801275,4.381346930469258,15.578019618798278,26.023842425159778,36.469665231521276,48.44421970134617,60.41877417117106,1.7642108197360218,18.753561013793913,27.697007238093207,36.6404534623925,44.33351526820389,52.02657707401528
,45627,SIRI,Sirius XM Holdings,0.1,0.1,0.1,0.1,0.1,1,1,1,,45545,12,9,2023,2024,1.0,0,1,,,,,,,,,,,,,,,,,,,,,,,,,,,,,,,,,,44256,33.70999908447266,36.57500076293945,33.29499816894531,1.443046417097266,18.947199456487105,28.10874039703337,37.27028133757964,46.853913355126856,56.43754537267408,2.576697033493686,14.76447400191882,27.734922694267667,40.705371386616505,58.01111283781847,75.31685428902044,4.3249298265755565,15.37742679534941,25.6887423189337,36.00005784251799,47.82042007549746,59.64078230847692,1.7479342460327116,18.580541035327727,27.4414752038098,36.30240937229188,43.92449514389827,51.54658091550466
,45566,AVGO,Broadcom,10,10,10,10,1,1,1,1,,45488,10,7,2024,2024,0.0,0,0,,,,,,,,,,,,,,,,,,,,,,,,,,,,,,,,,,44228,35.625,37.93000030517578,35.1349983215332,1.4217172386437498,18.667147343392436,27.69327466223194,36.71940198107144,46.16138159221425,55.60336120335705,2.564406154558916,14.694047265622588,27.602626746133534,40.511206226644475,57.734399062200794,74.95759189775711,4.269239186406884,15.179416936988778,25.357957182009933,35.53649742703109,47.204652903791015,58.87280838055093,1.7318078396725305,18.409117335719,27.188300702958934,35.96748407019887,43.519248631070894,51.071013191942924
,45627,086280.KS,현대글로비스,2,2,2,2,1,1,1,1,,45485,12,7,2024,2024,0.0,0,0,,,,,,,,,,,,,,,,,,,,,,,,,,,,,,,,,,44197,34.79999923706055,36.81499862670898,34.36999893188477,1.4007033195250072,18.391234585363346,27.28394978519773,36.17666498503212,45.479085905827574,54.78150682662303,2.5521739032792508,14.623956465790108,27.47096185142204,40.31796723705396,57.45900521495324,74.6000431928525,4.214265655538654,14.983956783759554,25.031431452006565,35.07890612025358,46.59681475506581,58.11472338987803,1.715830215214577,18.239275187730954,26.93746198498435,35.635648782237745,43.11774091445781,50.59983304667787
,45658,WSM,Williams Sonoma,2,2,2,2,1,1,1,1,,45482,1,7,2025,2024,-1.0,1,0,,,,,,,,,,,,,,,,,,,,,,,,,,,,,,,,,,44166,34.92499923706055,36.95999908447266,33.375,1.38,18.1194,26.880674999999997,35.641949999999994,44.806875,53.971799999999995,2.54,14.554200000000002,27.339925000000004,40.12565,57.18492500000001,74.2442,4.16,14.791013503981992,24.709110281999454,34.627207060016914,45.996803530008464,57.3664,1.7,18.071,26.688937499999998,35.306875,42.7199375,50.132999999999996
,45627,7936.T,Asics,4,4,4,4,1,1,1,1,,45470,12,6,2024,2024,0.0,0,0,,,,,,,,,,,,,,,,,,,,,,,,,,,,,,,,,,,,,,,,,,,,,,,,,,,,,,,,,,,,,
,45717,8031.T,Mitsui,2,2,2,2,2,1,1,1,,45470,3,6,2025,2024,-1.0,1,0,,,,,,,,,,,,,,,,,,,,,,,,,,,,,,,,,,,,,,,,,,,,,,,,,,,,,,,,,,,,,
,45717,6501.T,Hitachi,5,5,5,5,5,1,1,1,,45470,3,6,2025,2024,-1.0,1,0,,,,,,,,,,,,,,,,,,,,,,,,,,,,,,,,,,,,,,,,,,,,,,,,,,,,,,,,,,,,,
,45627,CMG,Chipotle Mexican Grill,50,50,50,50,1,1,1,1,,45469,12,6,2024,2024,0.0,0,0,,,,,,,,,,,,,,,,,,,,,,,,,,,,,,,,,,,,,,,,,,,,,,,,,,,,,,,,,,,,,
,45627,APH,Amphenol Class A,4,4,2,2,1,1,1,1,,45455,12,6,2024,2024,0.0,0,0,,,,,,,,,,,,,,,,,,,,,,,,,,,,,,,,,,,,,,,,,,,,,,,,,,,,,,,,,,,,,
,45627,CNQ,Canadian Natural Resources,2,2,2,2,1,1,1,1,,45454,12,6,2024,2024,0.0,0,0,,,,,,,,,,,,,,,,,,,,,,,,,,,,,,,,,,,,,,,,,,,,,,,,,,,,,,,,,,,,,
,45658,NVDA,NVIDIA,40,10,10,10,1,1,1,1,44397,45453,1,6,2025,2024,-1.0,1,0,,,,,,,,,,,,,,,,,,,,,,,,,,,,,,,,,,,,,,,,,,,,,,,,,,,,,,,,,,,,,
,45717,6702.T,Fujitsu,10,10,10,10,1,1,1,1,,45379,3,3,2025,2024,-1.0,0,-1,,,,,,,,,,,,,,,,,,,,,,,,,,,,,,,,,,,,,,,,,,,,,,,,,,,,,,,,,,,,,
,45658,WMT,Walmart,3,3,3,3,1,1,1,1,,45345,1,2,2025,2024,-1.0,1,0,,,,,,,,,,,,,,,,,,,,,,,,,,,,,,,,,,,,,,,,,,,,,,,,,,,,,,,,,,,,,
,45689,3382.T,Seven & I Holdings,3,3,3,3,1,1,1,1,,45324,2,2,2025,2024,-1.0,0,-1,,,,,,,,,,,,,,,,,,,,,,,,,,,,,,,,,,,,,,,,,,,,,,,,,,,,,,,,,,,,,
,45717,8058.T,Mitsubishi,3,3,3,3,1,1,1,1,,45289,3,12,2025,2023,-2.0,1,-1,,,,,,,,,,,,,,,,,,,,,,,,,,,,,,,,,,,,,,,,,,,,,,,,,,,,,,,,,,,,,
,45717,9022.T,Central Japan Railway,5,5,5,5,1,1,1,1,,45191,3,9,2025,2023,-2.0,1,-1,,,,,,,,,,,,,,,,,,,,,,,,,,,,,,,,,,,,,,,,,,,,,,,,,,,,,,,,,,,,,
,45717,6902.T,Denso,4,4,4,4,1,1,1,1,,45191,3,9,2025,2023,-2.0,1,-1,,,,,,,,,,,,,,,,,,,,,,,,,,,,,,,,,,,,,,,,,,,,,,,,,,,,,,,,,,,,,
,45717,6981.T,Murata Manufacturing,3,3,3,3,1,1,1,1,,45191,3,9,2025,2023,-2.0,1,-1,,,,,,,,,,,,,,,,,,,,,,,,,,,,,,,,,,,,,,,,,,,,,,,,,,,,,,,,,,,,,
,45627,NVO,Novo-Nordisk ADR repsg 1 B,2,2,2,1,1,1,1,1,,45189,3,9,2024,2024,0.0,1,1,,,,,,,,,,,,,,,,,,,,,,,,,,,,,,,,,,,,,,,,,,,,,,,,,,,,,,,,,,,,,
,45717,7267.T,Honda Motor,3,3,3,3,1,1,1,1,,45170,3,9,2025,2023,-2.0,1,-1,,,,,,,,,,,,,,,,,,,,,,,,,,,,,,,,,,,,,,,,,,,,,,,,,,,,,,,,,,,,,
,45627,SRE,Sempra,2,2,2,1,1,1,1,1,,45139,12,8,2024,2023,-1.0,0,-1,,,,,,,,,,,,,,,,,,,,,,,,,,,,,,,,,,,,,,,,,,,,,,,,,,,,,,,,,,,,,
,45717,9432.T,Nippon Telegraph And Telephone,25,25,25,25,1,1,1,1,,45100,3,6,2025,2023,-2.0,1,-1,,,,,,,,,,,,,,,,,,,,,,,,,,,,,,,,,,,,,,,,,,,,,,,,,,,,,,,,,,,,,
,45717,6954.T,Fanuc,5,5,5,1,1,1,1,1,,45015,3,3,2025,2023,-2.0,0,-2,,,,,,,,,,,,,,,,,,,,,,,,,,,,,,,,,,,,,,,,,,,,,,,,,,,,,,,,,,,,,
,45717,8035.T,Tokyo Electron,3,3,3,1,1,1,1,1,,44986,3,3,2025,2023,-2.0,0,-2,,,,,,,,,,,,,,,,,,,,,,,,,,,,,,,,,,,,,,,,,,,,,,,,,,,,,,,,,,,,,
,45717,4063.T,Shin Etsu Chemical,5,5,5,1,1,1,1,1,,44986,3,3,2025,2023,-2.0,0,-2,,,,,,,,,,,,,,,,,,,,,,,,,,,,,,,,,,,,,,,,,,,,,,,,,,,,,,,,,,,,,
,45627,MNST,Monster Beverage,2,2,2,1,1,1,1,1,,44986,12,3,2024,2023,-1.0,0,-1,,,,,,,,,,,,,,,,,,,,,,,,,,,,,,,,,,,,,,,,,,,,,,,,,,,,,,,,,,,,,
,45717,4661.T,Oriental Land,5,5,5,1,1,1,1,1,,44986,3,3,2025,2023,-2.0,0,-2,,,,,,,,,,,,,,,,,,,,,,,,,,,,,,,,,,,,,,,,,,,,,,,,,,,,,,,,,,,,,
,45717,7832.T,Bandai Namco Holdings,3,3,3,1,1,1,1,1,,44986,3,3,2025,2023,-2.0,0,-2,,,,,,,,,,,,,,,,,,,,,,,,,,,,,,,,,,,,,,,,,,,,,,,,,,,,,,,,,,,,,
,45505,9983.T,Fast Retailing,3,3,3,1,1,1,1,1,,44958,8,2,2024,2023,-1.0,0,-1,,,,,,,,,,,,,,,,,,,,,,,,,,,,,,,,,,,,,,,,,,,,,,,,,,,,,,,,,,,,,
,45627,TSLA,Tesla,15,3,1,1,1,1,1,1,44074,44798,12,8,2024,2022,-2.0,0,-2,,,,,,,,,,,,,,,,,,,,,,,,,,,,,,,,,,,,,,,,,,,,,,,,,,,,,,,,,,,,,
,45627,GOOG,Alphabet Class C,20,20,1,1,1,1,1,1,,44743,12,7,2024,2022,-2.0,0,-2,,,,,,,,,,,,,,,,,,,,,,,,,,,,,,,,,,,,,,,,,,,,,,,,,,,,,,,,,,,,,
,45627,GOOGL,Alphabet Class A,20,20,1,1,1,1,1,1,,44743,12,7,2024,2022,-2.0,0,-2,,,,,,,,,,,,,,,,,,,,,,,,,,,,,,,,,,,,,,,,,,,,,,,,,,,,,,,,,,,,,
,45627,AMZN,Amazon Com,20,20,1,1,1,1,1,1,,44713,12,6,2024,2022,-2.0,0,-2,,,,,,,,,,,,,,,,,,,,,,,,,,,,,,,,,,,,,,,,,,,,,,,,,,,,,,,,,,,,,
,45627,NEE,NextEra Energy,1,1,1,1,1,1,1,1,,44105,12,10,2024,2020,-4.0,0,-4,,,,,,,,,,,,,,,,,,,,,,,,,,,,,,,,,,,,,,,,,,,,,,,,,,,,,,,,,,,,,
,45536,AAPL,Apple,1,1,1,1,1,1,1,1,,44044,9,8,2024,2020,-4.0,0,-4,,,,,,,,,,,,,,,,,,,,,,,,,,,,,,,,,,,,,,,,,,,,,,,,,,,,,,,,,,,,,
