Unnamed: 0,Unnamed: 1,Corp,005930.KS,삼성전자,005930.KS.1,Unnamed: 6,Unnamed: 7,Unnamed: 8,Unnamed: 9,Unnamed: 10,Unnamed: 11,Unnamed: 12,Unnamed: 13,Unnamed: 14,Unnamed: 15,Unnamed: 16,Unnamed: 17,Unnamed: 18,Unnamed: 19,Unnamed: 20,Unnamed: 21,Unnamed: 22,Unnamed: 23,Unnamed: 24,Unnamed: 25,Unnamed: 26,Unnamed: 27,Unnamed: 28,Unnamed: 29,Unnamed: 30,Unnamed: 31,Unnamed: 32,Unnamed: 33,Unnamed: 34,Unnamed: 35,Unnamed: 36,Unnamed: 37,Unnamed: 38,Unnamed: 39,Unnamed: 40,Unnamed: 41,Unnamed: 42,Unnamed: 43,Unnamed: 44,Unnamed: 45,Unnamed: 46,Unnamed: 47,Unnamed: 48,Unnamed: 49,Unnamed: 50,Unnamed: 51,Unnamed: 52,Unnamed: 53,Unnamed: 54,Unnamed: 55,Unnamed: 56,Unnamed: 57,Unnamed: 58,Unnamed: 59,Unnamed: 60,BJ,Unnamed: 62,Unnamed: 63,Unnamed: 64,BN,Unnamed: 66,BP,Unnamed: 68,Unnamed: 69,Unnamed: 70,BT,Unnamed: 72,Unnamed: 73,Unnamed: 74,Unnamed: 75,Unnamed: 76,Unnamed: 77,Unnamed: 78,Unnamed: 79
,삼성전자,,,KOSPI,반도체,45627,1969년,ROE (Fwd),OPM (Fwd),CCC (FY 0),PER (Oct-25),% PER (Avg),PBR (Oct-25),PER (Avg),,Price (₩),"89,000",52 High,52 Low,DY (F1),시총 (KRW),0,,,,,0xf,,,,,,,,PER (MIN),PER (Min∼Avg),PER (Avg),PER (Avg∼Max),PER (MAX),ROE (Fwd),OPM (Fwd),PER (Fwd),PER (FY+1),PER (Oct-25),PER (FY 0),PER (FY-1),PBR (Fwd),PBR (FY+1),PBR (Oct-25),PBR (FY 0),PBR (FY-1),,,,,,,,,,23193.176081908226,39772.4089115959,56351.64174128358,90452.5414870776,124553.4412328716,,58822.32244589294,69682.86592500849,80543.40940412403,95856.10114175902,111168.792879394,,,,,,,,
,005930.KS,,,Report,Naver,Yahoo,Google,,,97.05986358185469,19.12319206984838,0.12679926757595217,1.4527209305648718,16.97125,,전일비,0.034884,"90,300","49,900",0.017134831460674158,주식수,0,,,,,0xf,,,,,,,,6.86,11.915625,16.97125,26.905625,36.84,9.5,13.054022684459104,14.900634532639087,19.360452469001523,19.12319206984838,17.97979797979798,41.76442984514313,1.3400000000000003,1.436804804416964,1.4527209305648718,1.5349855987306187,1.711472635667859,,,,,,,,,PER,EPS,,,,,,,,,,,,,,,,,PCR,CPS
,,,,,,,,,,,,,,,,,,,,,,,,,,,,AC,1,8,AF,,,,,,,,,,,,,,,,,,,,,,,,"=IF(AND($W$5=FX!$E$35,$BC7=EOMONTH(TODAY(),-1)+1),$AC$8,IF(OR($W$5=FX!$E$35,$BC7<$B$5),XLOOKUP($BC7,INDIRECT(""'""&$F$1&""'!$AG3:$AG100""),INDIRECT(""'""&$F$1&""'!$AH3:$AH100""),NA(),0),NA()))",,,,,POR,OPS,,,,,,,,,,,,,,,,,POCR,OCPS
,45471,81500,,,,,,,,,,,,,,,,,,,,,,,,,253,"89,000","89,000","5,973",4,,,,FY-4,FY-3,FY-2,FY-1,FY 0,FY+1,FY+2,FY+3,,,,,,,,,,,,45444,37,,,,,,,,,,,,,,,,,,,,,,,,
,      ,,,,,24.105797240771892,,,,,,,,,,,1.5102259874508337,,,,,,,,,,구분,주가,매출액,,Fwd 12M EPS,,,,,,,,,,,,,,,,,,,,,,,DATE,Price,PER,PBR,High,Low,EPS,6.86,11.76375,16.6675,26.753750000000004,36.84,BPS,1.09,1.29125,1.4925,1.77625,2.06,,,,,,,,
,,,,,,,,,,,,,,,,,,,,,,,,,,,,,,,,,,,43800,44166,44531,44896,45261,2024/12(E),2025/12(E),2026/12(E),,,,,,,,,,,,46357,0x2a,0x2a,0x2a,0x2a,0x2a,"7,697",52801.420000000006,90545.58375,128289.7475,205923.61375000002,283557.48000000004,"68,189",74326.01000000001,88049.04625,101772.08249999999,121120.71125000001,140469.34,,,,,,,,
,,,,,,,,,,,,,,,,,,,,,,,,,,,45933,89000,,,5973,,,,43800,44166,44531,44896,45261,Dec-24(E),Dec-25(E),Dec-26(E),,,,,,,,,,,,46327,0x2a,0x2a,0x2a,0x2a,0x2a,7640.07387627297,52410.90679123258,89875.91906200614,127340.93133277973,204400.626467338,281460.32160189626,67595.66199519158,73679.27157475882,87282.89855129113,100886.52552782343,120066.79461895904,139247.06371009466,,,,,,,,
,,,,,,,,,,,,,,,,,,,,,,,,,,,,,,,,,,시가총액,,,,,,,,,,,,,,,,,,,,46296,0x2a,0x2a,0x2a,0x2a,0x2a,7583.56877158746,52023.28177308998,89211.20713676198,126399.13250043399,202888.90302285805,279378.67354528204,67007.48684638557,73038.16066256027,86523.41739039536,100008.67411823045,119022.04851089237,138035.42290355428,,,,,,,,
,,,,,,,,,,,,,,,,,,,,,,,,,,,,,,,,,,보통주 주가 ,,,,,,,,,,,,,,,,,,,,46266,0x2a,0x2a,0x2a,0x2a,0x2a,7527.481572135228,51638.523584847666,88551.41134420579,125464.29910356391,201388.36011051288,277312.4211174618,66424.42962964001,72402.62829630762,85770.54475927267,99138.46122223772,117986.39312964809,136834.32503705844,,,,,,,,
,,,,,,,,,,,,,,,,,,,,,,,,,,,,,,,,,,,,,,,,,,,,,,,,,,,,,,46235,0x2a,0x2a,0x2a,0x2a,0x2a,7471.809187137396,51256.61102376254,87896.49532518754,124536.37962661256,199898.91504037715,275261.4504541417,65846.44581191297,71772.62593498515,85024.22315463262,98275.8203742801,116959.74937341042,135643.67837254071,,,,,,,,
,,,,,,,,,,,,,,,,,,,,,,,,,,,,,,,,,,자산총계,,,,,,,,,,,,,,,,,,,,46204,0x2a,0x2a,0x2a,0x2a,0x2a,7416.548548674132,50877.52304390455,87246.42298946531,123615.3229350261,198420.4857340906,273225.64853315504,65273.49124766115,71148.10545995066,84284.39557354245,97420.68568713426,115942.03882865813,134463.39197018198,,,,,,,,
,,,,,,,,,,,,,,,,,,,,,,,,,,,,,,,,,,자본총계,,,,,,,,,,,,,,,,,,,,46174,0x2a,0x2a,0x2a,0x2a,0x2a,7361.696611515583,50501.2387549969,86601.15851371644,122701.07827243597,196952.99072033504,271204.9031682341,64705.52217546815,70529.01917126028,83551.00550907325,96572.9918468862,114933.18376417531,133293.3756814644,,,,,,,,
,,,,,,,,,,,,,,,,,,,,,,,,,,,,,,,,,,,,,,,,,,,,,,,,,,,,,,46143,0x2a,0x2a,0x2a,0x2a,0x2a,7307.250352954065,50127.737421264894,85960.66633956338,121793.59525786189,195496.34913034487,269199.1030028278,64142.49521470203,69915.31978402523,82823.99694598399,95732.67410794277,113933.10712511449,132133.5401422862,,,,,,,,
,,,,,,,,,,,,,,,,,,,,,,,,,,,,,,,,,,매출액,,,,,,,,,,,,,,,,,,,,46113,0x2a,0x2a,0x2a,0x2a,0x2a,7253.2067726374935,49756.99846029321,85324.91117161431,120892.82388293542,194050.48069345037,267208.1375039653,63584.36736220198,69306.96042480016,82103.3143564433,94899.66828808645,112941.73252711126,130983.79676613607,,,,,,,,
,,,,,,,,,,,,,,,,,,,,,,,,,,,,,,,,,,매출총이익,,,,,,,,,,,,,,,,,,,,46082,0x2a,0x2a,0x2a,0x2a,0x2a,7199.562892404039,49389.00144189171,84693.85797551801,119998.71450914432,192615.30573265458,265231.89695616486,63031.09598899375,68703.8946280032,81388.90269578819,94073.91076357316,111958.98425045016,129844.05773732714,,,,,,,,
,,,,,,,,,,,,,,,,,,,,,,,,,,,,,,,,,,판관비,,,,,,,,,,,,,,,,,,,,46054,0x2a,0x2a,0x2a,0x2a,0x2a,7146.315756118015,49023.72608696959,84067.4719760333,119111.21786509702,191190.74516024237,263270.2724553877,62482.63883703377,68106.07633236682,80680.70739831986,93255.3384642729,110984.78723428125,128714.23600428957,,,,,,,,
,,,,,,,,,,,,,,,,,,,,,,,,,,,,,,,,,,영업이익,,,,,,,,,,,,,,,,,,,,46023,0x2a,0x2a,0x2a,0x2a,0x2a,7093.462429506972,48661.15226641783,83445.71865511264,118230.28504380745,189776.72047342217,261323.15590303685,61938.95401598152,67513.45987741987,79978.67437313613,92443.88886885242,110019.06707088719,127594.24527292194,,,,,,,,
,,,,,,,,,,,,,,,,,,,,,,,,,,,,,,,,,,당기순이익,,,,,,,,,,,,,,,,,,,,45992,0x2a,0x2a,0x2a,0x2a,0x2a,"7,041",48301.26,82828.56375,117355.86750000001,188373.15375000003,259390.44000000003,"61,400",66926.0,79282.75,91639.5,109061.75,126484.0,,,,,,,,
,,,,,,,,,,,,,,,,,,,,,,,,,,,,,,,,,,,,,,,,,,,,,,,,,,,,,,45962,0x2a,0x2a,0x2a,0x2a,0x2a,6883.176083922108,47218.58793570566,80971.96265723869,114725.33737877174,184150.77215523113,253576.20693169048,60931.043314784874,66414.83721311552,78677.20968021596,90939.58214731643,108228.76568788664,125517.94922845684,,,,,,,,
,,,,,,,,,,,,,,,,,,,,,,,,,,,,,,,,,,영업활동현금흐름,,,,,,,,,,,,,,,,,,,,45931,0x2a,0x2a,0x2a,0x2a,0x2a,6728.8897887057665,46160.18395052156,79156.97725188747,112153.77055325337,180023.03518458692,247892.29981592047,60465.668394595974,65907.57855010961,78076.29431452205,90245.01007893449,107402.1434859011,124559.27689286771,,,,,,,,
,,,,,,,,,,,,,,,,,,,,,,,,,,,,,,,,,,투자활동현금흐름,,,,,,,,,,,,,,,,,,,,45901,0x2a,0x2a,0x2a,0x2a,0x2a,6578.061818629063,45125.504075795376,77382.67471889764,109639.8453619999,175987.82138014733,242335.7973982947,60003.84788287538,65404.194192334166,77479.96857876284,89555.7429651915,106581.8348019574,123607.92663872328,,,,,,,,
,,,,,,,,,,,,,,,,,,,,,,,,,,,,,,,,,,재무활동현금흐름,,,,,,,,,,,,,,,,,,,,45870,0x2a,0x2a,0x2a,0x2a,0x2a,6430.61465538258,44114.0165359245,75648.14315225683,107182.26976858916,172043.05683644174,236903.84390429428,59545.55463200724,64904.6545488879,76888.19741857935,88871.7402882708,105767.79141510287,122663.84254193492,,,,,,,,
,,,,,,,,,,,,,,,,,,,,,,,,,,,,,,,,,,,,,,,,,,,,,,,,,,,,,,45839,0x2a,0x2a,0x2a,0x2a,0x2a,6286.4725182287175,43125.201475049005,73952.49108631308,104779.78069757715,168186.71413456157,231593.64757154597,59090.761701721894,64408.93025487687,76300.94604734839,88192.96183981992,104959.96547268351,121726.9691055471,,,,,,,,
,,,43800,44166,44531,44896,45261,2024/12(E),2025/12(E),2026/12(E),,,,,43800,44166,44531,44896,45261,2024/12(E),2025/12(E),2026/12(E),,,,,,,,,,,,,,,,,,,,,,,,,,,,,,,,45809,0x2a,0x2a,0x2a,0x2a,0x2a,6145.561325054042,42158.55068987073,72294.84703760449,102431.14338533825,164416.81130016458,226402.47921499092,58639.44235751222,63916.992169688325,75718.17994413765,87519.36771858699,104158.30948753109,120797.25125647518,,,,,,,,
,,,,,,,,,[단위: 배],,,,,,,,,,,,[단위: 배],,,,,,,,,,,,,,,,,,,,,,,,,,,,,,,,,45778,0x2a,0x2a,0x2a,0x2a,0x2a,6007.808654294653,41213.56736846132,70674.35905695872,100135.15074545614,160731.4107848356,221327.67082421505,58191.57006906205,63428.81137527764,75139.86485167638,86850.9183280751,103362.77633517147,119874.63434226783,,,,,,,,
,,PER,17.63,21.09,13.55,6.86,36.84,15.2,11.58,10.59,,,,PBR,1.49,2.06,1.8,1.09,1.51,1.46,1.33,1.2,,,,,,,,,,,,,,,,,,,,,,,,,,,,,,,,45748,0x2a,0x2a,0x2a,0x2a,0x2a,5873.1437077149885,40289.76583492482,69090.1942916322,97890.62274833958,157128.6184702799,216366.6141922202,57747.11850868666,62944.35917446847,74565.96677434165,86187.57437421483,102573.3192510547,118959.06412789453,,,,,,,,
,,,,,,,,,,,,,,,,,,,,,,,,,,,,,,,,,,OPM,0.152,0.18469999999999998,0.1435,0.0254,0.10880000000000001,0.0977,0.1366,0.14029999999999998,,,,,,,,,,,,45717,0x2a,0x2a,0x2a,0x2a,0x2a,5741.49727402094,39386.671299783644,67541.53855726383,95696.40581474401,153606.58269483774,211516.75957493144,57306.06154978509,62463.60708926575,73996.45197616,85529.29686305425,101789.89182780577,118050.48679255729,,,,,,,,
,,EPS,"3,166","3,841","5,777","8,057","2,131","5,364","7,041","7,697",,,,BPS,"37,528","39,406","43,611","50,817","52,002","56,003","61,400","68,189",,,,,,,,,,,,,0.1115,0.1427,0.1841,0.059800000000000006,0.11449999999999999,0.09949999999999999,0.12359999999999999,0.1266,,,,,,,,,,,,45689,0x2a,0x2a,0x2a,0x2a,0x2a,5612.801693288584,38503.819615959685,66027.59591942358,93551.37222288747,150163.4933018195,206775.61438075145,56868.37326530432,61986.526859181715,73431.2869788242,84876.04709846669,101012.4480124968,117148.8489265269,,,,,,,,
,,,,,,,,,,,,,,,,,,,,,,,,,,,,,,,,,,ROE,0.0998,0.1392,0.1707,0.0415,0.09029999999999999,0.07730000000000001,0.09849999999999999,0.09820000000000001,,,,,,,,,,,,45658,0x2a,0x2a,0x2a,0x2a,0x2a,5486.990822190243,37640.75704022507,64547.58828454048,91454.41952885588,146797.58070917224,202140.7418894886,56434.0279262152,61513.090439574575,72870.43855972539,84227.78667987618,100240.94210393976,116254.09752800332,,,,,,,,
,,,,,,,,,,,,,,,,,,,,,,,,,,,,,,,,,,ROA,0.0723,0.0992,0.1272,0.034300000000000004,0.071,0.060599999999999994,0.0776,0.0785,,,,,,,,,,,,45627,0x2a,0x2a,0x2a,0x2a,0x2a,"5,364",36797.04,63100.755,89404.47,143507.11500000002,197609.76,"56,003",61043.270000000004,72313.87375,83584.4775,99475.32875,115366.18000000001,,,,,,,,
,,,,,,,,,,,,,,,,,,,,,,,,,,,,,,,,,,,,,,,,,,,,,,,,,,,,,,45597,0x2a,0x2a,0x2a,0x2a,0x2a,4966.83797050484,34072.50847766321,58428.640175526314,82784.77187338943,132881.54135339387,182978.31083339834,55658.13993985807,60667.3725344453,71868.57319734173,83069.77386023816,98862.77106817291,114655.76827610763,,,,,,,,
,,,,,,,,,,,,,,,,,,,,,,,,,,,,,,,,,,,,,,,,,,,,,,,,,,,,,,45566,0x2a,0x2a,0x2a,0x2a,0x2a,4599.0826668994505,31549.707094930232,54102.45872273841,76655.2103505466,123042.7078995612,169430.20544857578,55315.40348847071,60293.78980243307,71426.0147544878,82558.23970654253,98253.9854463961,113949.73118624966,,,,,,,,
,,,,,,,,,,,,,,,,,,,,,,,,,,,,,,,,,,,,,,,,,,,,,,,,,,,,,,45536,0x2a,0x2a,0x2a,0x2a,0x2a,4258.556752320445,29213.69932091826,50096.59699510964,70979.49466930103,113932.36271239314,156885.23075548522,54974.7775688984,59922.50755009925,70986.18153584005,82049.85552158086,97648.94865675578,113248.0417919307,,,,,,,,
,,,,,,,,,,,,,,,,,,,,,,,,,,,,,,,,,,,,,,,,,,,,,,,,,,,,,,45505,0x2a,0x2a,0x2a,0x2a,0x2a,3943.244104581465,27050.65455742885,46387.337835270206,65724.02111311156,105496.56696294638,145269.11281278118,54636.24918472793,59553.511611353446,70549.05675977994,81544.60190820643,97047.63761437299,112550.67332053954,,,,,,,,
,,,,,,,,,,,,,,,,,,,,,,,,,,,,,,,,,,당기순이익증가율,21.32,50.41,39.46,-73.56,132.3,-7.12,36.06,8.73,,,,,,,,,,,,45474,0x2a,0x2a,0x2a,0x2a,0x2a,3651.2778794937713,25047.76625332727,42952.72015489485,60857.674056462434,97685.3755685065,134513.07708055055,54299.80541957653,59186.78790733842,70114.6237480282,81042.45958871796,96450.02937652281,111857.59916432765,,,,,,,,
,,,,,,,,,,,,,,,,,,,,,,,,,,,,,,,,,,,"3,166","3,841","5,777","8,057","2,131","5,364","7,041","7,697",,,,,,,,,,,,45444,81500,24.105797240771892,1.5102259874508337,82500,74200,3380.9294580041146,23193.176081908226,39772.4089115959,56351.64174128358,90452.5414870776,124553.4412328716,53965.43343659902,58822.32244589294,69682.86592500849,80543.40940412403,95856.10114175902,111168.792879394,,,,,,,,
,,,,,,,,,,,,,,,,,,,,,,,,,,,,,,45471,45415,,,EPS,3166,3841,5777,8057,2131,5364,7041,7697,,,,,,,,,,,,45413,73500,23.477940965106928,1.3704218465183644,81500,73500,3130.5982117101407,21475.903732331568,36827.57471300517,52179.24569367877,83755.24190654019,115331.23811940159,53633.120477998054,58460.101321017886,69253.76681721499,80047.4323134121,95265.83024904405,110484.228184676,,,,,,,,
,,,,,,,,,,,,,,,,,,,,,,,,,,,,,,True,False,,,BPS,37528,39406,43611,50817,52002,56003,61400,68189,,,,,,,,,,,,45383,77500,26.735182085784512,1.4539559213275288,86000,75100,2898.802026158927,19885.78189945024,34100.78233522708,48315.78277100392,77553.82470734941,106791.86664369488,53302.85386453733,58100.11071234569,68827.31005258382,79554.50939282196,94679.19417688443,109803.8789609469,,,,,,,,
,,,,,,,,,,,,,,,,,,,,,,,,,,,,,,,False,,,CPS,,,,,,,,,,,,,,,,,,,,45352,82400,30.698519562889224,1.5554618126987139,82500,71700,2684.168525820756,18413.396087130386,31575.887495623916,44738.378904117446,71811.57369767706,98884.76849123665,52974.620995057834,57742.33688461305,68403.47935986843,79064.62183512382,94096.17054247149,109127.71924981914,,,,,,,,
,,,,,,,,,,,,,,,,,,,,,,,,,,,,,,,False,,,SPS,,,,,,,,,,,,,,,,,,,,45323,73400,29.532149410343234,1.3941541807583733,75500,72000,2485.4269487845895,17050.028868662284,29237.941268764716,41425.853668867145,66494.49123104571,91563.12879322428,52648.40934599705,57386.76618713679,67982.25856801869,78577.7509489006,93516.73710082727,108455.72325275393,,,,,,,,
,,,,,,,,,,,,,,,,,,,,,,,,,,,,,,,,,,,,,,,,,,,,,,,,,,,,,,45292,72700,31.58945872842798,1.3894142864912147,79800,70700,2301.400623068474,15787.608274249733,27073.10157962176,38358.59488499379,61571.096919418196,84783.5989538426,52324.20647091114,57033.38505329315,67563.631605564,78093.87815783487,92940.87174395591,107787.86533007695,,,,,,,,
,,,,,,,,,,,,,,,,,,,,,,,,,,,,,,,,,,PER,17.63,21.09,13.55,6.86,36.84,15.2,11.58,10.59,,,,,,,,,,,,45261,78500,36.83716564992961,1.50955732471828,78500,71100,"2,131",14618.66,25068.55125,35518.4425,57012.24125000001,78506.04000000001,"52,002",56682.18000000001,67147.5825,77612.985,92368.5525,107124.12000000001,,,,,,,,
,,,,,,,,,,,,,,,,,,,,,,,,,,,,,,,,,,PBR,1.49,2.06,1.8,1.09,1.51,1.46,1.33,1.2,,,,,,,,,,,,45231,72800,30.578447832599338,1.402637947801209,73400,67300,2380.761783545754,16332.025835123874,28006.686431186365,39681.347027248856,63694.30556653722,87707.26410582558,51902.203354844416,56573.40165678042,67018.72008194285,77464.03850710529,92191.2887090424,106918.5389109795,,,,,,,,
,,,,,,,,,,,,,,,,,,,,,,,,,,,,,,,,,,PCR,,,,,,,,,,,,,,,,,,,,45200,66900,25.152298727663215,1.2914410143035318,70500,66000,2659.796654149208,18246.205047463565,31289.182890247743,44332.160733031924,71159.53473594438,97986.90873885683,51802.59822867626,56464.83206925713,66890.10496277822,77315.37785629931,92014.36510368621,106713.3523510731,,,,,,,,
,,,,,,,,,,,,,,,,,,,,,,,,,,,,,,,,,,PSR,,,,,,,,,,,,,,,,,,,,45170,68400,23.018402163560893,1.3229359271962167,72900,66700,2971.5355355238385,20384.733773693533,34956.40115601855,49528.06853834358,79499.7188335209,109471.36912869822,51703.184253952895,56356.47083680866,66761.73666791667,77167.00249902469,91837.78103108384,106508.55956314296,,,,,,,,
,,,,,,,,,,,,,,,,,,,,,,,,,,,,,,,,,,PEG,,,,,,,,,,,,,,,,,,,,45139,66900,20.15174675290929,1.29641210908676,71200,65800,3319.811469461907,22773.906680508684,39053.43217388251,55332.95766725634,88817.4061011165,122301.85453497666,51603.96106383702,56248.317559582356,66633.61472367955,77018.91188777675,91661.53583964052,106304.15979150427,,,,,,,,
,,,,,,,,,,,,,,,,,,,,,,,,,,,,,,,,,,,,,,,,,,,,,,,,,,,,,,45108,69800,18.819561877918833,1.3552101190009218,73600,68100,3708.9067456930006,25443.100275453984,43630.65172964604,61818.203183838086,99227.16384758413,136636.12451133016,51504.92829219535,56140.37183849294,66505.73865729725,76871.10547610155,91485.62887901199,106100.15228192242,,,,,,,,
,,,,,,,,,,,,,,,,,,,,,,,,,,,,,,,,,,,,,,,,,,,,,,,,,,,,,,45078,72200,17.424438458738543,1.404502972641877,73400,70000,4143.605555551831,28425.134111085557,48744.339854122845,69063.54559716013,110856.9871318448,152650.42866652945,51406.085573597215,56032.63327522097,66378.1079969074,76723.58271859384,91310.05950010206,105896.53628161027,,,,,,,,
,,,,,,,,,,,,,,,,,,,,,,,,,,,,,,,,,,,,,,,,,,,,,,,,,,,,,,45047,71400,15.423655355316525,1.3916112434533685,72500,63600,4629.252816867985,31756.674323714375,54457.37282443076,77158.07132514713,123849.87254928186,170541.67377341658,51307.43254331327,55925.10147221147,66250.72227155326,76576.34307089505,91134.8270550602,105693.31103922534,,,,,,,,
,,,,,,,,,,,,,,,,,,,,,,,,,,,,,,,,,,,,,,,,,,,,,,,,,,,,,,45017,65500,12.664787512026729,1.2790728164842982,66600,62300,5171.819893369701,35478.684468516156,60839.996270627824,86201.3080727395,138365.57647223966,190529.8448717398,51208.968837314096,55817.776032672366,66123.58101118183,76429.38598969129,90959.93089727916,105490.47580486703,,,,,,,,
,,,,,,,,,,,,,,,,,,,,,,,,,,,,,,,,,,,,,,,,,,,,,,,,,,,,,,44986,64000,11.076539200286518,1.2521841296943133,64000,59000,5777.978016666479,39636.92919433204,67970.68889356029,96304.44859278854,154582.57936339083,212860.7101339931,51110.69409226889,55710.656560573094,65996.6837466422,76282.71093271131,90785.37038139261,105288.02983007391,,,,,,,,
,,,,,,,,,,,,,,,,,,,,,,,,,,,,,,,,,,,,,,,,,,,,,,,,,,,,,,44958,60600,9.38780902409155,1.1879416175838415,64000,60200,6455.180313583787,44282.53695118478,75937.12741392128,107591.71787665777,172700.28031454227,237808.84275242675,51012.607945544114,55603.74266064309,65870.03000968383,76136.31735872458,90611.14486327274,105085.97236782088,,,,,,,,
,,,,,,,,,,,,,,,,,,,,,,,,,,,,,,,,,,,1.21,1.66,1.13,1.72,3.85,5.65,6.78,8.28,,,,,,,,,,,,44927,61400,8.513879522859352,1.2059383222952338,65000,54500,7211.753447431808,49472.628649382204,84837.26461722593,120201.90058506967,192941.44879422875,265680.99700338783,50914.71003520216,55497.033938370354,65743.61933295478,75990.20472753923,90437.25370002784,104884.30267251645,,,,,,,,
,,,,,,,,,,,,,,,,,,,,,,,,,,,,,,,,,,,,,,,,,,,,,,,,,,,,,,44896,55300,6.86359687228497,1.0882185095538894,63200,55300,"8,057",55271.020000000004,94780.53375,134290.04750000002,215554.96375000002,296819.88,"50,817",55390.530000000006,65617.45125,75844.3725,90263.69625000001,104683.02,,,,,,,,
,,,,,,,,,,,,,,,,,,,,,,,,,,,,,,,,,,,,,,,,,,,,,,,,,,,,,,44866,62200,7.936997997291407,1.2396976465856961,63200,58100,7836.7161011287235,53759.872453743046,92189.16903465302,130618.46561556301,209661.54339057262,288704.6211655822,50173.524303532926,54689.141490850896,64786.56325693689,74883.98502302289,89120.72254415037,103357.46006527783,,,,,,,,
,,,,,,,,,,,,,,,,,,,,,,,,,,,,,,,,,,,,,,,,,,,,,,,,,,,,,,44835,59400,7.792765016367386,1.199074733693954,60100,53100,7622.454914942301,52290.04071650419,89668.6540056525,127047.26729480081,203929.2531806376,280811.2390664744,49538.19668688054,53996.63438869979,63966.1964719345,73935.7585551692,87992.22186507157,102048.68517497391,,,,,,,,
,,,,,,,,,,,,,,,,,,,,,,,,,,,,,,,,,,,,,,,,,,,,,,,,,,,,,,44805,53100,7.1620756911058345,1.0856472653139628,58900,51800,7414.051776350508,50860.395185764486,87217.05158404328,123573.70798232208,198353.6877115374,273133.66744075273,48910.91397411091,53312.8962317809,63156.21766907071,72999.53910636053,86878.0109465145,100756.48278666848,,,,,,,,
,,,,,,,,,,,,,,,,,,,,,,,,,,,,,,,,,,,,,,,,,,,,,,,,,,,,,,44774,59700,8.278620340213243,1.236240500969365,61900,58200,7211.346522319471,49469.837143111574,84832.47765193567,120195.11816075978,192930.56202150456,265666.00588224933,48291.57429576837,52637.815982387525,62356.49530941091,72075.17463643428,85777.90884285857,99480.64304928284,,,,,,,,
,,,,,,,,,,,,,,,,,,,,,,,,,,,,,,,,,,,,,,,,,,,,,,,,,,,,,,44743,61400,8.753691879979858,1.2877495962696732,62600,55700,7014.183368782371,48117.29790984707,82513.09960451361,116908.90129918017,187655.7083025614,258402.51530594256,47680.07707233011,51971.28400883982,61566.89951964626,71162.51503045269,84691.73689972637,98220.95876900003,,,,,,,,
,,,,,,,,,,,,,,,,,,,,,,,,,,,,,,,,,,,,,,,,,,,,,,,,,,,,,,44713,57000,8.354817929741122,1.2107997475201326,67400,56800,6822.4107909154845,46801.73802568023,80257.13494163203,113712.53185758385,182525.07269745518,251337.61353732648,47076.3229978723,51313.192067680815,60787.30207100261,70261.41207432441,83619.31872497068,96977.22537561695,,,,,,,,
,,,,,,,,,,,,,,,,,,,,,,,,,,,,,,,,,,,,,,,,,,,,,,,,,,,,,,44682,67400,10.156902432294089,1.4500793814176665,68800,64900,6635.88140668756,45522.146449876665,78062.84989792078,110603.55334596492,177534.71218416735,244465.87102236974,46480.214023942994,50663.43328609787,60017.576358416394,69371.71943073491,82560.48016002875,95749.24088932257,,,,,,,,
,,,,,,,,,,,,,,,,,,,,,,,,,,,,,,,,,,,,,,,,,,,,,,,,,,,,,,44652,67400,10.442404936068435,1.4686766566308926,69600,64500,6454.4518635930335,44277.53978424821,75928.55811034255,107579.5764364369,172680.79154560214,237782.00665476738,45891.653343639235,50021.90214456677,59257.59737997416,68493.29261538155,81515.0492516392,94536.80588789683,,,,,,,,
,,,,,,,,,,,,,,,,,,,,,,,,,,,,,,,,,,,,,,,,,,,,,,,,,,,,,,44621,69600,11.086363727035721,1.5360662605716715,73100,68700,6277.982728482037,43066.96151738677,73852.61932218056,104638.27712697435,167959.5804221263,231280.88371727825,45310.545375885835,49388.49445971556,58507.24171661258,67625.98897350961,80482.85622391722,93339.72347432483,,,,,,,,
,,,,,,,,,,,,,,,,,,,,,,,,,,,,,,,,,,,,,,,,,,,,,,,,,,,,,,44593,71900,11.774650456770196,1.6071781359115225,75800,71300,6106.338380402527,41889.481289561336,71833.43812246023,101777.39495535912,163367.45044469414,224957.50593402912,44736.79574991319,48763.10736740538,57766.3875120754,66769.66765674543,79463.7334507833,92157.79924482117,,,,,,,,
,,,,,,,,,,,,,,,,,,,,,,,,,,,,,,,,,,,,,,,,,,,,,,,,,,,,,,44562,73300,12.341341144379506,1.6594857011276776,79800,71200,5939.386906372189,40744.194177713216,69869.46271983584,98994.73126195846,158900.87244635497,218807.01363075146,44170.311289931655,48145.63930602551,57034.91445312425,65924.18960022299,78457.51542874111,90990.8412572592,,,,,,,,
,,,,,,,,,,,,,,,,,,,,,,,,,,,,,,,,,,,,,,,,,,,,,,,,,,,,,,44531,78300,13.553747619871906,1.795418587053725,80800,71600,"5,777",39630.22,67959.18375,96288.1475,154556.41375,212824.68000000002,"43,611",47535.990000000005,56312.70375,65089.417499999996,77464.03875,89838.66,,,,,,,,
,,,,,,,,,,,,,,,,,,,,,,,,,,,,,,,,,,,,,,,,,,,,,,,,,,,,,,44501,71300,12.769052346174082,1.6487809426895503,76200,69600,5583.8129617632285,38304.95691769575,65686.57972894218,93068.20254018862,149387.936025773,205707.66951135735,43244.07090956115,47136.03729142166,55838.90656197084,64541.77583252002,76812.280953108,89082.78607369597,,,,,,,,
,,,,,,,,,,,,,,,,,,,,,,,,,,,,,,,,,,,,,,,,,,,,,,,,,,,,,,44470,69800,12.932904336358009,1.6277898126110382,74000,68300,5397.086237139533,37024.0115867772,63489.97322215018,89955.93485752317,144392.2959168718,198828.65697622043,42880.229043845706,46739.449657791825,55369.09575286577,63998.74184793972,76166.00683913093,88333.27183032216,,,,,,,,
,,,,,,,,,,,,,,,,,,,,,,,,,,,,,,,,,,,,,,,,,,,,,,,,,,,,,,44440,74100,14.204644056359463,1.7427319200907634,77800,73700,5216.603788591605,35785.90198973841,61366.82281804449,86947.74364635057,139563.71360903265,192179.68357171473,42519.44842792619,46346.19878643955,54903.23778255969,63460.276778679836,75525.1702701039,87590.06376152796,,,,,,,,
,,,,,,,,,,,,,,,,,,,,,,,,,,,,,,,,,,,,,,,,,,,,,,,,,,,,,,44409,76700,15.211744298365423,1.81918646512889,83300,72500,5042.156803032891,34589.19566880563,59314.67209167817,84040.1485145507,134896.60256914122,185753.0566237317,42161.70330541997,45956.25660290777,54441.29939312354,62926.34218333931,74889.72549625223,86853.10880916515,,,,,,,,
,,,,,,,,,,,,,,,,,,,,,,,,,,,,,,,,,,,,,,,,,,,,,,,,,,,,,,44378,78500,16.107376655518785,1.8776774183531935,81300,78100,4873.543450236756,33432.50806862415,57331.14676272264,81229.78545682113,130385.56308177163,179541.3407067221,41806.96813665043,45569.59526894897,53983.24760644987,62396.89994395077,74259.62715272533,86122.35436149989,,,,,,,,
,,,,,,,,,,,,,,,,,,,,,,,,,,,,,,,,,,,,,,,,,,,,,,,,,,,,,,44348,80700,17.131689612796624,1.9466789629439385,83000,79600,4710.568649324619,32314.50093436689,55413.95194849249,78513.4029626181,126025.37600186856,173537.34904111899,41455.21759682366,45186.187180537796,53529.049721898555,61871.91226325931,73634.83025635804,85397.74824945675,,,,,,,,
,,,,,,,,,,,,,,,,,,,,,,,,,,,,,,,,,,,,,,,,,,,,,,,,,,,,,,44317,80500,17.6804798668151,1.9583312564192759,83500,78400,4553.0438430628965,31233.88076341147,53560.86950883115,75887.85825425082,121810.99671634399,167734.13517843714,41106.42657422053,44806.004965900385,53078.67331396226,61351.34166202414,73015.29020245922,84679.2387428943,,,,,,,,
,,,,,,,,,,,,,,,,,,,,,,,,,,,,,,,,,,,,,,,,,,,,,,,,,,,,,,44287,81500,18.519415749884335,1.9994813532607492,86200,81500,4400.786779707617,30189.397308794254,51769.755479785475,73350.11365077671,117737.54930760268,162124.98496442862,40760.57016840392,44429.02148356028,52632.086229951565,60835.150976342855,72400.96276162747,83966.77454691209,,,,,,,,
,,,,,,,,,,,,,,,,,,,,,,,,,,,,,,,,,,,,,,,,,,,,,,,,,,,,,,44256,81400,19.136635402630954,2.013972929914713,85300,80600,4253.621302144311,29179.842132709975,50038.53759310014,70897.2330534903,113800.32091224338,156703.40877099644,40417.62368844108,44055.209820400785,52189.25658769955,60323.303354998316,71791.80407659347,83260.30479818863,,,,,,,,
,,,,,,,,,,,,,,,,,,,,,,,,,,,,,,,,,,,,,,,,,,,,,,,,,,,,,,44228,82500,20.06626906480912,2.0585084157469695,86400,81000,4111.377144079214,28204.04720838341,48365.212878661856,68526.37854894031,109994.7562684093,151463.13398787827,40077.562651140914,43684.5432897436,51750.15277328571,59815.76225682781,71187.77065908906,82559.77906135029,,,,,,,,
,,,,,,,,,,,,,,,,,,,,,,,,,,,,,,,,,,,,,,,,,,,,,,,,,,,,,,44197,82000,20.63469434446212,2.0633933428181894,96800,80200,3973.8897330459818,27260.883568695437,46747.84534711967,66234.8071255439,106316.45244547895,146398.097765414,39740.36277930612,43316.99542944367,51314.74343877903,59312.49144811438,70588.8193867425,81865.1473253706,,,,,,,,
,,,,,,,,,,,,,,,,,,,,,,,,,,,,,,,,,,,,,,,,,,,,,,,,,,,,,,44166,81000,21.088258266076544,2.055524539410242,81300,67100,"3,841",26349.260000000002,45184.56375,64019.8675,102761.15375000001,141502.44,"39,406",42952.54,50882.9975,58813.454999999994,69994.9075,81176.36,,,,,,,,
,,,,,,,,,,,,,,,,,,,,,,,,,,,,,,,,,,,,,,,,,,,,,,,,,,,,,,44136,66700,17.647206858560374,1.6995373969845387,69500,56000,3779.6349606252224,25928.295829889026,44462.68076805496,62997.0657062209,101119.40882782706,139241.7519494332,39245.9737092839,42778.11134311945,50676.36355211284,58574.615761106215,69710.66080111553,80846.70584112483,,,,,,,,
,,,,,,,,,,,,,,,,,,,,,,,,,,,,,,,,,,,,,,,,,,,,,,,,,,,,,,44105,56600,15.218120670217415,1.4480667016238908,61500,56600,3719.250308664518,25514.057117438595,43752.330818552226,61990.60451966585,99503.89294543336,137017.18137120086,39086.5972793433,42604.3910344842,50470.56873695204,58336.746439419876,69427.56841743355,80518.3903954472,,,,,,,,
,,,,,,,,,,,,,,,,,,,,,,,,,,,,,,,,,,,,,,,,,,,,,,,,,,,,,,44075,58200,15.902376323224587,1.4950728843838423,61300,54100,3659.8303811363053,25106.436414595057,43053.329646092214,61000.22287758937,97914.18705932544,134828.1512410615,38927.868071117955,42431.37619751858,50265.60964683106,58099.843096143544,69145.62566132327,80191.40822650299,,,,,,,,
,,,,,,,,,,,,,,,,,,,,,,,,,,,,,,,,,,,,,,,,,,,,,,,,,,,,,,44044,54000,14.994336450461494,1.3928372868245746,59900,54000,3601.3597652957824,24705.32798992907,42365.49593899826,60025.66388806745,96349.87882078205,132674.09375349662,38769.7834562647,42259.063967328526,50061.48288790179,57863.90180847506,68864.82786419017,79865.75391990528,,,,,,,,
,,,,,,,,,,,,,,,,,,,,,,,,,,,,,,,,,,,,,,,,,,,,,,,,,,,,,,44013,57900,16.33828641727739,1.499520587841109,60400,52100,3543.8232946370663,24310.627801210278,41688.65128228679,59066.674763363306,94810.56246889643,130554.45017442954,38612.340817113974,42087.45149065423,49858.18508009842,57628.9186695426,68585.1703763987,79541.42208325479,,,,,,,,
,,,,,,,,,,,,,,,,,,,,,,,,,,,,,,,,,,,,,,,,,,,,,,,,,,,,,,43983,52800,15.141061158781543,1.3730142228796347,57000,49900,3487.2060449592036,23922.233468420138,41022.62011138883,58123.00675435753,93295.83872532731,128468.67069629708,38455.5375466265,41916.53592582289,49655.712857081475,57394.88978834006,68306.64856719533,79218.4073460506,,,,,,,,
,,,,,,,,,,,,,,,,,,,,,,,,,,,,,,,,,,,,,,,,,,,,,,,,,,,,,,43952,50700,14.77490850687039,1.3237815298845266,51200,47200,3431.4933304950287,23540.044247195896,40367.229666610896,57194.41508602589,91805.31469073138,126416.21429543686,38299.37104835007,41746.31444270158,49454.06286618203,57161.81128966247,68029.25782463182,78896.70435960115,,,,,,,,
,,,,,,,,,,,,,,,,,,,,,,,,,,,,,,,,,,,,,,,,,,,,,,,,,,,,,,43922,50000,14.807484780346385,1.3108276895140234,52000,45350,3376.670700101869,23163.961002698823,39722.30994832336,56280.658893947904,90338.60374285039,124396.54859175287,38143.838736376565,41576.78422265046,49253.23176834624,56929.67931404202,67752.99355548888,78576.30779693573,,,,,,,,
,,,,,,,,,,,,,,,,,,,,,,,,,,,,,,,,,,,,,,,,,,,,,,,,,,,,,,43891,47750,14.37073947624472,1.2569448494619908,58000,42300,3322.7239335131108,22793.88618389994,39087.69367286486,55381.50116182977,88895.3254362264,122409.14971062301,37988.93803529916,41407.942458476085,49053.21623808004,56698.49001768399,67477.85118520014,78257.21235271626,,,,,,,,
,,,,,,,,,,,,,,,,,,,,,,,,,,,,,,,,,,,,,,,,,,,,,,,,,,,,,,43862,54200,16.57675338956107,1.4325486434950552,62000,54200,3269.6390376496483,22429.723798276587,38463.216229151054,54496.70866002551,87475.1054035193,120453.50214701306,37834.66638016965,41239.78635438492,48854.01296339406,56468.239572403196,67203.82615777635,77939.41274314949,,,,,,,,
,,,,,,,,,,,,,,,,,,,,,,,,,,,,,,,,,,,,,,,,,,,,,,,,,,,,,,43831,56400,17.529670131510088,1.4967747205155122,62800,54600,3217.4022429902648,22071.379386913217,37848.715635976725,53626.05188504024,86077.57525840082,118529.09863176137,37681.02121645599,41072.313125937035,48655.6186457488,56238.924165560566,66930.91393572996,77622.90370589934,,,,,,,,
,,,,,,,,,,,,,,,,,,,,,,,,,,,,,,,,,,,,,,,,,,,,,,,,,,,,,,43800,55800,17.62476310802274,1.4868897889575783,57300,49000,"3,166",21718.760000000002,37244.0325,52769.305,84702.37250000001,116635.44000000002,"37,528",40905.520000000004,48458.03,56010.54,66659.11,77307.68000000001,,,,,,,,
