{
  "version": "2.0.0",
  "lastUpdated": "2025-09-08T00:00:00Z",
  "totalPOIs": 25,
  "categories": {
    "beaches": "해변",
    "activities": "액티비티",
    "restaurants": "음식점",
    "culture": "문화",
    "nature": "자연",
    "shopping": "쇼핑"
  },
  "pois": [
    {
      "id": "beach_001",
      "name": "요나하 마에하마 비치",
      "nameEn": "Yonaha Maehama Beach",
      "category": "beaches",
      "rating": 4.9,
      "coordinates": {
        "lat": 24.7045,
        "lng": 125.2772
      },
      "description": "동양 최고의 해변으로 불리는 미야코지마 대표 명소",
      "features": [
        "백사장",
        "투명한 바다",
        "일몰 명소",
        "수영",
        "스노클링"
      ],
      "openHours": "24시간",
      "estimatedTime": "2-4시간",
      "cost": {
        "min": 0,
        "max": 0,
        "currency": "JPY"
      },
      "tips": "일몰 시간대(17:00-19:00) 방문 추천",
      "accessibility": "휠체어 접근 가능",
      "weather": {
        "sunny": "최적",
        "cloudy": "좋음",
        "rainy": "부적합"
      }
    },
    {
      "id": "bridge_001",
      "name": "이라부 대교",
      "nameEn": "Irabu Bridge",
      "category": "culture",
      "rating": 4.8,
      "coordinates": {
        "lat": 24.828,
        "lng": 125.2421
      },
      "description": "미야코지마와 이라부지마를 연결하는 3540m 무료 대교",
      "features": [
        "드라이브 코스",
        "절경",
        "사진 촬영",
        "일몰"
      ],
      "openHours": "24시간",
      "estimatedTime": "1-2시간",
      "cost": {
        "min": 0,
        "max": 0,
        "currency": "JPY"
      },
      "tips": "대교 중앙 주차장에서 사진 촬영 가능",
      "accessibility": "차량 접근만 가능",
      "weather": {
        "sunny": "최적",
        "cloudy": "좋음",
        "rainy": "주의"
      }
    },
    {
      "id": "activity_001",
      "name": "청어꽁 동굴",
      "nameEn": "Seorikoakutsuu Cave",
      "category": "activities",
      "rating": 4.7,
      "coordinates": {
        "lat": 24.789,
        "lng": 125.3445
      },
      "description": "신비로운 바다 동굴 스노클링 명소",
      "features": [
        "스노클링",
        "동굴 탐험",
        "신비로운 푸른빛"
      ],
      "openHours": "09:00-17:00",
      "estimatedTime": "3-4시간",
      "cost": {
        "min": 8000,
        "max": 12000,
        "currency": "JPY"
      },
      "tips": "투어 예약 필수, 수영 실력 필요",
      "accessibility": "제한적",
      "weather": {
        "sunny": "최적",
        "cloudy": "좋음",
        "rainy": "취소"
      }
    },
    {
      "id": "restaurant_001",
      "name": "미야코 소바",
      "nameEn": "Miyako Soba",
      "category": "restaurants",
      "rating": 4.6,
      "coordinates": {
        "lat": 24.752,
        "lng": 125.2815
      },
      "description": "미야코지마 전통 소바 전문점",
      "features": [
        "현지 음식",
        "전통 소바",
        "저렴한 가격"
      ],
      "openHours": "11:00-15:00, 18:00-21:00",
      "estimatedTime": "1시간",
      "cost": {
        "min": 800,
        "max": 1500,
        "currency": "JPY"
      },
      "tips": "점심시간 대기 시간 길어질 수 있음",
      "accessibility": "계단 있음",
      "weather": {
        "sunny": "좋음",
        "cloudy": "좋음",
        "rainy": "좋음"
      }
    },
    {
      "id": "nature_001",
      "name": "동평안명 유적",
      "nameEn": "Higashihennazaki",
      "category": "nature",
      "rating": 4.5,
      "coordinates": {
        "lat": 24.7234,
        "lng": 125.4456
      },
      "description": "미야코지마 최동단 절벽과 등대",
      "features": [
        "절벽",
        "등대",
        "일출",
        "태평양 조망"
      ],
      "openHours": "24시간",
      "estimatedTime": "1-2시간",
      "cost": {
        "min": 0,
        "max": 0,
        "currency": "JPY"
      },
      "tips": "일출 감상 최적지 (6:30경)",
      "accessibility": "도보 이동 필요",
      "weather": {
        "sunny": "최적",
        "cloudy": "좋음",
        "rainy": "주의"
      }
    },
    {
      "id": "shopping_001",
      "name": "미야코지마 공설 시장",
      "nameEn": "Miyakojima Public Market",
      "category": "shopping",
      "rating": 4.3,
      "coordinates": {
        "lat": 24.8056,
        "lng": 125.2801
      },
      "description": "신선한 해산물과 현지 특산품 구매 가능",
      "features": [
        "현지 특산품",
        "신선한 해산물",
        "기념품"
      ],
      "openHours": "08:00-18:00",
      "estimatedTime": "1-2시간",
      "cost": {
        "min": 1000,
        "max": 10000,
        "currency": "JPY"
      },
      "tips": "오전 일찍 방문하면 신선한 해산물 구매 가능",
      "accessibility": "휠체어 접근 가능",
      "weather": {
        "sunny": "좋음",
        "cloudy": "좋음",
        "rainy": "좋음"
      }
    },
    {
      "id": "beach_002",
      "name": "시기라 베이",
      "nameEn": "Shigira Bay",
      "category": "activities",
      "rating": 4.8,
      "coordinates": {
        "lat": 24.7012,
        "lng": 125.2234
      },
      "description": "고급 리조트와 골프장이 있는 아름다운 만",
      "features": [
        "리조트",
        "골프",
        "해양스포츠",
        "럭셔리"
      ],
      "openHours": "24시간",
      "estimatedTime": "반일-하루",
      "cost": {
        "min": 0,
        "max": 20000,
        "currency": "JPY"
      },
      "tips": "리조트 시설 이용 시 비용 발생",
      "accessibility": "휠체어 접근 가능",
      "weather": {
        "sunny": "최적",
        "cloudy": "좋음",
        "rainy": "실내 시설 이용"
      }
    },
    {
      "id": "culture_001",
      "name": "미야코 신사",
      "nameEn": "Miyako Shrine",
      "category": "culture",
      "rating": 4.4,
      "coordinates": {
        "lat": 24.809,
        "lng": 125.2876
      },
      "description": "미야코지마의 대표적인 전통 신사",
      "features": [
        "전통 건축",
        "종교",
        "역사",
        "조용한 분위기"
      ],
      "openHours": "06:00-18:00",
      "estimatedTime": "30분-1시간",
      "cost": {
        "min": 0,
        "max": 0,
        "currency": "JPY"
      },
      "tips": "참배 예절 준수, 사진 촬영 자제",
      "accessibility": "계단 많음",
      "weather": {
        "sunny": "좋음",
        "cloudy": "좋음",
        "rainy": "좋음"
      }
    }
  ],
  "recommendations": {
    "morning": [
      "nature_001",
      "beach_001"
    ],
    "afternoon": [
      "activity_001",
      "bridge_001"
    ],
    "evening": [
      "beach_001",
      "restaurant_001"
    ],
    "rainy_day": [
      "shopping_001",
      "culture_001",
      "restaurant_001"
    ],
    "couples": [
      "bridge_001",
      "beach_001",
      "beach_002"
    ],
    "families": [
      "beach_001",
      "shopping_001",
      "culture_001"
    ],
    "adventure": [
      "activity_001",
      "nature_001"
    ]
  },
  "transportation": {
    "rental_car": "추천 (가장 편리)",
    "taxi": "비싸지만 편리",
    "bus": "제한적이지만 경제적",
    "bicycle": "근거리 이동시 추천"
  }
}