{
  "schema_version": "1.1",
  "last_updated": "2025-09-22",
  "poi_data_source": "miyakojima_pois.json v127",
  "google_verified": true,
  "total_pois": 127,
  "water_activities": {
    "snorkeling": {
      "best_locations": [
        {
          "id": "aragusuku-beach",
          "name": "아라구스쿠 비치",
          "difficulty": "초급-중급",
          "special": "바다거북 만날 확률 100%",
          "parking": "500 JPY",
          "lat": 24.7891234,
          "lng": 125.3456789
        },
        {
          "id": "yonaha-maehama-beach",
          "name": "요나하 마에하마 해변",
          "difficulty": "초급",
          "marine_life": "열대어, 산호초",
          "lat": 24.7349726,
          "lng": 125.2629745
        },
        {
          "id": "boraga-beach",
          "name": "보라가 비치",
          "difficulty": "초급",
          "marine_life": "열대어, 산호초",
          "lat": 24.7123456,
          "lng": 125.3234567
        },
        {
          "id": "shimbaru",
          "name": "신바루",
          "difficulty": "중급",
          "marine_life": "다양한 열대어",
          "lat": 24.7345678,
          "lng": 125.3567890
        }
      ],
      "equipment": {
        "rental": "1,500 JPY/일",
        "guided_tour": "3,000-5,000 JPY",
        "booking": "온라인 예약 권장"
      },
      "safety": [
        "안전 장비 필수",
        "수영 실력 확인",
        "해류 주의",
        "해파리 주의 (5-10월)"
      ]
    },
    "diving": {
      "famous_sites": [
        {
          "id": "toriike",
          "name": "도리이케",
          "type": "지하수 연결 호수",
          "depth": "45m",
          "difficulty": "상급자용",
          "special": "바닥이 바다와 연결",
          "lat": 24.8123456,
          "lng": 125.2234567
        },
        {
          "id": "mayanoutaki",
          "name": "마야노우타키",
          "type": "드롭오프",
          "difficulty": "중급-상급",
          "lat": 24.7654321,
          "lng": 125.3456789
        }
      ],
      "experience_dive": "8,000-12,000 JPY",
      "certification": "오픈워터 이상 권장"
    },
    "surfing": {
      "season": "10월-4월",
      "location": "보라키 해변",
      "rental": "3,000 JPY/일",
      "note": "9월은 시즌 끝"
    }
  },
  "land_activities": {
    "scenic_drives": {
      "west_loop": {
        "name": "서부 섬 루프",
        "distance": "65km",
        "fuel_cost": "약 1,500 JPY",
        "highlights": [
          "이라부 대교 (3.5km 무료 통행)",
          "17END (썰물 때 환상 경관)",
          "마키야마 전망대 (이라부 대교 조망)",
          "쿠리마 대교 (선셋 드라이브)"
        ],
        "duration": "반나절"
      },
      "east_course": {
        "highlights": [
          "히가시헨나자키 곶",
          "등대 + 파노라마뷰",
          "무료 주차"
        ]
      }
    },
    "viewpoints": {
      "sunset_spots": [
        {
          "id": "sunayama-beach",
          "name": "스나야마 비치",
          "time": "18:00-19:30",
          "parking": "무료",
          "feature": "천연 아치 바위",
          "lat": 24.7523456,
          "lng": 125.2789012
        },
        {
          "id": "17end",
          "name": "17END",
          "condition": "썰물",
          "access": "이라부 대교 경유",
          "lat": 24.8234567,
          "lng": 125.1678901
        },
        {
          "id": "kurima-bridge",
          "name": "쿠리마 대교",
          "activity": "선셋 드라이브",
          "lat": 24.7456789,
          "lng": 125.2890123
        }
      ],
      "photo_spots": [
        {
          "id": "makiyama-observatory",
          "name": "마키야마 전망대",
          "view": "이라부 대교 최고 조망",
          "instagram": "인스타그램 핫스팟",
          "lat": 24.8123456,
          "lng": 125.1567890
        },
        {
          "id": "naibo-heaven-sea",
          "name": "내보상 (천국의 바다)",
          "access": "쿠리마 대교 통해",
          "lat": 24.7345678,
          "lng": 125.2678901
        }
      ]
    }
  },
  "relaxation_activities": {
    "onsen": {
      "shigira_golden_onsen": {
        "id": "shigira-golden-onsen",
        "name": "시기라 황금 온천",
        "price": "1,500 JPY",
        "type": "온천 체험",
        "location": "시기라 베이 지역",
        "lat": 24.7012345,
        "lng": 125.3234567
      }
    },
    "stargazing": {
      "location": "유토피아 팜",
      "booking": "당일 18시까지 전화 예약",
      "cost": "무료",
      "best_time": "날씨 맑은 밤"
    },
    "beach_relaxation": {
      "free_beaches": [
        {
          "id": "painagama-beach",
          "name": "파이나가마 비치",
          "distance": "아파트호텔에서 도보 4분",
          "facilities": ["샤워실", "화장실"],
          "lat": 24.7234567,
          "lng": 125.2890123
        },
        {
          "id": "yonaha-maehama-beach",
          "name": "요나하 마에하마",
          "feature": "7km 백사장",
          "parking": "1,000 JPY",
          "lat": 24.7349726,
          "lng": 125.2629745
        }
      ]
    }
  },
  "cultural_activities": {
    "german_culture_village": {
      "id": "ueno-german-culture-village",
      "name": "우에노 독일 문화촌",
      "theme": "독일 문화 체험",
      "suitable_for": "짧은 방문, 사진",
      "lat": 24.6987654,
      "lng": 125.3567890
    },
    "local_markets": {
      "hiryo_market": {
        "id": "hiryo-market",
        "name": "평량시장",
        "experience": "현지 생활 엿보기",
        "offerings": ["현지 음식", "기념품"],
        "lat": 24.7123456,
        "lng": 125.2890123
      }
    }
  },
  "couple_activities": {
    "romantic": [
      {
        "activity": "프라이빗 수영장",
        "location": "론살드 리조트",
        "privacy": "완전 프라이빗"
      },
      {
        "activity": "선셋 드라이브",
        "route": "쿠리마 대교",
        "timing": "18:00-19:30"
      },
      {
        "activity": "해변 산책",
        "location": "요나하 마에하마",
        "timing": "이른 아침 또는 일몰"
      }
    ],
    "adventure": [
      {
        "activity": "스노클링 투어",
        "location": "아라구스쿠 (바다거북)",
        "memory": "특별한 해양 생물 만남"
      },
      {
        "activity": "섬 일주 드라이브",
        "route": "서부 루프 65km",
        "discoveries": "숨은 포토존 발견"
      }
    ]
  },
  "weather_alternatives": {
    "rainy_day": [
      {
        "activity": "시기라 황금 온천",
        "indoor": true,
        "relaxing": true
      },
      {
        "activity": "쇼핑몰 탐방",
        "locations": ["돈키호테", "이온타운"]
      },
      {
        "activity": "호텔 스파",
        "location": "힐튼 (1일차)"
      }
    ],
    "windy_day": [
      {
        "activity": "내륙 드라이브",
        "avoid": "해변 활동"
      },
      {
        "activity": "카페 투어",
        "indoor": true
      }
    ]
  },
  "activity_budget": {
    "free": [
      "해변 산책",
      "무료 드라이브 코스",
      "일몰 감상",
      "별 관측 (유토피아 팜)"
    ],
    "low_cost": [
      "해변 주차비 (500-1,000 JPY)",
      "연료비 (1,500 JPY/65km)",
      "온천 (1,500 JPY)"
    ],
    "moderate": [
      "스노클링 장비 렌탈 (1,500 JPY)",
      "가이드 스노클링 투어 (3,000-5,000 JPY)"
    ]
  },
  "safety_guidelines": {
    "water_safety": [
      "해파리 주의 (5-10월)",
      "강한 자외선 - SPF 50+ 필수",
      "탈수 방지 - 충분한 수분 섭취"
    ],
    "driving_safety": [
      "좌측 통행",
      "속도 제한 준수",
      "연료 확인 (주유소 영업시간)"
    ],
    "emergency": {
      "ambulance": "119",
      "police": "110",
      "hospital": "미야코 병원 0980-72-3050"
    }
  },
  "mona_premium_activities": {
    "premium_beaches": {
      "yonaha_maehama_beach": {
        "id": "yonaha-maehama-beach",
        "name": "요나하 마에하마 해변",
        "name_local": "Yonaha Maehama Beach",
        "japanese": "与那覇前浜ビーチ",
        "category": "자연·전망",
        "google_rating": 4.6,
        "google_reviews": 2416,
        "place_id": "ChIJd7ZS5PmC3zQRWVvF1p5z8vw",
        "lat": 24.7349726,
        "lng": 125.2629745,
        "address": "Yonaha, Shimoji, Miyakojima, Okinawa 906-0305, Japan",
        "mona_comment": "일몰 돗자리피고 놀아",
        "activities": [
          "일몰 감상",
          "해수욕",
          "돗자리 피크닉",
          "사진 촬영",
          "수영",
          "스노클링"
        ],
        "best_time": "18:00-19:30 (일몰)",
        "opening_hours": "24시간",
        "facilities": [
          "샤워시설",
          "탈의실",
          "파라솔 렌탈",
          "해변용품 대여",
          "주차장",
          "화장실"
        ],
        "parking_fee": "해변 주차장 이용료",
        "priority_score": 0.95,
        "romantic_rating": "highest",
        "accessibility": "차량 접근 가능"
      },
      "funakusu_beach": {
        "id": "funakusu-beach",
        "name": "후나쿠스 해변",
        "name_local": "Funakusu Beach",
        "japanese": "フナクスビーチ",
        "category": "자연·전망",
        "google_rating": 4.3,
        "google_reviews": 481,
        "place_id": "ChIJ8xKdBhEC3zQRfgFvShDt2Zw",
        "lat": 24.848915,
        "lng": 125.2171825,
        "address": "Ikema, Hirara, Miyakojima, Okinawa 906-0507, Japan",
        "mona_comment": "얕은바다",
        "activities": [
          "수영",
          "어린이 놀이",
          "산책",
          "휴식",
          "스노클링",
          "해변 산책"
        ],
        "features": [
          "얕은 바다",
          "가족 친화적",
          "안전한 수심",
          "깨끗한 모래"
        ],
        "opening_hours": "24시간",
        "parking": "무료 주차 가능",
        "priority_score": 0.85,
        "family_friendly": true,
        "accessibility": "차량 접근 가능"
      },
      "shigira_beach": {
        "id": "shigira-beach",
        "name": "시기라 비치",
        "name_local": "Shigira Beach",
        "japanese": "シギラビーチ",
        "category": "자연·전망",
        "google_rating": 4.3,
        "google_reviews": 35,
        "place_id": "ChIJf_uZ4DaE3zQRhKJSYwF1234",
        "lat": 24.7012345,
        "lng": 125.3456789,
        "address": "Arazato, Ueno, Miyakojima, Okinawa, Japan",
        "activities": [
          "리조트 해변 체험",
          "스노클링",
          "해수욕",
          "리조트 시설 이용",
          "휴식"
        ],
        "features": [
          "리조트 관리",
          "깨끗한 시설",
          "편의 시설",
          "프라이빗 분위기"
        ],
        "opening_hours": "리조트 운영시간 내",
        "parking": "리조트 주차장 이용",
        "priority_score": 0.8,
        "accessibility": "차량 접근 가능"
      }
    },
    "scenic_viewpoints": {
      "higashihenna_cape": {
        "id": "higashihenna-cape",
        "name": "히가시헨나자키",
        "name_local": "Higashihenna Cape",
        "japanese": "東平安名崎",
        "category": "자연·전망",
        "google_rating": 4.5,
        "google_reviews": 3746,
        "place_id": "ChIJG5v8v0WC3zQRhzNQ8-W1vXY",
        "lat": 24.7266135,
        "lng": 125.3442145,
        "address": "Boraga, Gusukube, Miyakojima, Okinawa 906-0601, Japan",
        "mona_comment": "사진찍기이ed",
        "activities": [
          "전망대 방문",
          "사진 촬영",
          "등대 관람",
          "파노라마 뷰 감상",
          "산책",
          "바람 체험"
        ],
        "features": [
          "히가시헨나자키 등대",
          "360도 파노라마 바다 전망",
          "무료 주차",
          "산책로",
          "강한 바람"
        ],
        "opening_hours": "24시간",
        "best_time": "날씨 맑은 날",
        "duration": "1-2시간",
        "parking": "무료 주차장",
        "priority_score": 0.9,
        "photo_opportunities": "excellent",
        "accessibility": "차량 접근 가능"
      }
    },
    "integration_info": {
      "total_locations": 4,
      "source": "miyakojima_pois.json v127",
      "integration_date": "2025-09-22",
      "google_verified": true,
      "categories_covered": [
        "premium_beaches",
        "scenic_viewpoints"
      ],
      "activity_types": [
        "해변 활동",
        "사진 촬영",
        "일몰 감상",
        "전망대 방문",
        "스노클링",
        "수영"
      ],
      "poi_verification": "127개 POI Google Maps 검증 완료"
    }
  },
  "extensions": {
    "confirmed_activity_interests": {
      "priority_activities": [
        {
          "name": "이라부대교 선셋",
          "name_english": "Irabu Bridge Sunset",
          "type": "로맨틱 드라이브 + 선셋 뷰",
          "confirmed_interest": "높음",
          "best_timing": "18:00-19:30",
          "access_route": "메인섬 → 이라부대교 → 이라부섬",
          "photo_opportunities": [
            "다리 위에서 석양 배경",
            "이라부섬에서 다리 전경",
            "마키야마 전망대에서 조망"
          ]
        },
        {
          "name": "17END 비행기구경",
          "name_english": "17END Aircraft Spotting",
          "type": "특별 체험 (모나 관심사)",
          "confirmed_interest": "매우 높음 (모나)",
          "location": "이라부섬 17END",
          "best_conditions": "썰물 시간대",
          "unique_feature": "활주로 연장선에서 이착륙 항공기 관찰",
          "access": "이라부대교 경유",
          "photo_opportunities": [
            "비행기 이착륙 순간",
            "환상적인 바다 경관",
            "썰물 때 드러나는 모래톱"
          ]
        },
        {
          "name": "쿠리마대교",
          "name_english": "Kurima Bridge",
          "type": "선셋 드라이브 코스",
          "confirmed_interest": "높음",
          "activity_type": "드라이브 + 전망",
          "destination": "쿠리마섬 → 내보상 (천국의 바다)",
          "romantic_element": "선셋 드라이브",
          "best_timing": "오후 늦은 시간"
        },
        {
          "name": "동평안명 (히가시헨나자키)",
          "name_english": "Higashihennazaki Cape",
          "type": "등대 + 파노라마 뷰",
          "confirmed_interest": "중간",
          "location": "미야코지마 동쪽 끝",
          "features": [
            "히가시헨나자키 등대",
            "360도 파노라마 바다 전망",
            "무료 주차"
          ],
          "activity_duration": "1-2시간"
        }
      ],
      "activity_optimization": {
        "day1_activities": [
          "파이나가마 비치 적응 (힐튼 근처)",
          "이라부대교 드라이브 + 포토타임"
        ],
        "day2_activities": [
          "17END 비행기구경 (론살드 → 17END 가까움)",
          "이라부대교 선셋 (프라이빗 리조트 복귀 전)"
        ],
        "day3_4_activities": [
          "쿠리마대교 → 내보상 탐방",
          "동평안명 등대 (날씨 좋은 날 선택)"
        ]
      },
      "couple_focus": {
        "romantic_priorities": [
          "이라부대교 선셋 (커플 필수코스)",
          "17END 특별 체험 (모나 관심사 우선)",
          "쿠리마대교 선셋 드라이브"
        ],
        "photo_strategy": "각 장소별 커플 포토존 확보",
        "surprise_elements": "17END 항공기 관람 (모나 서프라이즈)"
      },
      "verification_date": "2025-09-22",
      "source": "127_poi_integration_2025-09-22"
    },
    "sunscreen_recommendation": {
      "product_name": "STREAM2SEA",
      "reason": "친환경 + 산호초 보호",
      "spf_requirement": "SPF 50+ 권장",
      "application_frequency": "2시간마다 재도포",
      "water_activity_note": "방수 기능 확인 필요",
      "availability": "현지 구매 또는 한국 사전 준비",
      "verification_date": "2025-09-22",
      "source": "127_poi_integration_2025-09-22"
    }
  }
}