{
  "schema_version": "1.0",
  "last_updated": "2025-09-22",
  "local_specialties": {
    "okinawan_traditional": {
      "okinawa_soba": {
        "name": "오키나와 소바",
        "japanese": "沖縄そば",
        "description": "돼지뼈 육수 + 밀가루 면",
        "price_range": "500-800 JPY",
        "variations": {
          "miyako_soba": "580 JPY (~5,200원)",
          "soki_soba": "730 JPY (~6,600원) - 돼지갈비 토핑",
          "soba_set": "800 JPY (~7,200원) - 영양밥+모즈쿠+음료"
        },
        "free_condiment": "미야코지마 특산 아오모리 식초(고추식초)"
      },
      "goya_champuru": {
        "name": "고야 짬푸루",
        "japanese": "ゴーヤチャンプルー",
        "description": "여주 볶음 (현지 대표 요리)",
        "price_range": "600-900 JPY",
        "nutrition": "비타민 C 풍부"
      },
      "rafute": {
        "name": "라후테",
        "japanese": "ラフテー",
        "description": "돼지 삼겹살 조림",
        "taste": "달콤하고 부드러운 맛",
        "price_range": "800-1,200 JPY"
      }
    },
    "seafood": {
      "maguro": {
        "name": "마구로 (참치) 요리",
        "source": "미야코지마 연근해",
        "varieties": [
          "사시미",
          "돈까스"
        ],
        "price_range": "1,500-3,000 JPY"
      },
      "iseebi": {
        "name": "이세에비 (바닷가재)",
        "season": "9월-5월",
        "closed_season": "6-8월 (금어기)",
        "preparation": [
          "구이",
          "사시미"
        ],
        "price": "시가 (보통 2,000 JPY 이상)"
      }
    }
  },
  "restaurant_categories": {
    "ultra_budget": {
      "price_range": "500-1,000 JPY",
      "description": "초저가 맛집",
      "examples": [
        {
          "type": "미야코 소바 전문점들",
          "signature": "미야코 소바 580 JPY",
          "value_tip": "무료 고추식초 제공"
        }
      ]
    },
    "budget": {
      "price_range": "1,000-2,000 JPY",
      "description": "중저가 맛집",
      "examples": [
        {
          "name": "해인요리 카리유시",
          "specialty": "오마카세 선어세트",
          "price": "2,800 JPY",
          "note": "현지 어부 직영"
        },
        {
          "name": "카페 두 서던",
          "specialty": "로코모코 + 수제 스콘",
          "price": "1,400 JPY",
          "type": "브런치 전문"
        },
        {
          "name": "피자카페 썬더버드",
          "specialty": "석윤 마르게리타",
          "price": "1,400 JPY",
          "bonus": "크래프트 맥주"
        }
      ]
    },
    "premium": {
      "price_range": "2,000+ JPY",
      "description": "특별한 날 맛집",
      "examples": [
        {
          "type": "미야코규 전문점",
          "dish": "로스카츠",
          "price": "1,800 JPY"
        },
        {
          "name": "다그즈 그릴",
          "specialty": "미야코규 스테이크",
          "price": "10,000 JPY~"
        }
      ]
    }
  },
  "food_courts_markets": {
    "17end_area": {
      "type": "푸드트럭",
      "specialty": "타코라이스",
      "price": "800 JPY",
      "location": "17END 근처"
    },
    "hiryo_market": {
      "name": "평량시장",
      "type": "전통 시장",
      "offerings": [
        "점심",
        "기념품"
      ],
      "budget": "점심 1,500 JPY, 기념품 2,000 JPY"
    }
  },
  "dining_strategy": {
    "cost_saving": {
      "apartment_cooking": {
        "advantage": "주방 완비로 식비 절약",
        "shopping": "맥스밸류에서 신선 해산물 구매 가능",
        "savings": "50% 식비 절약 가능"
      },
      "breakfast_diy": {
        "location": "아파트호텔 주방",
        "cost": "500 JPY vs 1,500 JPY (외식)",
        "savings": "4,000 JPY (2일 조식)"
      }
    },
    "experience_dining": {
      "hotel_included": {
        "hilton": "조식/석식 포함",
        "value": "프리미엄 호텔 다이닝 경험"
      },
      "local_authentic": [
        "미야코 소바 전문점 (현지 문화)",
        "어부 직영 해인요리 (신선한 해산물)",
        "푸드트럭 (캐주얼 로컬)"
      ]
    }
  },
  "recommended_itinerary": {
    "day1": "힐튼 조식/석식 포함",
    "day2": {
      "lunch": "맥스밸류 쇼핑 + 간단 식사",
      "dinner": "리조트 또는 현지 레스토랑"
    },
    "day3": {
      "lunch": "이동 중 타코라이스 (800 JPY)",
      "dinner": "미야코 소바 전문점 (800 JPY)"
    },
    "day4": {
      "breakfast": "셀프 (500 JPY)",
      "lunch": "푸드트럭 (800 JPY)",
      "dinner": "해인요리 카리유시 (2,800 JPY)"
    },
    "day5": {
      "breakfast": "셀프 + 커피 (600 JPY)"
    }
  },
  "dietary_considerations": {
    "vegetarian": {
      "available": "고야 짬푸루, 야채 소바",
      "difficulty": "해산물 위주 지역이라 선택 제한적"
    },
    "halal": {
      "availability": "매우 제한적",
      "alternatives": "셀프 쿠킹 권장"
    },
    "allergies": {
      "seafood": "주의 필요 (대부분 요리에 해산물 사용)",
      "pork": "오키나와 요리 대부분 돼지고기 사용"
    }
  },
  "payment_info": {
    "cash_preferred": "소규모 식당은 현금만 받는 곳 多",
    "card_accepted": "호텔, 대형 레스토랑",
    "mobile_pay": "제한적"
  },
  "mona_recommendations": {
    "premium_dining": {
      "kawamitsu-shokudo": {
        "name": "카와미츠 식당",
        "japanese": "Kawamitsu Shokudo",
        "category": "미야코 소바",
        "address": "517-3 Kamiji, Miyakojima City, Okinawa Prefecture",
        "google_rating": 4.5,
        "review_count": 0,
        "place_id": "ChIJLVmkbQtV9DQRGbH084mVn-Q",
        "price_range": "중급",
        "opening_hours": "인스타그램 확인 필요"
      },
      "irabu-soba-kame": {
        "name": "이라부소바 카메",
        "japanese": "이라부소바 카메",
        "category": "국수",
        "address": "Nagahama-251 Irabu, Miyakojima, Okinawa 906-0506 일본",
        "google_rating": 4.3,
        "review_count": 0,
        "place_id": "ChIJbUN5oHys9TQReA9T5wqsNEU",
        "mona_comment": "로컬 할매맛집",
        "priority_score": 0.9,
        "price_range": "¥1~1,000",
        "opening_hours": "11:00-22:00"
      },
      "cafe-blue-turtle-farm-mango-cafe": {
        "name": "블루 터틀 팜 망고 카페",
        "japanese": "Blue Turtle Farm Mango Cafe",
        "category": "카페",
        "address": "Hirara, Miyakojima, Okinawa 906-0000, Japan",
        "google_rating": 4.7,
        "review_count": 0,
        "place_id": "ChIJWZa9-ShV9DQRGL6fq1gsht4",
        "price_range": "카페 가격",
        "opening_hours": "매일: 11:00-18:00"
      },
      "cafe-tropical-breeze-cafe": {
        "name": "FLOV 카페&바",
        "japanese": "FLOV Cafe&Bar",
        "category": "카페",
        "address": "Hirara, Miyakojima, Okinawa 906-0002, Japan",
        "google_rating": 5.0,
        "review_count": 0,
        "place_id": "ChIJy7X57ndT9DQRdC6skwjsOY4",
        "price_range": "카페 가격",
        "opening_hours": "매일: 09:00-20:00"
      },
      "cafe-sunset-view-cafe": {
        "name": "바다가 보이는 카페레스토랑 로코만제",
        "japanese": "海の見えるカフェレストラン ロコまんじぇ",
        "category": "카페",
        "address": "Hirara, Miyakojima, Okinawa 906-0003, Japan",
        "google_rating": 4.6,
        "review_count": 0,
        "place_id": "ChIJt3TGJWNT9DQRt3Ikp615jyI",
        "price_range": "카페 가격",
        "opening_hours": "매일: 15:00-21:00"
      },
      "cafe-miyako-sweets-paradise": {
        "name": "미야코 스위츠 베츠바라",
        "japanese": "宮古スイーツ ベツバーラ",
        "category": "카페",
        "address": "Hirara, Miyakojima, Okinawa 906-0004, Japan",
        "google_rating": 4.9,
        "review_count": 0,
        "place_id": "ChIJfVRrE4xX9DQR_2RDfZC3Y8E",
        "price_range": "카페 가격",
        "opening_hours": "매일: 10:00-18:00"
      },
      "1lab-harobake-cafe": {
        "name": "1 LAB Hello, VACAY! (할로바케)",
        "japanese": "1 LAB Hello, VACAY! (ハロバケ)",
        "category": "카페",
        "address": "Nakachi-96-2 Irabu, Miyakojima, Okinawa 906-0504, Japan",
        "google_rating": 4.8,
        "review_count": 50,
        "place_id": "ChIJw_cD1_-r9TQRQlq0n2l1p2o",
        "mona_comment": "트렌디하고 분위기 좋은 카페예요! 베이커리 아이템들도 맛있고 인테리어가 예뻐서 사진 찍기에도 좋습니다. 여유로운 오후 시간을 보내기에 완벽한 곳이에요.",
        "priority_score": 0.9,
        "price_range": "중급",
        "opening_hours": "매일: 11:00-17:00"
      },
      "mona_우미노삿치": {
        "name": "우미노삿치",
        "japanese": "海の幸",
        "category": "해산물",
        "address": "Shimozato-207-3 Hirara, Miyakojima, Okinawa 906-0013, Japan",
        "google_rating": 4.2,
        "review_count": 100,
        "place_id": "ChIJWQadoIlT9DQR_OeduRV9C1E",
        "mona_comment": "미야코 랍스타",
        "priority_score": 0.9,
        "price_range": "₩₩",
        "opening_hours": "영업시간 확인 필요"
      },
      "mona_lb_cafe": {
        "name": "LB CAFE",
        "japanese": "LB CAFE",
        "category": "카페",
        "address": "Nishizato-1886-1 Hirara, Miyakojima, Okinawa 906-0012, Japan",
        "google_rating": 4.5,
        "review_count": 100,
        "place_id": "ChIJOS1ZTrhW9DQRRXuQHDrTEO0",
        "mona_comment": "",
        "priority_score": 0.7,
        "price_range": "¥1~1,000",
        "opening_hours": "영업시간 확인 필요"
      },
      "mona_小さな幸せ_sakuri": {
        "name": "小さな幸せ Sakuri",
        "japanese": "小さな幸せ Sakuri",
        "category": "케이크전문점",
        "address": "Kugai-900-1 Hirara, Miyakojima, Okinawa 906-0015, Japan",
        "google_rating": 4.8,
        "review_count": 100,
        "place_id": "ChIJZzDQjWFV9DQRRWSjYWWyM-E",
        "mona_comment": "3시 문닫으면 자팡기로",
        "priority_score": 0.9,
        "price_range": "¥1~1,000",
        "opening_hours": "영업시간 확인 필요"
      },
      "mona_카마아게우동_미야모토": {
        "name": "카마아게우동 미야모토",
        "japanese": "釜あげうどん 宮もと",
        "category": "우동",
        "address": "Higashinakasone-282-1 Hirara, Miyakojima, Okinawa 906-0007, Japan",
        "google_rating": 4.5,
        "review_count": 100,
        "place_id": "ChIJXz8Bv6BT9DQRz9tWQTyYLEo",
        "mona_comment": "냉우동 소고기우동",
        "priority_score": 0.8,
        "price_range": "¥1~1,000",
        "opening_hours": "영업시간 확인 필요"
      },
      "mona_호쿠류우쇼텐_이코로": {
        "name": "호쿠류우쇼텐 이코로",
        "japanese": "北琉笑店 いころ",
        "category": "이자카야",
        "address": "Nishizato-146 Hirara, Miyakojima, Okinawa 906-0000, Japan",
        "google_rating": 4.2,
        "review_count": 100,
        "place_id": "ChIJIbUNarRT9DQRsl_nHhS9YEo",
        "mona_comment": "로컬 이자카야",
        "priority_score": 0.8,
        "price_range": "₩₩",
        "opening_hours": "영업시간 확인 필요"
      },
      "mona_호르몬야": {
        "name": "호르몬야",
        "japanese": "ホルモン家",
        "category": "곱창구이",
        "address": "Shimozato-338-11 Hirara, Miyakojima, Okinawa 906-0013, Japan",
        "google_rating": 4.5,
        "review_count": 100,
        "place_id": "ChIJgTWVcfVT9DQR2J6kJWwHQMg",
        "mona_comment": "예약해라",
        "priority_score": 0.9,
        "price_range": "중간",
        "opening_hours": "영업시간 확인 필요"
      },
      "mona_블루실_카페_미야코지마_파이나가마": {
        "name": "블루실 카페 미야코지마 파이나가마",
        "japanese": "Blue Seal Miyako Island Painagama Branch",
        "category": "아이스크림",
        "address": "Kugai-654-23 Hirara, Miyakojima, Okinawa 906-0015, Japan",
        "google_rating": 4.5,
        "review_count": 100,
        "place_id": "ChIJ92DsHMFV9DQRYU09WJSTkDs",
        "mona_comment": "",
        "priority_score": 0.7,
        "price_range": "₩₩",
        "opening_hours": "영업시간 확인 필요"
      },
      "mona_앗타카야": {
        "name": "앗타카야",
        "japanese": "Attakaya",
        "category": "일식당",
        "address": "Sugama-473-1 Shimoji, Miyakojima, Okinawa 906-0303, Japan",
        "google_rating": 4.4,
        "review_count": 100,
        "place_id": "ChIJ7eA7OCJV9DQRxNf9naEYMpg",
        "mona_comment": "가정식",
        "priority_score": 0.8,
        "price_range": "₩₩",
        "opening_hours": "영업시간 확인 필요"
      },
      "mona_리코_젤라또": {
        "name": "리코 젤라또",
        "japanese": "Ricco Gelato",
        "category": "아이스크림",
        "address": "Shimozato-550 Hirara, Miyakojima, Okinawa 906-0013, Japan",
        "google_rating": 4.3,
        "review_count": 100,
        "place_id": "ChIJ-ZO4JotT9DQRjyVRru_MxcM",
        "mona_comment": "",
        "priority_score": 0.7,
        "price_range": "₩₩",
        "opening_hours": "영업시간 확인 필요"
      },
      "mona_모자노팡야": {
        "name": "모자노팡야",
        "japanese": "Moja's Bakery",
        "category": "제과점",
        "address": "Higashinakasone-20番地 Hirara, Miyakojima, Okinawa 906-0000, Japan",
        "google_rating": 4.4,
        "review_count": 100,
        "place_id": "ChIJV5JZ2fJT9DQRcABFKtv291s",
        "mona_comment": "오픈런 열시",
        "priority_score": 0.8,
        "price_range": "¥1~1,000",
        "opening_hours": "영업시간 확인 필요"
      },
      "mona_yamburger_miyako": {
        "name": "Yamburger Miyako",
        "japanese": "Yamburger Miyako",
        "category": "햄버거",
        "address": "Kuninaka-128 Irabu, Miyakojima, Okinawa 906-0505, Japan",
        "google_rating": 4.7,
        "review_count": 100,
        "place_id": "ChIJUdZWweer9TQREX_Hnipu7Vc",
        "mona_comment": "",
        "priority_score": 0.9,
        "price_range": "¥1,000~2,000",
        "opening_hours": "영업시간 확인 필요"
      },
      "mona_ensemble_coffee_miyakoisland": {
        "name": "ensemble coffee miyakoisland",
        "japanese": "ensemble coffee miyakoisland",
        "category": "커피전문점",
        "address": "Japan, 〒906-0015 Okinawa, Miyakojima, Hirara, Kugai−1068-9 中山店舗 1-西",
        "google_rating": 4.4,
        "review_count": 100,
        "place_id": "ChIJe1gjVJlV9DQRJeURdGHp89U",
        "mona_comment": "",
        "priority_score": 0.7,
        "price_range": "¥1~1,000",
        "opening_hours": "영업시간 확인 필요"
      },
      "mona_이자카야_스쿠": {
        "name": "이자카야 스쿠",
        "japanese": "Suku",
        "category": "이자카야",
        "address": "Nishizato-147 Hirara, Miyakojima, Okinawa 906-0000, Japan",
        "google_rating": 4.5,
        "review_count": 100,
        "place_id": "ChIJNSQxYYtT9DQRk2QJSUu2d0k",
        "mona_comment": "",
        "priority_score": 0.8,
        "price_range": "¥4,000~5,000",
        "opening_hours": "영업시간 확인 필요"
      },
      "mona_와토와_미야코지마점": {
        "name": "와토와 미야코지마점",
        "japanese": "Watowa Miyakojima",
        "category": "이자카야",
        "address": "Shimozato-566-2 Hirara, Miyakojima, Okinawa 906-0013, Japan",
        "google_rating": 4.2,
        "review_count": 0,
        "place_id": "ChIJM2VOR4tT9DQRb0JqZT6Ku98",
        "mona_comment": "예약해야댄대",
        "priority_score": 0.8,
        "price_range": "₩₩",
        "opening_hours": "영업시간 확인 필요"
      },
      "mona_야키니쿠호루몬_갓쯔_미야코점": {
        "name": "야키니쿠호루몬 갓쯔 미야코점",
        "japanese": "焼肉ホルモンがっつ宮古島店",
        "category": "야키니쿠",
        "address": "Shimozato-760 Hirara, Miyakojima, Okinawa 906-0013, Japan",
        "google_rating": 4.4,
        "review_count": 100,
        "place_id": "ChIJWcLpp2tT9DQR4Mx8ZcCQQSg",
        "mona_comment": "",
        "priority_score": 0.8,
        "price_range": "¥3,000~4,000",
        "opening_hours": "영업시간 확인 필요"
      },
      "mona_mosesu_curry": {
        "name": "MOSESU CURRY",
        "japanese": "MOSESU CURRY",
        "category": "일본카레",
        "address": "Nishizato-538 Hirara, Miyakojima, Okinawa 906-0012, Japan",
        "google_rating": 4.5,
        "review_count": 100,
        "place_id": "ChIJcYJ1CSBT9DQRXa0PvR8sHVA",
        "mona_comment": "카레",
        "priority_score": 0.8,
        "price_range": "¥1,000~2,000",
        "opening_hours": "영업시간 확인 필요"
      },
      "mona_야키니쿠_나카오": {
        "name": "야키니쿠 나카오",
        "japanese": "Nakao",
        "category": "야키니쿠",
        "address": "Nishizato-244 Hirara, Miyakojima, Okinawa 906-0000, Japan",
        "google_rating": 4.4,
        "review_count": 100,
        "place_id": "ChIJm9DDrPRT9DQRFZqfjHQfv84",
        "mona_comment": "",
        "priority_score": 0.8,
        "price_range": "₩₩₩",
        "opening_hours": "영업시간 확인 필요"
      },
      "mona_레스토랑_퀴타운": {
        "name": "레스토랑 퀴타운",
        "japanese": "Restaurant Qui.Town",
        "category": "양식",
        "address": "Japan, 〒906-0013 Okinawa, Miyakojima, Hirara, Shimozato−1517-20 パームガーデン 1F号室",
        "google_rating": 4.9,
        "review_count": 100,
        "place_id": "ChIJN4cqcpBV9DQRWpH4QAp18yI",
        "mona_comment": "",
        "priority_score": 1.0,
        "price_range": "¥2,000~3,000",
        "opening_hours": "영업시간 확인 필요"
      },
      "mona_오코노미야끼_사리쨩": {
        "name": "오코노미야끼 사리쨩",
        "japanese": "お好み焼きさりちゃん",
        "category": "오코노미야끼",
        "address": "Nishizato-57-9 Hirara, Miyakojima, Okinawa 906-0012, Japan",
        "google_rating": 4.7,
        "review_count": 100,
        "place_id": "ChIJBV2P0UJT9DQRFmKZwAilWX0",
        "mona_comment": "",
        "priority_score": 0.9,
        "price_range": "¥1,000~2,000",
        "opening_hours": "영업시간 확인 필요"
      },
      "mona_섬두부_봄할머니_식당": {
        "name": "섬두부 봄할머니 식당",
        "japanese": "島とうふ 春おばぁ食堂",
        "category": "일식당",
        "address": "Japan, 〒906-0013 Okinawa, Miyakojima, Hirara, Shimozato ３１０７-140",
        "google_rating": 4.1,
        "review_count": 100,
        "place_id": "ChIJ4VvycLpW9DQRUsVCKmpRTLY",
        "mona_comment": "고기국수",
        "priority_score": 0.8,
        "price_range": "¥1,000~2,000",
        "opening_hours": "영업시간 확인 필요"
      }
    },
    "local_favorites": {
      "mayuroshi-shokudo": {
        "name": "마루요시 식당",
        "japanese": "Maruyoshi Shokudo",
        "category": "일본요리",
        "address": "Hirara, Miyakojima, Okinawa 906-0000, Japan",
        "google_rating": 4.2,
        "review_count": 0,
        "place_id": "ChIJVzDy0a1X9DQRE0oDzDWPGRQ",
        "price_range": "중급",
        "opening_hours": "매일: 11:00-15:00"
      },
      "tinin-restaurant": {
        "name": "티닌 레스토랑",
        "japanese": "TIN'IN",
        "category": "일본요리",
        "address": "Hirara, Miyakojima, Okinawa 906-0000, Japan",
        "google_rating": 3.9,
        "review_count": 0,
        "place_id": "ChIJOxcvOvar9TQRgbCQibQTnAw",
        "price_range": "중상급",
        "opening_hours": "저녁 운영"
      },
      "hirochan-shokudo": {
        "name": "히로찬 식당",
        "japanese": "Hirochan Shokudo",
        "category": "일본요리",
        "address": "Hirara, Miyakojima, Okinawa 906-0000, Japan",
        "google_rating": 4.4,
        "review_count": 0,
        "place_id": "ChIJqUU-dABT9DQR2kKiqhgj_T8",
        "price_range": "중급",
        "opening_hours": "매일: 11:00-22:00"
      },
      "goya-restaurant": {
        "name": "고야 레스토랑",
        "japanese": "Goya",
        "category": "일본요리",
        "address": "Hirara, Miyakojima, Okinawa 906-0000, Japan",
        "google_rating": 4.2,
        "review_count": 0,
        "place_id": "ChIJt9LGVfRT9DQRbRcnrx88yYk",
        "price_range": "중급",
        "opening_hours": "매일: 11:00-21:00"
      },
      "miyako-beef-teppanyaki-yukishio-steak": {
        "name": "미야코 쇠고기 철판구이 유키시오 스테이크",
        "japanese": "宮古牛 鉄板焼 ユキシオステーキ",
        "category": "스테이크",
        "address": "Kugai-654番地12 Hirara, Miyakojima, Okinawa 906-0015, Japan",
        "google_rating": 4.2,
        "review_count": 80,
        "place_id": "ChIJ5zoEtkRV9DQRImNpp9o_W84",
        "price_range": "고급 (¥8,000+)",
        "opening_hours": "저녁 운영"
      }
    },
    "udon_and_noodles": {
      "koja-sobaya": {
        "name": "코자 소바야",
        "japanese": "Koja Sobaya",
        "category": "일본요리",
        "address": "Hirara, Miyakojima, Okinawa 906-0000, Japan",
        "google_rating": 4.1,
        "review_count": 0,
        "place_id": "ChIJPfwuug1U9DQRxqasTBxUZkQ",
        "price_range": "¥850",
        "opening_hours": "매일: 11:00-15:00"
      }
    },
    "cafes_and_sweets": {
      "shimanoeki-miyako": {
        "name": "시마노에키 미야코",
        "japanese": "Shimanoeki Miyako",
        "category": "특산품 마켓",
        "address": "Hirara, Miyakojima, Okinawa 906-0000, Japan",
        "google_rating": 4.0,
        "review_count": 0,
        "place_id": "ChIJBedbNXJU9DQRtQXKX09HOPw",
        "price_range": "저렴",
        "opening_hours": "매일: 08:00-18:00"
      },
      "cafe-miyako-island-coffee": {
        "name": "하사바 커피",
        "japanese": "HASABA COFFEE",
        "category": "카페",
        "address": "Hirara, Miyakojima, Okinawa 906-0001, Japan",
        "google_rating": 4.4,
        "review_count": 0,
        "place_id": "ChIJe1gjVJlV9DQRJeURdGHp89U",
        "price_range": "카페 가격",
        "opening_hours": "매일: 07:00-19:00"
      }
    },
    "casual_dining": {
      "harry-shrimp-truck": {
        "name": "해리스 쉬림프 트럭",
        "japanese": "HARRY'S Shrimp Truck",
        "category": "푸드트럭",
        "address": "358-1 Hirara Karimata, Miyakojima City, Okinawa Prefecture",
        "google_rating": 4.3,
        "review_count": 0,
        "place_id": "ChIJS0PU6I5N9DQRrhjueIzkdm8",
        "price_range": "중급",
        "opening_hours": "매일: 11:00-17:00 (태풍 시 휴무)"
      },
      "ducks-burger": {
        "name": "더그스 버거",
        "japanese": "Doug's Burger",
        "category": "햄버거",
        "address": "Shimozato-1153-3-101 Hirara, Miyakojima, Okinawa 906-0013, Japan",
        "google_rating": 4.0,
        "review_count": 200,
        "place_id": "ChIJi3AVgglU9DQRGIi_VHFKurA",
        "mona_comment": "현지인들이 사랑하는 숨은 맛집이에요! 가격도 합리적이고 햄버거가 정말 맛있어요. 관광지 음식에 지쳤을 때 방문하기 좋은 곳입니다.",
        "priority_score": 0.85,
        "price_range": "중급",
        "opening_hours": "매일: 11:00-20:00"
      }
    },
    "integration_info": {
      "total_locations": 37,
      "source": "miyakojima_pois_google_verified_2025-09-22",
      "integration_date": "2025-09-22",
      "categories_covered": [
        "premium_dining",
        "local_favorites",
        "udon_and_noodles",
        "cafes_and_sweets",
        "casual_dining"
      ],
      "google_verified_count": 37
    }
  },
  "extensions": {
    "blog_verified_restaurants": {
      "reservation_required": {
        "horumon_ya": {
          "name": "호르몬가",
          "note": "예약 필수",
          "warning": "5종 모듬은 너무 기름짐",
          "recommended": [
            "우설",
            "고기기름 우동"
          ]
        },
        "shabu_tei_iguchi": {
          "name": "しゃぶ邸 井口 民謡 三線ライブ",
          "note": "예약 필수",
          "highlight": "라이브 공연 훌륭함",
          "recommended": "샤브샤브"
        }
      },
      "timing_warnings": {
        "sarichan_okonomiyaki": {
          "name": "오코노미야키 사리짱",
          "warning": "일찍 닫을 수 있음",
          "recommendation": "점심 방문 또는 예약 추천",
          "highlights": [
            "히로시마풍 오코노미야키",
            "야끼우동"
          ]
        }
      },
      "negative_feedback": {
        "kawamitsu_shokudo": {
          "name": "카와미츠 식당",
          "warning": "미야코 소바 외 메뉴는 너무 짜고 달았음",
          "recommended": "미야코 소바만"
        },
        "kitchen_mihorin": {
          "name": "Kitchen Mihorin",
          "note": "양이 매우 많음",
          "recommended": [
            "돈까스",
            "카레"
          ]
        },
        "harrys_shrimp_truck": {
          "name": "HARRY'S Shrimp Truck",
          "warning": "시그니처 갈릭 쉬림프는 평범",
          "recommended": "감자튀김"
        }
      }
    }
  }
}