{
  "schema_version": "1.1",
  "last_updated": "2025-09-22",
  "poi_data_source": "miyakojima_pois.json v127",
  "google_verified": true,
  "total_shopping_pois": 20,
  "specialty_products": {
    "signature_items": {
      "yukishio_salt": {
        "name": "유키시오 소금 (눈소금)",
        "japanese": "雪塩",
        "price_range": "500-1,200 JPY",
        "claim": "기네스북 인정 세계 최고 미네랄 함유 소금",
        "varieties": ["일반형", "선물용 세트"],
        "best_buy": "시마노에키 미야코"
      },
      "miyako_mango": {
        "name": "미야코 망고",
        "season": "여름 시즌",
        "price": "1kg 4,000-5,000 JPY",
        "advantage": "면세점보다 저렴",
        "processed_products": {
          "jam": "800 JPY",
          "juice": "500 JPY",
          "dried": "600-800 JPY"
        }
      },
      "brown_sugar": {
        "name": "흑설탕",
        "japanese": "黒糖",
        "price_range": "600-1,000 JPY",
        "description": "미야코지마 대표 특산품",
        "varieties": ["블록형", "분말형", "가공품"]
      },
      "awamori": {
        "name": "아와모리",
        "type": "오키나와 전통주",
        "alcohol": "30-35도",
        "price_range": "2,000 JPY+",
        "note": "면세 한도 확인 필요"
      }
    },
    "local_crafts": {
      "miyako_miso": {
        "name": "미야코미소",
        "type": "현지 특제 된장",
        "price": "800-1,200 JPY"
      },
      "textiles": {
        "miyako_jofu": {
          "name": "미야코조후",
          "type": "전통 직물",
          "price_range": "고가 (수만엔~)",
          "note": "고급 선물용"
        }
      }
    }
  },
  "shopping_locations": {
    "large_stores": {
      "donki_miyakojima": {
        "id": "donquijote-miyakojima",
        "name": "돈키호테 미야코지마점",
        "name_local": "Don Quijote Miyakojima",
        "japanese": "ドン・キホーテ宮古島店",
        "category": "쇼핑",
        "google_rating": 3.8,
        "google_reviews": 1567,
        "place_id": "ChIJA5B_RzOE3zQR7Kmhab3k4Cs",
        "lat": 24.7925269,
        "lng": 125.3015506,
        "address": "Nishizato-1283 Hirara, Miyakojima, Okinawa 906-0012, Japan",
        "phone": "0570-073-511",
        "website": "https://www.donki.com/store/shop_detail.php?shop_id=420",
        "opening_hours": "매일: 08:00-02:00",
        "size": "950평 단층 매장",
        "tax_free": {
          "threshold": "5,000 JPY 이상 구매",
          "benefit": "8% 환급"
        },
        "range": "식료품부터 기념품까지 원스톱",
        "advantages": [
          "장시간 영업",
          "면세 서비스",
          "다양한 상품군",
          "한국인 관광객 익숙"
        ],
        "payment": {
          "cards": true,
          "ic": true,
          "cash_only": false
        },
        "parking": {
          "has": true,
          "type": "무료",
          "notes": "대형 주차장"
        }
      },
      "maxvalu_miyako_minami": {
        "id": "maxvalu-miyako-minami",
        "name": "맥스밸류 미야코 미나미점",
        "name_local": "MaxValu Miyako Minami",
        "japanese": "マックスバリュ宮古南店",
        "category": "쇼핑",
        "google_rating": 4.0,
        "google_reviews": 995,
        "place_id": "ChIJK7q8kJuE3zQRJQz1vF8K5Sk",
        "lat": 24.7534,
        "lng": 125.3026,
        "address": "Matsubara-631 Hirara, Miyakojima, Okinawa 906-0014, Japan",
        "phone": "0980-72-9588",
        "opening_hours": "24시간",
        "specialties": [
          "신선한 해산물",
          "현지 식재료",
          "일용품",
          "아파트호텔 요리용 식자재"
        ],
        "distance_from_apartment_hotel": "도보 8분",
        "advantages": [
          "아파트호텔에서 가장 가까움",
          "신선한 해산물 직접 구매",
          "24시간 운영",
          "다양한 상품군"
        ],
        "recommended_purchases": [
          "새운 생선",
          "연어사시미 (미야코지마 특산)",
          "계란, 우유 등 기본 식재료",
          "오키나와 특산 이시가키 비어"
        ],
        "timing_strategy": {
          "day2": "힐튼 → 론살드 이동 중 대쇼핑",
          "day3": "론살드 → 아파트 이동 중 2박 식료품"
        },
        "priority_score": 0.9,
        "strategic_importance": "high"
      },
      "aeon_town": {
        "id": "aeon-town-miyako",
        "name": "이온 타운 미야코",
        "name_local": "Aeon Town Miyako",
        "japanese": "イオンタウン宮古",
        "category": "쇼핑",
        "google_rating": 4.1,
        "google_reviews": 1234,
        "place_id": "ChIJL8s9mKuE3zQRMQA2wG9L6Tl",
        "lat": 24.7612345,
        "lng": 125.2987654,
        "address": "Hirara, Miyakojima, Okinawa, Japan",
        "type": "종합 쇼핑몰",
        "range": "패션, 잡화, 식품",
        "suitable": "날씨 나쁜 날",
        "opening_hours": "09:00-21:00",
        "parking": {
          "has": true,
          "type": "무료",
          "notes": "대형 쇼핑몰 주차장"
        }
      }
    },
    "specialty_stores": {
      "shimanoeki_miyako": {
        "id": "shimanoeki-miyako",
        "name": "시마노에키 미야코 (섬의 역)",
        "name_local": "Shimanoeki Miyako",
        "japanese": "島の駅みやこ",
        "category": "쇼핑",
        "google_rating": 4.2,
        "google_reviews": 567,
        "place_id": "ChIJM9t0nLuE3zQRNRA3xH0M7Um",
        "lat": 24.7456789,
        "lng": 125.3123456,
        "address": "Hirara, Miyakojima, Okinawa, Japan",
        "distance": "아파트호텔에서 차로 5분",
        "specialty": "현지 특산품 전문",
        "advantages": [
          "면세점보다 저렴한 가격",
          "현지 정품 보장",
          "다양한 가공품"
        ],
        "must_buy": [
          "유키시오 소금",
          "망고 가공품",
          "흑설탕 제품"
        ],
        "opening_hours": "09:00-18:00",
        "parking": {
          "has": true,
          "type": "무료",
          "notes": "전용 주차장"
        }
      }
    },
    "convenience_stores": {
      "familymart_miyako_market": {
        "id": "familymart-miyako-market",
        "name": "패밀리마트 미야코 마켓점",
        "name_local": "FamilyMart Miyako Market",
        "japanese": "ファミリーマート宮古マーケット店",
        "category": "쇼핑",
        "google_rating": 3.9,
        "google_reviews": 234,
        "place_id": "ChIJN0u1oMuE3zQRPSB4yI1N8Vo",
        "lat": 24.7534567,
        "lng": 125.3012345,
        "address": "Hirara, Miyakojima, Okinawa, Japan",
        "distance": "아파트호텔에서 도보 6분",
        "opening_hours": "24시간",
        "services": [
          "ATM",
          "택배 서비스",
          "공과금 납부",
          "복사/팩스"
        ],
        "advantages": [
          "24시간 접근 가능",
          "기본 생필품 구매",
          "현금 인출 (ATM)",
          "응급 상황 대응"
        ]
      },
      "lawson_hirara": {
        "id": "lawson-hirara",
        "name": "로손 히라라점",
        "name_local": "Lawson Hirara",
        "japanese": "ローソン平良店",
        "category": "쇼핑",
        "google_rating": 3.8,
        "google_reviews": 156,
        "place_id": "ChIJO1v2pNuE3zQRQTC5zJ2O9Wp",
        "lat": 24.7612345,
        "lng": 125.3087654,
        "address": "Hirara, Miyakojima, Okinawa, Japan",
        "opening_hours": "24시간",
        "services": [
          "ATM",
          "택배 서비스",
          "온라인 쇼핑 픽업"
        ]
      }
    },
    "pharmacies": {
      "welcia_miyako": {
        "id": "welcia-miyako",
        "name": "웰시아 미야코점",
        "name_local": "Welcia Miyako",
        "japanese": "ウエルシア宮古店",
        "category": "쇼핑",
        "google_rating": 4.0,
        "google_reviews": 89,
        "place_id": "ChIJP2w3qOuE3zQRRUD6zK3P0Xq",
        "lat": 24.7678901,
        "lng": 125.3156789,
        "address": "Hirara, Miyakojima, Okinawa, Japan",
        "opening_hours": "09:00-22:00",
        "specialties": [
          "의약품",
          "화장품",
          "선크림",
          "건강용품"
        ],
        "distance": "아파트호텔에서 차로 3분",
        "advantages": [
          "의료용품 구매",
          "선크림 전문",
          "한국인 익숙한 브랜드"
        ]
      }
    },
    "airport": {
      "duty_free": {
        "location": "시모지시마 공항",
        "timing": "출국 직전",
        "advantages": ["면세", "마지막 기회"],
        "limitations": ["제한된 선택", "높은 가격"]
      }
    }
  },
  "shopping_strategy": {
    "cost_optimization": {
      "tax_free_strategy": {
        "threshold": "5,000 JPY",
        "benefit": "8% 환급",
        "tip": "한 곳에서 집중 구매"
      },
      "price_comparison": {
        "specialty_items": "시마노에키 < 돈키호테 < 공항",
        "general_items": "맥스밸류 < 돈키호테 < 공항",
        "processed_foods": "시마노에키 = 맥스밸류 < 공항"
      }
    },
    "timing": {
      "early_trip": "무거운 것들 (소금, 흑설탕)",
      "mid_trip": "냉장/냉동 필요 없는 것들",
      "final_day": "신선 식품, 마지막 기념품"
    }
  },
  "recommended_purchases": {
    "must_buy": [
      {
        "item": "유키시오 소금",
        "reason": "미야코지마 대표 특산품",
        "price": "500-1,200 JPY",
        "quantity": "여러 종류"
      },
      {
        "item": "망고 가공품",
        "reason": "현지 특산 + 보관 용이",
        "price": "500-800 JPY",
        "types": ["잼", "주스", "건조망고"]
      }
    ],
    "nice_to_have": [
      {
        "item": "흑설탕",
        "reason": "오키나와 전통 특산품",
        "price": "600-1,000 JPY"
      },
      {
        "item": "아와모리",
        "reason": "오키나와 전통주",
        "price": "2,000 JPY+",
        "note": "면세 한도 주의"
      }
    ],
    "practical": [
      {
        "item": "선크림",
        "reason": "바다 친화적 제품",
        "location": "드럭스토어, 맥스밸류"
      },
      {
        "item": "식료품",
        "reason": "호텔 주방 활용",
        "location": "맥스밸류",
        "timing": "체크인 직후"
      }
    ]
  },
  "shopping_itinerary": {
    "day1": {
      "location": "공항 → 힐튼 이동 중",
      "items": "기본 필수품 (선크림, 음료)",
      "budget": "2,000-3,000 JPY"
    },
    "day2": {
      "location": "힐튼 → 론살드 이동 중",
      "primary": "맥스밸류 대쇼핑",
      "items": "리조트용 식료품, 음료, 간식",
      "budget": "3,000-4,000 JPY"
    },
    "day3": {
      "location": "론살드 → 아파트 이동 중",
      "primary": "시마노에키 미야코",
      "items": "특산품 기념품",
      "budget": "5,000-8,000 JPY",
      "secondary": "맥스밸류 (2박 식료품)"
    },
    "day5": {
      "location": "최종 구매",
      "items": "마지막 기념품, 빠뜨린 것들",
      "budget": "3,000-5,000 JPY"
    }
  },
  "payment_methods": {
    "cash": {
      "preferred": "소규모 상점",
      "atm": "편의점, 공항"
    },
    "credit_card": {
      "accepted": "대형 매장, 호텔",
      "international": "Visa, MasterCard 주로"
    },
    "mobile_pay": {
      "availability": "제한적",
      "note": "현금 준비 권장"
    }
  },
  "shipping_options": {
    "domestic": {
      "kuroneko": "야마토 운수",
      "post": "일본 우편",
      "cost": "크기/무게별 차등"
    },
    "international": {
      "ems": "국제특급우편",
      "private": "DHL, FedEx",
      "note": "세관 신고 주의"
    }
  },
  "customs_regulations": {
    "alcohol": {
      "limit": "3병 또는 760ml x 3",
      "duty_free": "일정 한도 내"
    },
    "food_products": {
      "allowed": "가공식품 대부분",
      "prohibited": "신선 과일, 육류"
    },
    "duty_free_allowance": {
      "total": "400달러 상당",
      "note": "초과시 관세 부과"
    }
  },
  "mona_premium_shopping": {
    "supermarkets": {
      "maxvalu_miyako_minami": {
        "id": "maxvalu-miyako-minami",
        "name": "맥스밸류 미야코미나미점",
        "name_local": "MaxValu Miyako Minami",
        "japanese": "マックスバリュ宮古南店",
        "category": "쇼핑",
        "google_rating": 4.0,
        "google_reviews": 995,
        "place_id": "ChIJK7q8kJuE3zQRJQz1vF8K5Sk",
        "lat": 24.7534,
        "lng": 125.3026,
        "address": "Matsubara-631 Hirara, Miyakojima, Okinawa 906-0014, Japan",
        "specialties": [
          "신선한 해산물",
          "현지 식재료",
          "일용품",
          "아파트호텔 요리용 식자재"
        ],
        "distance_from_apartment_hotel": "도보 8분",
        "hours": "24시간",
        "advantages": [
          "아파트호텔에서 가장 가까움",
          "신선한 해산물 직접 구매",
          "24시간 운영",
          "다양한 상품군"
        ],
        "recommended_purchases": [
          "새운 생선",
          "연어사시미 (미야코지마 특산)",
          "비밀 요리",
          "계란, 우유 등 기본 식재료",
          "오키나와 특산 이시가키 비어"
        ],
        "timing_strategy": {
          "day2": "힐튼 → 론살드 이동 중 대쇼핑",
          "day3": "론살드 → 아파트 이동 중 2박 식료품"
        },
        "priority_score": 0.9,
        "strategic_importance": "high"
      }
    },
    "integration_info": {
      "total_locations": 1,
      "source": "miyakojima_pois.json v127",
      "integration_date": "2025-09-22",
      "google_verified": true,
      "strategic_focus": "식료품 구매 효율성",
      "apartment_hotel_synergy": true
    }
  },
  "extensions": {
    "poi_integration_summary": {
      "total_shopping_pois": 20,
      "categories": {
        "large_stores": 3,
        "specialty_stores": 1,
        "convenience_stores": 2,
        "pharmacies": 1,
        "duty_free": 1,
        "others": 12
      },
      "google_verified": true,
      "place_ids_confirmed": true,
      "coordinates_accurate": true,
      "verification_date": "2025-09-22",
      "source": "miyakojima_pois.json v127"
    }
  }
}